Cluster,Name,ELO
2,4empechement,2522.0
6,AFRUZA Khamdamova,2682.0
5,Aadit Bhatia,2528.0
6,Aaditya Dhingra,2694.0
5,Aakaash Meduri,2519.0
2,Aakash G,2675.0
5,Aansh Nandan Nerurkar,2647.0
2,Aaradhya Das,2479.0
5,Aarav Dengla,2871.0
7,Aarav Sinha,2602.0
5,Aaravamudhan Balaji,2689.0
5,Aarit Kapil,2731.0
5,Aaron Bendayan Claros,2583.0
2,Aaron Cooper,2287.0
4,Aaron Jacobson,3062.0
5,Aaron Matthes,2516.0
5,Aaron Mendes,2804.0
2,Abdimalik Abdisalimov,2783.0
7,Abdulla Gadimbayli,2831.0
7,Abhimanyu Puranik,2989.0
5,Abigail Zhou,2282.0
3,Abtin Atakhan,2923.0
5,Adam Collins,2540.0
3,Adam Gibała,2731.0
5,Adam Kozak,3045.0
7,Adam Kujawski,2406.0
5,Adam Mekhane,2531.0
5,Adani Clarke,2267.0
7,Adar TARHAN,2828.0
5,Adham Fawzy,2973.0
5,Adham_Hossam2011,2327.0
5,Adi Menahem,2523.0
1,Aditya Mittal,3004.0
5,Aditya S Samant,2908.0
5,Aditya Varun Gampa,2687.0
5,Adnan Sitnic,2392.0
5,Adrian Antonio Garcia Garcia,2531.0
5,Adrian Gschnitzer,2540.0
5,Adrian Martinez Fernandez,2586.0
5,Adrian Suarez Uriel,2487.0
1,Adán Rios Escobar,2371.0
1,Aghasiyev Kamal,2646.0
2,Agustin Ambrogi,2545.0
2,Agustin Fuentes,2298.0
6,Ahmad Ahmadzada,2961.0
5,Ahmad Al khatib,2726.0
6,Ahmed Kandil,2718.0
5,Ahn Hongjin,2750.0
5,Aiaru Altynbek,2555.0
5,Airat Sadubayev,2715.0
5,Aisen Mestnikov,2378.0
5,Ajay Karthikeyan,2806.0
2,Akeem Brown,2422.0
2,Akhmedov_David,2777.0
5,Aksel Bu Kvaloy,2924.0
4,Akshay Borgaonkar,2833.0
2,Akylbek2021,2503.0
2,Al-Saffar Araz Basim,2564.0
2,Alain Fayard,2309.0
5,Alain Otero Marino,2645.0
5,Alain Prieto Aranguren,2266.0
2,Alan Morris-Suzuki,2694.0
3,Alan Pichot,3007.0
5,Alba De Lomas Busquets,2356.0
2,Alban alban1987@hotmail.com,2110.0
5,Albert Fishman,2304.0
1,Alberto Barp,2711.0
5,Alberto Fabris,2251.0
5,Alberto Guzman Moneo,2347.0
5,Alberto Martin Fuentes,2786.0
5,Alberto Santos Flores,2550.0
2,Aleexeey Sueetin,2458.0
2,Alejandro Castellanos Gómez,2525.0
2,Alejandro Castellanos Villela,2802.0
7,Alejandro Cosoi Scherzer,2084.0
2,Alejandro Cuellar Montes,2562.0
3,Alejandro Domingo Nunez,2632.0
1,Alejandro Garcia Garcia,2624.0
2,Alejandro González Vega,2341.0
2,Alejandro Pacheco,2577.0
5,Alejandro Uzcategui Rodriguez,2527.0
5,Alekhine Nouri,2832.0
6,Aleksa Micic,2380.0
1,Aleksa Petrovic,2732.0
2,Aleksandar Indjic,2998.0
2,Aleksandar Topalov,2382.0
2,Aleksander Hnydiuk,2529.0
5,Aleksander Kumala,2553.0
2,Aleksandr Devaev,2547.0
5,Aleksandr Domalchuk-Jonasson,2817.0
2,Aleksandr Ivanov,2339.0
5,Aleksandr Lenderman,2913.0
5,Aleksandr Rakhmanov,2912.0
4,Aleksandr Shimanov,3053.0
5,Aleksandr Usov,2966.0
2,Aleksandra Goryachkina,2720.0
5,Aleksandra Lach,2489.0
2,Aleksandra Maltsevskaya,2797.0
2,Aleksandra Tarnowska,2157.0
1,Aleksandras Jegorovas,2603.0
2,Aleksei Belov,2678.0
5,Aleksei Pridorozhni,2866.0
1,Aleksei Sarana,3204.0
5,Aleksey Sorokin,2923.0
5,Alen Yeremyan,2868.0
2,Alena Nikulina,2206.0
2,Alessandro Manzone,2800.0
5,Alessio Boraso,2512.0
2,Alex Arias Igual,2320.0
4,Alex Bullen,2299.0
5,Alex Fier,2822.0
5,Alex Fishbein,2713.0
7,Alex Garrido Outon,2598.0
5,Alex Goldin,2654.0
3,Alex Jian,2361.0
5,Alex King,2639.0
7,Alex Krstulovic,2646.0
7,Alex Ostrovskiy,2808.0
7,Alex Sahakyan,2721.0
5,Alex Truskavetsky,2752.0
5,Alex Villa Tornero,2615.0
2,Alex Wang,2110.0
2,Alexander A. Chernov,2363.0
2,Alexander Alexikov,2279.0
5,Alexander Donchenko,2919.0
7,Alexander Fikiet,2492.0
2,Alexander Gelman,2763.0
1,Alexander Grischuk,3134.0
5,Alexander Herbrig,2577.0
2,Alexander Hernandez Jimenez,2205.0
5,Alexander Jasinski,2521.0
7,Alexander Katz,2723.0
5,Alexander Khlebovich,2906.0
2,Alexander Khripachenko,2992.0
3,Alexander Mikhnenko,2637.0
5,Alexander Moskalenko,2911.0
5,Alexander Reprintsev,2641.0
5,Alexander Rustemov,2973.0
5,Alexander Spichkin,2413.0
1,Alexander Suvorov,2572.0
6,Alexander Timerkhanov,2786.0
2,Alexander Velikanov,2806.0
5,Alexander Zlatin,2562.0
1,Alexander Zubov,3018.0
6,Alexandr A Smirnov,2634.0
5,Alexandr Kostiukov,2321.0
5,Alexandr Provotorov,2493.0
5,Alexandr Triapishko,2846.0
7,Alexandra Afanasieva,2603.0
5,Alexandra Kosteniuk,2828.0
1,Alexandra Obolentseva,2747.0
2,Alexandra Prado,1791.0
2,Alexandra Samaganova,2376.0
5,Alexandra Shvedova,2536.0
1,Alexandra Zherebtsova,2502.0
7,Alexandre Bouget,2452.0
5,Alexandre Qashashvili,2246.0
5,Alexandros Papasimakopoulos,2845.0
2,Alexandru Calin,2515.0
6,Alexandru-Bogdan Banzea,2596.0
5,Alexei Gubajdullin,2797.0
2,Alexei Kornev,2828.0
5,Alexei Saveliev,2811.0
7,Alexei Shirov,2955.0
2,Alexey Chos,2572.0
1,Alexey Dreev,2812.0
2,Alexey Evdokimov,2671.0
5,Alexey Jarovinsky,2901.0
2,Alexey Kislinsky,2687.0
1,Alexey Kolmagorov,2536.0
2,Alexey Kornyukov,2275.0
1,Alexey Kovalchuk,2674.0
2,Alexey Reshetnikov,2911.0
2,Alexey Slavin,2392.0
5,Alexey Streltsov,2737.0
2,Alexey Zhuravlev,2600.0
2,Alfeu Junior Varela Bueno,2432.0
5,Alfie Onslow,2377.0
1,Alfonso Llorente Zaro,2885.0
2,Alfredo Cecilio Miserendino,2219.0
2,Algol Jorajuria,2393.0
6,Ali Elier,2596.0
4,Ali Farahat,2616.0
2,Ali Mortazavi,2540.0
5,Ali Rastbod,2931.0
5,Alicja Sliwicka,2642.0
5,Alikhan Daulet,2709.0
5,Alikhan Khazhatuly,2718.0
2,Alikhon Avazkhonov,2574.0
2,Alina Kashlinskaya,2610.0
2,Alina Semenova,2590.0
3,Alireza Firouzja,3212.0
5,Alisa Genrietta Yunker,2473.0
2,Aljoscha Feuerstack,2778.0
2,Alkhoori Eisa Mohmood,2607.0
5,Allahverdi Hamidov,2817.0
2,Alma Jaqueline Mora Velasco,2429.0
2,Almas Rakhmatullaev,3047.0
1,Alon Mindlin,2903.0
2,Alopekos,2344.0
2,Altay Eynullayev,2494.0
2,Alua Nurman,2703.0
1,Alvar Alonso Rosell,2899.0
2,Alvaro Alves De Almeida Junior,2328.0
1,Alvaro Bayo,2369.0
2,Alvaro Blanco Fernandez,2320.0
2,Alvaro Donatti,2205.0
2,Alvaro Rodriguez,2503.0
3,Aman Hambleton,2960.0
5,Amani Alazmi,2208.0
2,Ameet Ghasi,2716.0
2,Amelia Hernandez,2230.0
6,Amgalantengis Enkh-Amgalan,2428.0
5,Amin Tabatabaei,3074.0
2,Amina Kairbekova,2432.0
7,Amir Ali Ghafourian,2708.0
6,Amir hosein Kashefi,2588.0
2,Ana Kuchava,2304.0
5,Anastasia Avramidou,2725.0
5,Anastasia Bodnaruk,2704.0
5,Anastasia Travkina,2321.0
7,Anastasiia Hnatyshyn,2494.0
5,Anastasios Mihailidis,2520.0
5,Anastassia Sinitsina,2399.0
2,Anatole Vlachos,2708.0
2,Anatoliy Emeliantsev,2371.0
1,Anatoliy Shapkin,2755.0
2,Anatoly Bykhovsky,2677.0
2,Anatoly Donskov,2510.0
5,Anatoly Krutko,2464.0
2,Anatoly Moskvin,2706.0
1,Anderson Esmeraldas,2604.0
5,Andre Bold,2578.0
5,Andre Kunz,2222.0
7,Andre Mendez Machado,2300.0
2,Andreas Brenke,2378.0
2,Andreas Mende,2206.0
5,Andreas Skotheim,2640.0
5,Andrei Belozerov,2838.0
1,Andrei Ioan Trifan,2714.0
5,Andrei Macovei,2752.0
5,Andrei Negrean,2702.0
1,Andrei Olhovik,2633.0
7,Andrei Purygin,2429.0
1,Andrei Shishkov,2498.0
5,Andrei Skvortsov,2904.0
2,Andrei-Mihai Bonte,2399.0
5,Andrej,2659.0
2,Andres Carrasco Miranda,2476.0
2,Andres Ferriz Barrios,2505.0
2,Andrew Green,2313.0
5,Andrew Hong,2977.0
5,Andrew Jing,2586.0
1,Andrew Tang,3106.0
5,Andrew Titus,2664.0
5,Andrew Wu,2549.0
5,Andrey Drygalov,3041.0
2,Andrey Esipenko,3122.0
2,Andrey Gonzalez Zharikov,2463.0
2,Andrey Gorovets,2877.0
5,Andrey Ivanov,2360.0
5,Andrey Klymchuk,2904.0
7,Andrey Levitskiy,2704.0
2,Andrey Marcelo Souza Neves,2179.0
2,Andrey Rychagov,2647.0
3,Andrey Tsvetkov,2961.0
2,Andrii Palchuk,2671.0
5,Andrii Vachylia,2756.0
5,Andriy Diachek,2684.0
2,Andriy Prydun,2362.0
5,Andrzej Krzywda,2545.0
2,Andrés Delgado,2429.0
5,Andy Woodward,3171.0
7,Angel Gabriel Cordoba Roa,2828.0
2,Angie Garcia,2165.0
5,Anil Berk Erdogan,2616.0
1,Anish Giri,3150.0
2,Ankush Khandelwal,2560.0
1,Anna Cramling,2301.0
5,Anna Jakubowska,2506.0
5,Anna Kubicka,2538.0
2,Anna M. Sargsyan,2610.0
5,Anna Shukhman,2751.0
7,Anna-Maja Kazarian,2404.0
5,Anthony Atanasov,2812.0
5,Anthony Wirig,2906.0
2,Antoine Bournel,2641.0
2,Anton Barash,2448.0
3,Anton Demchenko,3030.0
2,Anton Isajevsky,2626.0
2,Anton Karpenko,2656.0
2,Anton Korobov,3031.0
5,Anton Vasilenok,2608.0
5,Antoni Kozak,3022.0
5,Antoni Szustakowski,2695.0
2,Antonin Ferey,2556.0
6,Antonio Arencibia,2510.0
5,Antonio Carlos Bambino Filho,2605.0
2,Antonio Lopez Del Alamo,2451.0
5,Antonio Naranjo Moreno,2630.0
2,Antonio Pedro Freixial Vasques,2364.0
7,Antonio Ruperez Benito,2750.0
5,Antonios Gkavardinas,2722.0
5,Anusha Subramanian,2389.0
2,Anysia Thomas,2208.0
5,ApacheSVD,2566.0
5,Apoorv Kamble,2856.0
6,AradNazari,2905.0
5,Aradhya Garg,2841.0
5,Aram Hakobyan,3048.0
5,Aran Köhler,2134.0
6,Arash Tahbaz,2979.0
2,Aravindh Chithambaram,3035.0
2,Aref Vasli,2633.0
5,Ari Guz,2716.0
1,Ari Kiremitciyan,2603.0
6,Arian Baradaran Tamadon,2659.0
1,Ariel Nicolas Tokman,2704.0
2,Arina Kiseleva,2292.0
5,Arjun Adireddy,2601.0
2,Arjun Erigaisi,3183.0
5,Arman Erzhanov,2653.0
5,Arman Geivondian,2737.0
1,Arman Ghevondyan,2561.0
5,Arman Mikaelyan,3014.0
2,Armin Kekic,2360.0
5,Armin Mušović,2431.0
3,Arnaldo Jesus Fernandez De La Vara Mulet,2900.0
7,Arnold Essing,2477.0
2,Arnold Mayeregger,2629.0
2,Aron Pasti,2734.0
2,Arsal Gardezi,2327.0
1,Arsene Kukhmazov,3054.0
2,Arseniy Astafurov,2576.0
1,Arseniy Nesterov,3101.0
5,Arseny Alavkin,2579.0
5,Artak Manukyan,2523.0
2,Artem Alek Fedorov,2646.0
4,Artem Bardyk,2922.0
2,Artem Chernobay,2669.0
6,Artem Dyachuk,2887.0
5,Artem Galaktionov,2913.0
2,Artem Gulevich,2462.0
5,Artem Koval,2619.0
2,Artem Legenya,2500.0
1,Artem Omelja,2709.0
5,Artem Sadovsky,2708.0
5,Artem Timofeev,2876.0
5,Artemii Khanbutaev,2569.0
7,Artemiki Lebedev,2719.0
2,Artemy Gogolev,2696.0
2,Arthur De Winter,2829.0
2,Arthur Lucas,2331.0
7,Arthur Muromtsev,2318.0
2,Arthur Olinto de Souza,2124.0
2,Artin Ashraf,3065.0
7,Artiom Samsonkin,2945.0
5,Artiom Stribuk,3009.0
2,Artur Dilmukhametov,2453.0
5,Artur Gabrielian,2926.0
2,Artur Tin Lun Dai Lima,2436.0
5,Artyom Bogdanov,2673.0
5,Artyom Manukyan,2591.0
1,Arush Chitre,2934.0
5,Arvids Andrejevs,2459.0
2,Arvind Jayaraman,2417.0
7,Aryan Tari,3041.0
5,Arystanbek Urazayev,2951.0
2,Asa Hoffmann,2401.0
7,Ashot Nadanian,2777.0
5,Ashritha Eswaran,2533.0
6,Asish Panda,2704.0
5,Aslan Aitbayev,2798.0
5,Assel Lesbekova,2460.0
1,Assel Serikbay,2269.0
1,Aswath S,2811.0
5,Asylbek Abdyjapar,2776.0
5,Atanas Dimitrov,2808.0
2,Atilla Eynullayev,2563.0
7,Atousa Pourkashiyan,2596.0
5,Attila Jr. Forgacs,2606.0
5,Attila Turzo,2534.0
7,Augustin Droin,2740.0
4,Augustinas Bazilius,2536.0
2,Aung Thant Zin,2092.0
2,Aurelio Vila Dupla,2167.0
5,Austin Mei,2665.0
5,Avi Kaplan,2744.0
7,Avital Boruchovsky,2923.0
6,Axel Bachmann,2939.0
5,Axel Delorme,2606.0
7,Ayan Allahverdiyeva,2470.0
2,Aydin Suleymanli,3066.0
5,Aydin Turgut,2746.0
1,Ayrat Vafin,2627.0
1,Azer Mirzoev,2689.0
2,Aziz Degenbaev,2708.0
5,BOZNENA PIDDUBNA,2487.0
5,Baadur Jobava,3002.0
5,Babageldi Annaberdiyev,2744.0
2,Bach Ngoc Thuy Duong,2380.0
5,Bahadir Ozen,2904.0
1,Bahadur Khodzhamkuliev,2500.0
2,Baira Kovanova,2609.0
5,Bakhtiyar Askarov,2938.0
2,Bakhtiyar Nugumanov,2543.0
7,Balaji Daggupati,2746.0
3,Balázs Csonka,2884.0
5,Bao Nghia Dong,2652.0
5,Barad Yeganegi,2860.0
3,Barbara Skuhala,2377.0
5,Bardiya Daneshvar,3087.0
5,Barnabas Kovacsy,2570.0
4,Bartosz Przybylski,2707.0
1,Batuhan Özen,2504.0
5,Bayastan Sydykov,2700.0
7,Beksultan Moldagali,2831.0
2,Belka1989,2609.0
5,Ben Finegold,2587.0
2,Ben Johnson,2148.0
3,Bence Pribelszky,2459.0
6,Benedikt Dauner,2521.0
2,Benedikt Huber,2613.0
5,Benik Agasarov,2806.0
1,Benjamin Bok,3041.0
5,Benny Aizenberg,2621.0
7,Bernardo Vainzoff Sztokbant,2660.0
5,Bharath Subramaniyam.H Harishankkar,3040.0
1,Bianka Havanecz,2319.0
5,Bibisara Assaubayeva,2854.0
5,BikingBrian,2306.0
1,Bilel Bellahcene,2460.0
2,Bintang Rasyid,2475.0
5,Björn Andersson,2442.0
5,Blanka Ejsymont,2338.0
7,Blaz Bratovic,2482.0
5,Blazej Grot,2708.0
2,BobbyFischer1508,2466.0
2,Bobur Sattarov,2877.0
7,Bogdan Belyakov,2710.0
1,Bogdan Daniel Deac,3173.0
2,Bogusz Piliczewski,1953.0
3,Bojan Maksimović,3049.0
2,Bojan Todorovic,2456.0
5,Boris Bruned,2414.0
2,Boris Ferrufino,2361.0
5,Boris Grachev,2959.0
5,Boris Savchenko,2749.0
7,Boris Stankovic,2678.0
5,Bovie Mei Liu,2732.0
2,BozeKat,2048.0
2,Brahian Diaz Herquinio,2466.0
1,Brandon Jacobson,2958.0
2,Brett Passen,2461.0
5,Brewington Hardaway,2632.0
5,Bruno André Leite Martins,2765.0
2,Bruno Morado Rodrigues,2514.0
4,Bryan Enming Lin,2839.0
2,Bryan Weisz,2625.0
4,Bryan Xie,2594.0
2,Bulat Mirzanurov,2154.0
1,Burak Firat,2814.0
5,Burak Ozalp,2503.0
2,Buyankhishig Batpelden,2503.0
2,Byambaa Uyanga,2203.0
2,CAMPO ELIAS GUZMAN,1998.0
2,Caio Poeta,2573.0
5,Caleb Levi,2673.0
2,Calin Gheorghiu,2617.0
2,Camilo Corredor Castellanos,2575.0
5,Carles Martín Barceló,2462.0
2,Carlos Alberto Gallegos Diaz,2563.0
5,Carlos Alvarado,2493.0
1,Carlos Andres Obregón,2938.0
2,Carlos Andres Perdomo,2764.0
4,Carlos Daniel Albornoz Cabrera,2819.0
5,Carlos Eduardo Cardozo Munar,2368.0
7,Carlos Martins,2471.0
2,Carlos Morales,2510.0
2,CarlosjPineror,2726.0
6,Casper Liu,2744.0
4,Cedric Chassard,2303.0
5,Cem Kaan Gokerkan,2901.0
5,Cengiz Hasman,2503.0
1,Cervantes Landeiro Thalia,2475.0
5,Cesar Ugarte,2305.0
2,Chamal Gedgaf,2293.0
5,Chanchal Kumer Ghosh,2098.0
5,Charles Storey,2488.0
5,Chelsie Monica Ignesias Sihite,2521.0
1,Cherry Ann Mejia,2250.0
4,Chesswizard_2007,3047.0
5,ChessyInstinct,2341.0
2,Chris Baker,2166.0
5,Chris L Chambers,2181.0
5,Christian Almeida do Nascimento,2635.0
2,Christian Gian Karlo Arca,2868.0
7,Christian Koepke,2536.0
2,Christian Polster,2542.0
2,Christian Silvestre,2480.0
2,Christian Stevens,2481.0
5,Christiansen Sava,2185.0
1,Christof Sielecki,2608.0
2,Christopher Chabris,2331.0
5,Christopher Guzman,2665.0
2,Christopher Pace,2385.0
6,Christopher Woojin Yoo,3110.0
5,Christos Krallis,2804.0
1,Cindy Qiao,2393.0
2,Claudius Gottstein,2296.0
2,Clemens Rietze,2569.0
2,Clement Cristian Daianu,2538.0
5,Coachpoker,2781.0
5,Collin Colbow,2635.0
6,Colombiano07,2529.0
1,Conrad Holt,2954.0
2,Conrad Thake,1809.0
5,Cptn2,2800.0
6,Craig Clawitter,2350.0
2,Cristhian Montero,2189.0
2,Cristhian Portal,2482.0
2,Cristi Machidon,2598.0
2,Cristian Adrian Dolezal,2542.0
2,Cristian Robledo,2417.0
7,Cristian Sanhueza,2567.0
6,Cristian Silva Lucena,2607.0
1,Cristiano G Souza,2205.0
2,Cristobal Henriquez,3003.0
2,Cumali Unver,2373.0
2,Cyrielle Monpeurt,2246.0
2,César Augusto Blanco Gramajo,2348.0
2,Dachey Lin,2884.0
2,Dalton Perrine,2581.0
5,Damian Lewtak,2742.0
2,Damian Śliwicki,2576.0
5,Damir Ismagilov,2701.0
1,Dan Herman,2442.0
2,Dan Shapiro,2341.0
1,Dana Tuleyeva-Aketayeva,2244.0
2,Daniel Aguiar De Sousa,2045.0
2,Daniel Barria,2698.0
2,Daniel Beniosev,2401.0
5,Daniel Centron Antuna,2621.0
7,Daniel Chan,2818.0
5,Daniel Cremisi,2635.0
5,Daniel Dardha,3070.0
5,Daniel Garcia Ramos,2855.0
5,Daniel Girsh,2702.0
2,Daniel Gormally,2792.0
6,Daniel Gutiérrez Olivares,2501.0
1,Daniel Kopylov,2757.0
2,Daniel Marcolino,2112.0
1,Daniel Melamed,2285.0
7,Daniel Naroditsky,3073.0
2,Daniel Pinto,2562.0
5,Daniel Rangel,2459.0
2,Daniel Ser,2515.0
5,Daniel Taboas Rodriguez,2704.0
5,Daniel Tabuenca Mendataurigoitia,2865.0
7,Daniel Teidi Awoki,2336.0
2,Daniel Titichoca Daza,2580.0
1,Daniel Yedidia,2588.0
1,Daniil Dubov,3102.0
5,Daniil Lintchevski,2914.0
5,Daniil Manelyuk,2766.0
5,Daniil Plyasunov,2910.0
1,Danila Bilan,2700.0
1,Danila Poliannikov,2733.0
2,Dantelle Joubert,2056.0
1,Danyyil Dvirnyy,3002.0
2,Daouda Ethmane,2166.0
5,Daria Yurasova,2487.0
5,Daria Zaichenko,2452.0
2,Darius Viškelis,2409.0
2,Dariusz Bieliński,2401.0
5,Dariusz Swiercz,3050.0
1,Darko R Mitrovic,2334.0
2,Darvi Abraham Crispin Ferreras,2442.0
2,Dashgyn Ibadov,2505.0
2,Davi Sulzbacher,2524.0
2,David Alexandru,2680.0
1,David Anton Guijarro,3066.0
5,David Bernat,2505.0
1,David Blanco Diez,2413.0
7,David Brodsky,2876.0
5,David Gasparyan,2715.0
5,David Gavrilescu,3003.0
7,David George Samir,2588.0
5,David Gorodetzky,3034.0
5,David Haydon,2704.0
6,David Howell,3014.0
5,David Kalashian,2603.0
2,David Levine,2285.0
1,David Martinez,2566.0
1,David Navara,3001.0
3,David Okike,2400.0
5,David Paravyan,3147.0
5,David Rodríguez López,2500.0
5,David Sh. Gevorgyan,2451.0
5,David Shapiro,2793.0
2,David Temirkanov,2525.0
7,David Torres Domínguez,2146.0
2,David Zakarian,2609.0
3,David Zhurbinsky,2636.0
2,Davis Zong,2544.0
2,Dawid Czerw,2517.0
6,Dawid Janaszak,2719.0
5,Dawid Niekraś,2716.0
3,De Silva L.M.S.T,2709.0
7,Deepak Aaron,2718.0
2,Deepweb2020,2519.0
2,Dejan Djordjevic,2061.0
2,Dejan Jakovljevic,1949.0
5,Dejan Tasev,2739.0
7,Denes Boros,2985.0
7,Deniel Causo,2739.0
7,Deniel Safarov,2900.0
2,Denis Garrido,2610.0
1,Denis Khismatullin,2940.0
1,Denis Kovalev,2775.0
2,Denis Kozlov,2601.0
1,Denis Lazavik,3257.0
1,Denis Makhnev,3076.0
2,Denis Pershin,2633.0
7,Deniz Arman,2580.0
5,Dennis Wagner,2836.0
3,Derek Wu,2777.0
5,Derlei Alex Florianovitz,2223.0
1,Dev Shah,2807.0
5,Devina Devagharan,2606.0
5,Devindya Oshini Gunawardhana,2532.0
2,Dewar B. Feliz Dotel,2204.0
1,Deysi Cori,2536.0
4,Diana Mirza,1971.0
5,Diana Preobrazhenskaya,2495.0
4,Diego Adla,2693.0
2,Diego Berardino,2659.0
1,Diego Carbone,2632.0
2,Diego Flores Quillas,2677.0
2,Diego Garcia,2447.0
2,Diego Zilleruelo,2391.0
7,Dila Baloglu,2559.0
5,Dimitar Mardov,3022.0
7,Dimitrios Vazelakis,1707.0
5,Dimitris Alexakis,2897.0
5,Dimitris Makridis,2819.0
6,Dina Belenkaya,2551.0
5,Dinara Wagner,2656.0
5,Dinesh Rajan M,2809.0
5,Diogo Duarte Guimaraes,2412.0
5,Dion Krivenko,2586.0
2,Dion Su,2686.0
7,Dirk Troltenier,2455.0
5,Djuro Skaric,2431.0
6,Dmitrii Marcziter,2359.0
5,Dmitrij Kollars,3049.0
2,Dmitrij Skurikhin,2371.0
2,Dmitriy Bocharov,2838.0
5,Dmitriy Kushko,2850.0
1,Dmitry Andreikin,3204.0
2,Dmitry Frolyanov,2670.0
2,Dmitry Gordievsky,2957.0
1,Dmitry Gurevich,2564.0
6,Dmitry Kirillov,2511.0
5,Dmitry Kononenko,2701.0
5,Dmitry Kryakvin,2946.0
5,Dmitry MIschuk,2814.0
2,Dmitry Maximov,2762.0
6,Dmitry Minko,2629.0
5,Dmitry Petukhov,2637.0
5,Dmitry Ponomarev,2262.0
5,Dmitry Rostovtsev,2888.0
7,Dmitry Semenenko,2367.0
1,Dmitry Sumaneev,2556.0
1,Dmitry Tatarinov,2673.0
2,Dmitry Vyatkin,2445.0
2,Dmitry Zacurdajev,2392.0
2,Dmitry Zenin,2555.0
5,Dobre Claudiu Cristian,2593.0
5,Dolzhykova Kateryna,2422.0
2,Domantas Klimciauskas,2266.0
2,Dominick Orzech,2770.0
7,Dominik Horvath,2890.0
2,Dominik Marczuk,2600.0
5,Dominique Myers,2419.0
2,Donát Daróczi,2444.0
5,Dorian Kang,2552.0
2,DrMamaliga,2477.0
2,Dragan Popadic,2415.0
6,Dragomirescu Robin,2675.0
5,Dragos Ceres,2779.0
3,Duc Minh Lai,2731.0
5,Dumitru-Daniel Dinu,2844.0
7,Dushyant Sharma,2639.0
4,Dávid Haszon De,2423.0
6,EREBUNI91,2790.0
5,Edgar Hayrapetyan,2723.0
4,Edgard Vinicius Zanette,2288.0
2,Edgardo J. Almedina Ortiz,2401.0
4,Ediz Gürel,3250.0
2,Edmund C Player,2358.0
2,Eduard Ashiev,2215.0
2,Eduard Kanter,2524.0
2,Eduardo Barbosa Mesquita,2377.0
2,Eduardo Iturrizaga Bonelli,3010.0
2,Eduardo Marra,2606.0
5,Eduardo Mendez Fortes,2589.0
4,Eduardo Muzzi,1958.0
5,Eduardo Peralta,2800.0
3,Edvin Trost,2861.0
5,Eelke De Boer,2713.0
1,Eesha Karavade,2294.0
5,Egor Baskakov,2974.0
2,Egor Bykov,2704.0
7,Egor Koshulyan,3009.0
4,Egor Kurchenko,2672.0
1,Egor Lashkin,2916.0
5,Eivind Grunt Kreken,2608.0
5,Ekaterina Borisova,2604.0
5,Ekaterina Goltseva,2639.0
2,Ekaterina Miroshnik,2626.0
2,Ekaterini Pavlidou,2477.0
5,Eldiar Orozbaev,2788.0
5,Elham Amar,3016.0
2,Elijah Logozar,2466.0
2,Eline Roebers,2841.0
5,Elis Denele Dicen,2427.0
2,Elliott Winslow,2327.0
5,Elnaz Kaliakhmet,2602.0
5,Elnur Aliyev,2499.0
1,Eltaj Safarli,3007.0
2,Elvin Wilson,2509.0
5,Emanuel Vaglio,2569.0
2,Emerson Veiga,2384.0
2,Emilia Dyalog,2374.0
5,Emilia Sprzęczka,2453.0
2,Emilia Zavivaeva,2034.0
1,Emilio Cordova,2890.0
2,Emilio Hernandez,2316.0
4,Emin Ohanyan,3028.0
5,Emre Mecit,2476.0
1,Enes Tanriverdi,2817.0
2,Enkhrii Enkh-Amgalan,2513.0
2,Enrico Vianello,2273.0
2,Enrique Butti,2279.0
5,Enrique Fernando Asensio Ramos,2620.0
2,Enrique Fonseca Manrique,2685.0
5,Enrique Tejedor Fuente,2688.0
5,Enzo Federzoni,2269.0
2,Enzo Ferrara,2517.0
7,Eray Kilic,3023.0
2,Erez Kupervaser,2459.0
2,Eric Hansen,2959.0
2,Eric Hon,2423.0
5,Eric Liu,2902.0
5,Eric Rosen,2918.0
5,Erick Zhao,2827.0
2,Erik Blomqvist,2583.0
1,Erik Golubovic,2617.0
2,Erik Rönkä,2601.0
2,Erik van den Dikkenberg,2146.0
2,Ermes Espinosa Veloz,2607.0
5,Ernesto Javier Fernandez Guillen,2881.0
1,Ernesto Real de  Azua,2667.0
1,Ervin Ozkan,2765.0
2,Erzhan Zhakshylykov,2727.0
2,Esper Van Baar,2165.0
5,Ethan Saya,2542.0
1,Ethan Sheehan,2986.0
2,Etienne Bacrot,3005.0
5,Ettore Stromboli,2512.0
2,Eugene Yanayt,2372.0
5,Eugenia Karas,2438.0
7,Evan Ai,2492.0
2,Evan Rabin,2488.0
5,Evan S. Rosenberg,2492.0
1,Evandro Amorim Barbosa,2797.0
2,Evelina Zavivaeva,1583.0
7,Evgeni Krasilnikov,2481.0
1,Evgenij Kretov,2761.0
3,Evgenij Novikov,2563.0
6,Evgenij Shuvalov,2810.0
1,Evgenios Ioannidis,2850.0
2,Evgeniy Najer,2861.0
1,Evgeniya Doluhanova,2393.0
2,Evgeny Alekseev,2946.0
1,Evgeny Degtiarev,2392.0
5,Evgeny Egorov,2626.0
5,Evgeny Ermolaev,2539.0
5,Evgeny Melikhov,2451.0
4,Evgeny Postny,2800.0
5,Evsuld Myagmarsuren,2580.0
5,Ewa Barwinska,2412.0
2,Eyal Noy,2450.0
5,Eytan Rozen,2944.0
1,FAUSTO CASTELLA GARCIA,2116.0
5,Fabian Fiorito,2554.0
2,Fabian Vivas,2514.0
1,Fabiano Caruana,3171.0
2,Fabio Colonetti,2370.0
5,Facundo Vazquez,2792.0
1,Farid Mustafayev,2779.0
5,Farid Orujov,2821.0
5,Farzad Bolourchifard,2748.0
7,Faustino Oro,3172.0
5,Federico Perez Ponsa,2945.0
5,Federico Sellitti,2597.0
5,Felix Hindermann,2596.0
5,Felix Ilinca,3014.0
7,Felix Kuznetsov,2760.0
5,Felix Meissner,2469.0
7,Felix Rose,2227.0
5,Ferenc Jr. Gombocz,2628.0
2,Fernando Bolaños Soza,2547.0
2,Fernando Broca,2361.0
2,Fernando Díaz,2282.0
2,Fernando López Gracia,2417.0
5,Fernando Mata,2547.0
5,Fernando Valenzuela,2800.0
5,Fidel Corrales Jimenez,3002.0
5,Filip Boe Olsen,2679.0
2,Filip Dowgird,2672.0
3,Filip Haring,2804.0
5,Filip Ochedzan,2410.0
5,Flavio Wisniacki,2477.0
1,Florescu Codrut Constantin,2639.0
5,Florian Gatterer,2534.0
1,Florian Jenni,2414.0
5,Floryan Eugene,2902.0
2,Flávio Bezerra,2260.0
5,Francesco Bettalli,2599.0
2,Francesco Sonis,3007.0
5,Francisco Ferrari Pironti,2533.0
5,Francisco Fiorito,2777.0
5,Francisco Javier Muñoz,2829.0
1,Francisco Orantes Taboada,2440.0
5,Francisco Silva Gonzalez,2494.0
3,Franciszek Sernecki,2501.0
2,Franck Steenbekkers,2030.0
3,Franco Manteiga,2189.0
2,Frank Buchenau,2405.0
1,Frankie Badacsonyi,2504.0
5,Frederick Waldhausen Gordon,2845.0
2,Frederico Matsuura,2295.0
5,Frederik Svane,3055.0
4,Frode Elsness,2436.0
5,Fruzsina Szente-Varga,2414.0
7,Fy Antenaina Rakotomaharo,2781.0
2,GERARDO MARIN,2165.0
2,GIRINATH PDS,2132.0
4,Gabor Nagy,3001.0
2,Gabriel Carckeno Do Carmo,2328.0
2,Gabriel Gonzaga Garcia,2628.0
5,Gabriel Gähwiler,2931.0
2,Gabriel Lenoir,2324.0
2,Gabriel Petesch,2550.0
6,Gabriel Voiteanu,2291.0
5,Gahan MG,2645.0
6,Gaioz Nigalidze,2815.0
7,Galina Novikova,2520.0
2,Gara Balajaev,2189.0
5,Garnik Nersesyan,2347.0
2,Garrett Smith,2366.0
5,Garv Gaur,2672.0
1,Gary Leschinsky,2558.0
6,Gasan Guliev,2520.0
5,Gastón Martin,2415.0
3,Gata Kamsky,2868.0
5,Gaurang Bagwe,2717.0
5,Gawain Maroroa Jones,2872.0
5,Gellert Karacsonyi,2911.0
5,Gennady Kozlov,2661.0
5,Geordie Derraugh,2481.0
2,Georg Seul,2605.0
2,Georg Von Buelow,2179.0
2,George Danzer,2213.0
6,George Stoleriu,2765.0
2,Georgi Orlov,2576.0
5,Georgijs Germanovs,2932.0
1,Georgios Alexandros Kouskoutis,2540.0
1,Georgios Kanakaris,2612.0
5,Georgios Souleidis,2753.0
2,Gerardo Antonio Gracia Alvarez,2461.0
2,Gerardo Fernandez,2270.0
1,Gergana Peycheva,2518.0
5,German Bazeev,2885.0
5,German Spata,2754.0
2,Germán Della Morte,2453.0
2,Gerodot71,2737.0
2,Gerson Príncipe,2845.0
7,Gevorg Harutjunyan,2882.0
5,Gianmarco Leiva,2814.0
7,Giannis Kalogeris,2685.0
5,Giga Quparadze,3100.0
4,Gil Popilski,2619.0
5,Gilbert Elroy Tarigan,2918.0
7,Giorgio Belli,2504.0
2,Giovanna Arbunic Castro,1947.0
4,Giovanni B Tavares Da Silva,2344.0
6,Giovanni Marchesich,2435.0
1,Girish Koushik,2684.0
2,Gisela Roque Sola,2137.0
5,Giulia Sala,2344.0
2,Gizem Olcayoz,1965.0
5,Glaucio Cella,2458.0
2,Gleb Dudin,2890.0
2,Glek_Igor,2664.0
1,Gloomy_Wanderer,2751.0
5,Gnel Melikyan,2804.0
5,Goltsev Dmitry,2859.0
7,Gonzalo Navarrete,2634.0
2,Graham Horobetz,2700.0
2,Grayson Rorrer,2865.0
7,Greg Shahade,2783.0
5,Grigor Dilanyan,2758.0
1,Grigor Grigorov,2939.0
5,Grigoriy Oparin,3055.0
1,Grigoriy Sharankov,2508.0
2,Grigory Seletsky,2569.0
2,Grzegorz Kopacz,2487.0
2,Grzegorz Nasuta,2758.0
2,Grzegorz Toczek,2513.0
2,Guadalupe Montano Vicente,2242.0
6,Guerau Masague Artero,2801.0
2,Guillermo Baches Garcia,2588.0
1,Guillermo José Llanos,2406.0
1,Gukesh D,3080.0
2,Guliskhan Nakhbayeva,2506.0
7,Gulrukhbegim Tokhirjonova,2880.0
5,Gumersindo Fernandez Garcia,2456.0
2,Gunay Mammadzada,2573.0
5,Gunnar Lund,2827.0
5,Gustavo Eduardo Nunez V,2235.0
2,Gustavo Horokoski De Souza,2241.0
5,Gyula Pap,3000.0
5,HRVOJE FAJDETIĆ,2444.0
5,Haik Martirosyan,3001.0
5,Hajiyev Kanan,2686.0
2,Halldor Gretar Einarsson,2354.0
2,Halsagar Chincholimath,1922.0
5,Hamed Wafa,2825.0
1,Hamidreza Ebrahimi Herab,3016.0
5,Hampus Sorensen,2770.0
2,Han Schut,2314.0
2,Hanna Wesołowska,2344.0
1,Hans Niemann,3214.0
1,Haowen Xue,3061.0
2,Harald Schmidt,2365.0
5,Harika Dronavalli,2731.0
2,Harold Wanyama,2510.0
2,Harry Cun,2378.0
2,Harry Grieve,2679.0
1,Harsha Bharathakoti,3065.0
5,Harshavardhan GB,2862.0
2,Harshin Reddy Jagirapu,2636.0
2,Hasan Atis,2564.0
4,Havard Haug,2960.0
5,Hayk Yeritsyan,2680.0
5,HeartAblaze,2844.0
2,Heinz Georg,2335.0
4,Henning Holinka,2699.0
4,Henrik Cernov,2716.0
2,Henrique Barbosa Veloso,2178.0
2,Henrique M A Albergaria Paiva,2314.0
3,Henry Deng,2672.0
2,Henry Roger Lopez,2537.0
2,Henryk Seifert,1953.0
2,Hernan Ramon Filgueira,2680.0
3,Hikaru Nakamura,3319.0
2,Hoang Thi Bao Tram,2582.0
1,Hong Anh Nguyen,2611.0
1,Hovik Hayrapetyan,3060.0
5,Hrant Melkumyan,2939.0
1,Hubert Zieba,2629.0
2,Hugo Guillemette,2364.0
5,Hugo Wernberg,2566.0
5,Hui Li,2445.0
2,Humberto L. Blanco Ronquillo,2719.0
2,Huseyin Said Deveci,2662.0
2,Héctor Elissalt Cardenas,2349.0
5,IULIAN NECULA,1975.0
2,Ian Dzhumagaliev,2890.0
5,Ian Harris,2428.0
3,Ian Nepomniachtchi,3195.0
2,Ian Ocampos,2600.0
2,Ieuan Ward,2439.0
2,Ignacio Gago,2210.0
2,Ignacio Sainz Aguirre,1939.0
1,Igor Bjelobrk,2694.0
2,Igor Da Paz Palácio,2264.0
2,Igor Gulkov,2461.0
5,Igor Janik,2949.0
5,Igor Kovalenko,2958.0
5,Igor L. Vakhlamov,2925.0
2,Igor Lutz,2155.0
1,Igor Lysyj,2947.0
5,Igor Miladinovic,2877.0
5,Igor Vershinin,2609.0
3,Igor Wilk,2633.0
5,Ihor Samunenkov,3085.0
5,Ihor Vypkhaniuk,2700.0
5,Ilamparthi A R,2868.0
5,Ilan Schnaider,2959.0
2,Ilan Vardi,2198.0
1,Ildar Idrisov,2423.0
2,Ilija Stanojevic,2663.0
2,Ilja Biriukov,2187.0
5,Ilja Haitin,2525.0
6,Ilja Sirosh,2584.0
5,Iljya Grigorjev,2890.0
2,Ilya Gruzman,2071.0
1,Ilya Gutkin,2444.0
7,Ilya Khakhinov,2327.0
6,Ilyass Msellek,2872.0
2,In Hei Henry Ho,2081.0
2,In Vau,2297.0
7,Inayat Bolat,2605.0
1,Ind1anStar-inactive,2695.0
5,IndianGrandmaster13,2911.0
5,Indy Southcott-Moyers,2630.0
2,Inigo Riveiro,2564.0
2,Iniyan P,2876.0
1,Ioan Rees,2604.0
2,Irene Sukandar,2526.0
5,Irina Bulmaga,2606.0
5,Irina Mikhaylova,2336.0
5,Irina Petrova,2305.0
5,Isaac Chiu,2905.0
4,Isaak Parpiev,3039.0
2,Isabelle Tamarozi,2126.0
1,Isak Storme,2539.0
2,Isaque Goncalves Santos,1804.0
2,Ishvi Aggarwal,2368.0
5,Ismael Gimenez,2724.0
1,Ismayil Shahaliyev,2673.0
5,Israel Caspi,2730.0
2,Isuru Alahakoon,2601.0
2,Italo Romero,2300.0
5,Itay Sitbon,2754.0
5,Itgelt Khuyagtsogt,2824.0
2,Iulian-Ioan Taras,2394.0
5,Iung Alicio de O. Pinheiro,2651.0
2,Ivan Aldokhin,2607.0
2,Ivan Andrade,2413.0
2,Ivan Ivanisevic,2814.0
6,Ivan Kalajzic,2455.0
7,Ivan Kochiev,2723.0
2,Ivan Krylov,2649.0
7,Ivan Kubatko,2500.0
6,Ivan Martic,2579.0
2,Ivan Mezentsev,2482.0
5,Ivan Paquico Rodriguez,2542.0
5,Ivan Povshednyi,2885.0
1,Ivan Provotorov,2569.0
1,Ivan Stankovic,2600.0
5,Ivan Vihor Krsnik Cohar,2766.0
5,Ivan Yeletsky,3031.0
1,Ivan Zemlyanskii,3183.0
5,Ivashentseva Dominika,2336.0
2,Iwo Godzwon,2720.0
2,Iwo Karolczuk,2902.0
2,J,2008.0
2,Jaan Ehlvest,2695.0
2,Jacek Stachanczyk,2446.0
5,Jack Mizzi,2650.0
5,Jack Rodgers,2643.0
7,Jacob Dreelinck,2515.0
5,Jacob Flynn,2583.0
1,Jacob Templen Grave,2506.0
2,Jacorey Bynum,2679.0
2,Jacques Muller Luxama,1876.0
2,Jaime Rodriguez Santiago,2288.0
1,Jaime Santos Latasa,2985.0
5,Jaime Vaglio,2256.0
3,Jaiveer Mahendru,2682.0
6,Jaka Brilej,2573.0
5,Jake Darmanin,2468.0
7,Jake Kleiman,2684.0
5,Jake Shanty,3079.0
1,Jakhongir Vakhidov,3058.0
3,Jakob Leon Pajeken,2681.0
5,Jakob Postlmayer,2683.0
4,Jakob Weihrauch,2409.0
7,Jakub Borawski,2461.0
5,Jakub Chyży,2587.0
5,Jakub Fus,2821.0
3,Jakub Kosakowski,2970.0
1,Jakub Kusa,2615.0
6,Jakub Luberanski,2321.0
5,Jakub Pulpan,2822.0
5,Jakub Seemann,2866.0
2,Jakub Suder,2707.0
5,Jaloliddin Ilkhomi,3000.0
2,James Allen,2188.0
5,Jan Boder,2587.0
2,Jan Enrique Zepeda,2263.0
7,Jan Gustafsson,2836.0
1,Jan Helmer,2592.0
5,Jan Jodilyn Fronda,2519.0
3,Jan Klimkowski,2999.0
6,Jan Kokoszczynski,2759.0
3,Jan Malek,2912.0
2,Jan Marn,2593.0
5,Jan Murawski,2507.0
2,Jan Petr,2564.0
7,Jan Roebers,2197.0
5,Jan Subelj,2902.0
5,Jan Zienkiewicz,2655.0
6,Jan-Krzysztof Duda,3178.0
7,Jann-Christian Tiarks,2486.0
2,Jarmo Hartikainen,2222.0
2,Jaroslav Sobek,2079.0
1,Jason Morefield,2871.0
2,Jasper Rom,2492.0
1,Javier Benitez,2634.0
5,Javier Buenafé Moya,2376.0
2,Javier Quispe Santacruz,1827.0
6,Javier Ruiz Vazquez,2703.0
5,Javohir Bozorov,2508.0
1,Javokhir Sindarov,3190.0
2,Jay Bonin,2443.0
2,Jean Marco Cruz Mendez,2790.0
5,Jean Meunier-Pion,2449.0
7,Jean-Christophe Martine,2245.0
6,Jeet Jain,2768.0
5,Jeevan Karamsetty,2785.0
2,Jeff Quirke,2164.0
1,Jeffery Xiong,3117.0
5,Jeffinho023,2500.0
2,Jemal Ovezdurdyeva,2435.0
7,Jennifer Perez Rodriguez,2447.0
2,Jenny Astrid Chirivi Castiblanco,2251.0
3,Jens Albert Ramsdal,2402.0
5,Jens E Ingebretsen,2801.0
5,Jens Hirneise,2558.0
2,Jerzy Jesús Perez Leiva,2601.0
5,Jerzy Slaby,2641.0
5,Jesper Kjaergaard-Jensen,2342.0
7,Jesper Lauridsen,2285.0
2,Jesus Alberto Alcazar Jimenez,2389.0
2,Jesus Martin Duque,2472.0
5,Jesús Alberto Coca Cubillos,2323.0
2,Jesús Manuel Vargas Pereda,2075.0
5,Jia Haoxiang,2701.0
5,Jiner Zhu,2750.0
5,Joa Max Bornholdt,2618.0
5,Joachim Mouhamad,2490.0
5,Joakim Nilsson,2631.0
2,Joao Avalos,2448.0
5,Joao Batista Dias,1981.0
2,Joaquin Fiorito,2889.0
7,Joaquin Rodrigo Jimenez,2470.0
1,Joey Grochal,2613.0
7,Johan-Sebastian Christiansen,2954.0
2,Johann Hjartarson,2671.0
5,John Bartholomew,2868.0
5,John Curtis,2314.0
2,John Funderburg,2048.0
2,John Merriman,2445.0
2,John S. White,1948.0
2,Johnathan Bakalchuk,2708.0
5,Jonah Willow,2884.0
1,Jonas Bjerre,2962.0
5,Jonas Eilenberg,2639.0
5,Jonas Gallasch,2596.0
5,Jonas Wyss,2381.0
2,Jonathan Blackburn,2429.0
5,Jonathan Dourérassou,2827.0
2,Jonathan Hrach,2469.0
2,Jonathan Pein,2581.0
2,Jonathan Subervi,2384.0
5,Jonathan Yedidia,2424.0
2,Jonny Cueto,2486.0
5,Jorden Van Foreest,3128.0
1,Jorge Carlos Antonio,2045.0
2,Jorge Soto Vega,2447.0
7,Jose A. Hernandez Izquierdo,2637.0
5,Jose Antonio Garrido Diaz,2561.0
2,Jose Antonio Herrera Reyes,2715.0
5,Jose Camacho Collados,2534.0
2,Jose Esteban Marin Masis,2244.0
2,Jose Felix Calvo Gonzalez,2502.0
5,Jose Fernando Cuenca,2810.0
5,Jose Gabriel Cardoso,2943.0
5,Jose Garcia Molina,2534.0
2,Jose Guilherme Barria Santos,2704.0
2,Jose Javier Gonzalez Castillo,2640.0
1,Jose Martinez,3072.0
2,Jose Rafael Gascon,2777.0
5,Josefine Heinemann,2493.0
1,Josep Lacasa Diaz,2501.0
5,Josep Ruscalleda,2517.0
5,Joseph Bellissimo,2620.0
5,Joseph Girel,2953.0
5,Joseph Levine,2793.0
2,Joseph Zeltsan,2641.0
5,Joshua Colas,2696.0
2,Josue Araujo Sanchez,2739.0
6,José Carlos Ibarra Jerez,3057.0
6,José Francisco Veiga,2448.0
2,José Remolar,2500.0
2,José Renato Ruiz Maranhão,2100.0
2,Jovana Srdanovic,2534.0
2,Joy Romany,2122.0
2,JozefKneht,2676.0
5,Juan Alberto Gomez Aguirre,2657.0
5,Juan Antonio Urbina Perez,2615.0
2,Juan Carlos Mesa Cruz,2513.0
2,Juan Carlos Ricaurte Lopez,2211.0
5,Juan Cruz Arias,2858.0
5,Juan David Becerra Morales,2591.0
2,Juan David Lopez Perdomo,2213.0
1,Juan Fernando Aguilar Novoa,2499.0
2,Juan Manuel Aranda,2348.0
2,Juan Manuel Garcia Almaguer,2489.0
5,Juan Pablo Demaría,2496.0
3,Juan Rottenwohrer Suarez,2478.0
2,Juan Sebastian,2109.0
6,Juan Sebastian Melian,2705.0
2,Judah Nathan Levitan,2400.0
5,Jude Shearsby,2632.0
5,Jules Moussard,3075.0
2,Julia Elizabeth Sloan,2006.0
2,Julia Tsukerman,2079.0
5,Julian Antonio Rojas Alarcon,2802.0
7,Julian Colville,2643.0
5,Julian Estrada,2557.0
2,Julien Dubreuil,2440.0
6,Julio Antonio Hernando Rodrigo,2593.0
5,Julio Cesar Diaz Rosas,2627.0
6,Jun Ying Tan,2670.0
1,Jun Zhao,2861.0
5,Jung Min Seo,2828.0
7,Junior Tay,2453.0
2,Justin Blackman,2555.0
2,Justin Chen,2859.0
2,Justin Liang,2701.0
2,Justin Sarkar,2439.0
2,Justin Storm,2509.0
2,Justo Reinaldo Chemin,2126.0
2,Jéssica Trindade Hubner,1953.0
5,József Mátyás Herpai,2632.0
2,K Priyanka,2344.0
5,Kaan Kucuksari,2814.0
5,Kaan Ozcan,2651.0
5,Kacper Drozdowski,3061.0
5,Kacper Karwowski,2527.0
2,Kacper Piorun,2886.0
5,Kacper Polok,2535.0
5,Kacper Tomaszewski,2552.0
5,Kacper Ugorek,2802.0
2,Kadir Soria Delgado,2317.0
2,Kaganskiy Gleb,2344.0
2,Kaiser Luiz Mafra,2227.0
4,Kaivalya Sandip Nagare,2827.0
7,Kalyani Sirin,2633.0
1,Kamal Aghasiyev,2587.0
2,Kamil Warchoł,2524.0
5,Kanishka Bhatia,2417.0
5,Karina Ambartsumova,2750.0
2,Karina Ivanova,2282.0
2,Karl Bowden,2514.0
2,Karl-Emil Elmer Nielsen-Refs,2164.0
5,Karol Kucza,2677.0
5,Karsten Hansch,2606.0
5,Karsten Schulz,2526.0
5,Karsten Schuster,2465.0
1,Karthik Rajaa,2713.0
2,Karthikeyan Murali,2939.0
5,Kashish Jain,2815.0
2,Kaspar Kappeler,2300.0
5,Katarzyna Dwilewicz,2447.0
7,Kateryna Lagno,2830.0
2,Katharina Reinecke,2049.0
5,Kaua Marques Silva,2536.0
1,Kavyev_Ruslan,2228.0
5,Kayden Troff,3006.0
5,Kazybek Nogerbek,3083.0
5,Keaton Kiewra,2604.0
2,Keith Jeffrey Khumalo,2708.0
2,Kelsey Liu,2300.0
2,Kelvin Sánchez,2689.0
4,Kemal Bashirov,2657.0
6,Kemel Antonio Gallo García,2825.0
5,Ken Arnold,2465.0
6,Kerem Tinmaz,2481.0
2,Kerry Stead,2078.0
2,Ketevan Arakhamia-Grant,2468.0
5,Keti Tsatsalashvili,2500.0
5,Kevin Bordi,2953.0
4,Kevin Chor,2537.0
1,Kevin Cupid,2410.0
2,Kevin Davidson,2455.0
5,Kevin George,2767.0
1,Kevin Joel Cori Quispe,2676.0
5,Kevin Noboa Silva,2725.0
3,Kevin Yang,2760.0
5,Khagan Ahmad,2977.0
5,Khumoyun Begmuratov,2965.0
2,Kiborg95,2839.0
2,Kim Sergey,2549.0
2,Kim Yew Chan,2573.0
5,Kingsman132,2597.0
5,Kiren Vivek Nasta,2428.0
2,Kirill Alekseenko,2948.0
5,Kirill Klukin,2960.0
2,Kirill Kotlyar,2653.0
5,Kirill Kozionov,2492.0
3,Kirill Kuderinov,2669.0
5,Kirk Ghazarian,2926.0
2,Kjell Petersson,2123.0
7,Klementy Sychev,2929.0
2,Klendi Zeneli,2521.0
5,Kler Çaku,2450.0
2,Klára Kovács,2463.0
1,Koen Leenhouts,2702.0
2,Komal Kishore Pothuri,2236.0
5,Konstantin Bazarov,2744.0
1,Konstantin Begunov,2576.0
1,Konstantin Borsuk,2758.0
1,Konstantin Egorov,2360.0
1,Konstantin Garagulya,2530.0
5,Konstantin Loy,2539.0
5,Konstantin Popov,3104.0
1,Konstantinos Markidis,2542.0
2,Konstnatin Andreev,2642.0
2,Koorosh Bahmani,2510.0
5,Koosha Jaferian,2773.0
2,Korun Gulamirian,2137.0
1,Kosma Pacan-Milej,2665.0
5,Kostya Kavutskiy,2769.0
5,Krikor Sevag Mekhitarian,2880.0
4,Krishna Nathan,2556.0
5,Kriti Patel,2142.0
5,Krzysztof Budrewicz,2594.0
2,Krzysztof Jakubowski,2805.0
5,Kshatriya Vekhande,2816.0
2,Kuzmicz Krystian,2735.0
5,LUIS MIGUEL FLORESVILLAR,2157.0
2,Ladislav Langner,2404.0
5,Lagmantr,2712.0
2,Lakshmi C,2218.0
5,Lala Huseynova,2451.0
2,Lamine Brahami,2470.0
2,Lars Andreassen,2367.0
7,Laura Viñolas,2269.0
5,Laurin Jahnz,2563.0
3,Lawrence Trent,2710.0
5,Lazaro Lorenzo De La Riva,2535.0
1,Le Thao Nguyen Pham,2735.0
5,Leancy Beatriz Fernandez Bustamante,2403.0
2,Leandro Formes De Arruda,2401.0
2,Leandro Jiménez,2541.0
5,Leandro Krysa,2823.0
5,Lefong Hua,2618.0
2,Leinier Dominguez Perez,3011.0
1,Lenaerts Lennert,2617.0
5,Lenin Guerra Tulcan,2518.0
2,Lenka Ptacnikova,2260.0
2,Lennis Martinez Ramirez,2805.0
3,Leo Crevatin,2558.0
3,Leo Valle Luis,2902.0
5,Leon Livaic,2998.0
5,Leon Luke Mendonca,3039.0
2,Leon Mazi,2537.0
2,Leonardo Duarte,2316.0
5,Leonardo Tristan,2839.0
5,Leonardo Valdés,2632.0
5,Leonardo Vincenti,2560.0
1,Leonid Guerb,2191.0
5,Leonid Nozdrachev,2602.0
2,Leonid Sokolin,2635.0
3,Leonid Starozhilov,2845.0
2,Leslie Carolin Torres Hernandez,2266.0
6,Lev Zverev,2776.0
2,Levan Pantsulaia,2873.0
1,Levente Miszler,2567.0
1,Levon Aronian,3115.0
7,Levy Rozman,2849.0
2,Lewis Martin,2354.0
5,Liam Baruch,2427.0
5,Liam Putnam,3170.0
2,Lianet Diaz Garcia,2079.0
5,Licael Ticona,2781.0
1,Liem Le,3065.0
2,Lile Koridze,2503.0
2,Lilia Fuentes,2213.0
2,Lilit Mkrtchian,2451.0
5,Lily Jeanette Duarte Cramer,2295.0
2,Linus Olsson,2502.0
5,Linxi Zhu,2635.0
7,Liwia Jarocka,2508.0
2,Liya Kurmangaliyeva,2738.0
5,Loay Sameer,2607.0
5,Logan Clark Shafer,2624.0
2,Logman Guliev,2567.0
5,Loic Travadon,2622.0
2,Looi Xin Hao,2406.0
5,Lorenzo Perea Fruet,2862.0
5,Loris Tavernier,2602.0
5,Lovro Novosel,2764.0
2,Lubov Markelova,2111.0
5,Luca Albertini,2490.0
2,Luca Ernst,2500.0
4,Luca Moroni Jr,2875.0
5,Luca Silva,2638.0
2,Luca Suvorov,2560.0
2,Lucas Aguiar Cunha,2715.0
2,Lucas Aparecido Oliveira Dos Santos,2278.0
5,Lucas Cumpe,2864.0
2,Lucas DI NICOLANTONIO,2603.0
3,Lucas Do Valle Cardoso,2900.0
5,Lucas Foerster-Yialamas,2374.0
5,Lucas Liascovich,2929.0
7,Lucas Pereira Mendes Da Silva,2494.0
5,Lucas Ranaldi,2779.0
2,Luciano Justi Antunes,2263.0
2,Lucius Melillo,2560.0
5,Ludvig Carlsson,2773.0
3,Luis David Jimenez Almeida,2522.0
2,Luis Eduardo Ballester Llagaria,2510.0
5,Luis Enrique Valle Maytin,2439.0
2,Luis Eusebio Oro,2314.0
2,Luis Fernández Siles,2402.0
2,Luis Galego,2574.0
2,Luis Guillermo Antúnez Soler,2601.0
2,Luis Manuel Perez Rodriguez,2628.0
2,Luis Roque,2313.0
2,Luiz Araujo,2330.0
2,Luka Paichadze,2966.0
2,Lukasz Jarmula,2685.0
2,Lukasz Swiatlowski,2316.0
5,Lázár Mátyássy,2551.0
5,MF Pablo Alexander Ruiz Aguilar,2313.0
4,MI Marcelo Playa,2437.0
2,MIJuanReyesRosa,2187.0
5,MN Vinicius Saito,2537.0
5,MYMChessAcademy-inactive,2327.0
2,Maciej Czopor,2816.0
2,Maciej Klekowski,2937.0
3,Maciej Sroczyński,2579.0
3,Maciej Świcarz,2582.0
2,Madara Golsta,2175.0
4,Mads Vestby-Ellingsen,2748.0
5,Maftuna Bobomurodova,2442.0
1,Magnus Carlsen,3309.0
1,Mahammad Muradli,3203.0
6,Mahdi Gholami Orimi,2962.0
6,Mahel Boyer,2922.0
5,Mahmoud Alhadad,2004.0
1,Mai Narva,2740.0
5,Maka Purtseladze,2573.0
1,Maksim Chigaev,3077.0
5,Maksim Ivannikov,2817.0
5,Maksim Tsaruk,2883.0
1,Maksim Volkov,2926.0
5,Maksim Zhukov,2538.0
2,Maksims Golubovskis,2528.0
6,Maksym Dubnevych,3003.0
5,Maksym Goroshkov,2845.0
5,Maly Alexey,2769.0
5,Malyi Viacheslav,2753.0
7,Mamedov Edgar,2922.0
2,Mamikon Gharibyan,2947.0
2,Manoj Mishra,2323.0
5,Manolache Marius,2794.0
5,Manuel Petrosyan,3005.0
7,Manvel Arakelyan,2833.0
6,Marat Denishev,2855.0
5,Marat Gilfanov,2955.0
5,Marc Balague Camps,2545.0
5,Marc LLari,2555.0
2,Marc Lonoff,2233.0
1,Marc Morgunov,2429.0
2,Marcel Beulen,2447.0
5,Marcel Petersen,2703.0
2,Marcel Winkels,2104.0
5,Marcell Szabo,2647.0
2,Marcelo Jorquera,2351.0
2,Marcelo Villalba,2578.0
5,Marcin Krzyżanowski,2829.0
2,Marcin Molenda,2664.0
1,Marcin Sieciechowicz,2752.0
2,Marco Cattaneo,2659.0
2,Marco Cordeiro,2293.0
3,Marco Dobrikov,2732.0
4,Marco Lantini,2517.0
5,Marco Materia,2979.0
5,Marco Riehle,2833.0
5,Marcos Lianes,2916.0
2,Marcos Rodriguez Fontecha,2635.0
5,Marcos Vinicius Torsani,2423.0
5,Marcus Harvey,2830.0
5,Marek Karas,2661.0
4,Marek Pniaczek,2466.0
2,Margarita Fakhretdinova,2445.0
2,Margarita Novikova,2274.0
5,Margarita Potapova,2764.0
5,Margarita Zvereva,2185.0
5,Maria Florencia Fernández,2427.0
2,Maria Fominykh,2372.0
5,Maria Gevorgyan,2371.0
5,Maria Larina,2293.0
5,Maria Teresa Jimenez Salas,2558.0
5,Marianna Grineva,2076.0
1,Mariano Ortega Amarelle,2479.0
2,Marie Sebag,2667.0
2,Mariia Berdnyk,2488.0
2,Marina Korneva,2545.0
5,Mario Andres Fernández Sánchez,2156.0
5,Mario Gavilán Díaz,2609.0
2,Mario Sibilio,2272.0
2,Marius Deuer,2627.0
1,Marius Fromm,2650.0
2,Mariya Yakimova,2477.0
5,Mark Biernacki,2303.0
1,Mark Dejmek,2199.0
2,Mark Josse,2296.0
5,Mark Liubarov,2548.0
5,Mark Smirnov,2776.0
5,Mark Timmermans,2777.0
1,Mark van der Werf,2435.0
5,Marko Jelcic,2314.0
2,Marko Nenezic,2873.0
2,Marko Perestjuk,2417.0
5,Marko Srebrnic,2486.0
5,Markus Ragger,2888.0
2,Marlon Javier La Villa Rivas,2502.0
2,Marlon Jodar,2338.0
2,Maroun Tomb,2552.0
2,Martin Brüdigam,2566.0
2,Martin Chlpík,2306.0
5,Martin Holten Fiskaaen,2590.0
6,Martin Horak,2603.0
2,Martin Horcajuelo Rocamora,2437.0
2,Martin Matthiesen,2514.0
5,Martin Mena,2314.0
2,Martin Portero Rubio,2334.0
3,Martyn Kravtsiv,2945.0
3,Martyna Starosta,2477.0
5,Marvin Guevara,2116.0
5,Mary Kiseljova,2145.0
2,Marya,2133.0
2,Maryana Huda,2139.0
6,Masruri Rahman,2770.0
1,Matan Prilleltensky,2528.0
4,Matei-Valeriu Mogirzan,2587.0
1,Matensien,2550.0
5,Mateu Boci,2783.0
5,Mateus Costamilan Tomiello,2606.0
2,Mateus Felizardo Viageiro Alice,2379.0
5,Mateusz Bartel,2969.0
5,Mateusz Brozyna,2480.0
6,Matfey Rogov,2830.0
2,Matheus Santos,2220.0
7,Mathias Womacka,2608.0
5,Mathieu Ternault,2559.0
7,Mathis Sabatier,2452.0
1,Matias Jaque,2534.0
2,Matt Herman,2555.0
2,Matt Pon,2540.0
1,Matt Zavortink,2579.0
2,Matthew Guo Diao,2612.0
2,Matthew O'Brien,2712.0
1,Matthew Wadsworth,2777.0
2,Matthia Bach,2502.0
4,Matthias Bluebaum,3095.0
2,Matthias Dann,2775.0
2,Matthias Mattenberger,2655.0
5,Matvey Galchenko,2968.0
7,Matyas Palczert,2779.0
2,Matyáš Zeman,2558.0
2,Matías Mingo Fernández,2382.0
2,Matías Pérez Gormaz,2801.0
5,Mauri Lehtosaari,2658.0
1,Maurizio Brancaleoni,2496.0
5,Max Chen,2522.0
2,Max Warmerdam,2946.0
2,Maxi Perez,2673.0
2,Maxim Gavrilov,2656.0
5,Maxim Lugovskoy,2802.0
4,Maxim Matlakov,3035.0
2,Maxim Novik,2635.0
5,Maxim Omariev,2603.0
2,Maxim Ventura,2505.0
5,Maxime Lagarde,3016.0
1,Maxime Vachier-Lagrave,3249.0
5,Maximilian Mostbauer,2726.0
2,Maximiliano Rossi,2371.0
5,Maya Porozhnyak,2503.0
5,Mayank Chakraborty,3073.0
5,Md Bashiq Imrose,2569.0
2,Md Jamal Uddin,2033.0
6,Medet Dzhaparov,2132.0
5,Medina Paz Miguel 1968,2443.0
7,Mees van Osch,2468.0
5,Megan Althea Paragua,2672.0
2,Meilis Annaberdiev,2729.0
5,Melih Kaan Can,2277.0
3,Melih YURTSEVEN,2658.0
7,Melika Mohammadi,2703.0
5,Meri Arabidze,2780.0
2,Meri Grigoryan,2348.0
2,Mert Acikel,2412.0
2,Mert Erdoğdu,2785.0
2,Michael Buscar,2463.0
5,Michael Concio Jr.,2918.0
2,Michael Fernandez,2452.0
5,Michael Klenburg,2640.0
5,Michael Kotyk,2590.0
7,Michael Song,2573.0
2,Michal Fiedorek,2711.0
2,Michal Fudalej,2301.0
5,Michal Koziorowicz,2561.0
2,Michal Mazurkiewicz,2506.0
2,Michal Provaznik,2278.0
2,Michal Redzisz,2471.0
2,Michal Tworuszka,2513.0
5,Michalina Rudzińska,2586.0
5,Michał Bartel,2601.0
5,Michał Kopczyński,2600.0
1,Michał Walentukiewicz,2484.0
5,Michel Alejandro Diaz Perez,2742.0
2,Michel Bifulco,2364.0
5,Michel Coto,2548.0
2,Michel Samuel Lopez Abreu,2389.0
2,Michel Saucey,2336.0
2,"Michelle Catherina, P",2386.0
2,Miguel Angel Marino,2349.0
5,Miguel Munoz,2777.0
4,Miguel Santos Ruiz,2823.0
5,Mihael Ankerst,2541.0
1,Mihai-Lucian Grunberg,2628.0
5,Mihailo Djokic,2812.0
5,Mihnea Costachi,3014.0
5,Mika Karttunen,2754.0
5,Mikayel Manvelyan,2857.0
5,Mikayel Mkrtchyan,2599.0
1,Mikayel Rostomyan,2819.0
2,Mike Hehir,2176.0
7,Mike Ivanov,2537.0
2,Mike Sailer,2186.0
5,Mikelis Vingris,2658.0
2,Mikhael Garakov,2689.0
7,Mikhail Antipov,2987.0
5,Mikhail Bryakin,2979.0
7,Mikhail Chernov,2512.0
5,Mikhail Demidov,3036.0
2,Mikhail Golubev,2724.0
2,Mikhail Gusev,2549.0
5,Mikhail Kazakov,2518.0
2,Mikhail Kobalia,2855.0
2,Mikhail Pesotskiy,2636.0
1,Mikhail V. Kuznetsov,2748.0
6,Mikhail Yashmetov,2667.0
2,Mikkel Jacobsen,2550.0
2,Mikołaj Gbiorczyk,2507.0
2,Milad Khodabandeh,2307.0
5,Milan Jocev,2728.0
5,MillyNeuf,2636.0
7,Milos Milosevic,2500.0
5,Milton Pantzar,2521.0
5,Mina Wael Sabry,2703.0
5,Miran Oganian,2766.0
6,Miras Assylov,2805.0
5,Miroslav Simonovic,2345.0
2,Mirosław Lewicki,2803.0
1,Mitch Fishbein,2574.0
5,Mitrabha Guha,2921.0
7,Miłosz Szpar,2937.0
7,Mladen Gajic,2524.0
5,Mobina Alinasab,2753.0
5,Mohamed Anees M,2775.0
2,Mohamed Ezat,2692.0
2,Mohamed Haddouche,2821.0
7,Mohamed Nouali,2624.0
5,Mohamed Salem Yahi,1874.0
5,Mohammad Fahad Rahman,2784.0
2,Mohammad Mohammadian,1889.0
2,Mohammadhossein Shamsi,2478.0
5,Mohammed Seder,2800.0
2,Mohsen Gabr,2652.0
2,Moksh Amit Doshi,2753.0
5,Momchil Petkov,3031.0
2,Monika Marcińczyk,2127.0
7,Moritz Weishäutel,2770.0
1,Mostafa Sakhaei,2558.0
2,Mounika Akshaya Bommini,2181.0
5,Mr. Sai Han Thiha,2635.0
2,Mrudul Dehankar,2517.0
2,Muhittin Büker,2214.0
5,Mukhammadali Abdurakhmonov,2915.0
5,Mukhammadzokhid Suyarov,3094.0
5,Mukhiddin Madaminov,3030.0
5,Munkhgal Gombosuren,2670.0
1,Murad İbrahimli,3023.0
1,Mustafa Yilmaz,2970.0
5,Mykhailo Shinkarev,2535.0
1,Mykhaylo Kepeshchuk,2642.0
5,Mykola Bortnyk,3170.0
4,Mykola Korchynskyi,2922.0
2,Myroslava Hrabinska,2281.0
5,Máté Gyenes,2553.0
1,Nad Titus Petre,2610.0
2,Nadezhda Antonova,2032.0
2,Nadezhda Kostina,2127.0
1,Nadya Toncheva,2662.0
2,Nafisa Muminova,2306.0
5,Nahun Gavarrete,2216.0
7,Nail Bashirli,2780.0
5,Nameer Issani,2735.0
2,Namitbir Singh Walia,2607.0
5,Narayan Venkatesh,2600.0
5,Narek Ghimoyan,2793.0
5,Narmin Khalafova,2479.0
2,Nasrin Babayeva,2200.0
2,Nasyrova Ekaterina,2381.0
2,Natalia Zhukova,2510.0
5,Natalie Wisniowski,2211.0
5,Nataliya Buksa,2654.0
2,Nate Solon,2603.0
5,Nathaniel Mullodzhanov,2883.0
1,Naveen Jain,2379.0
5,Nayem haque,2576.0
5,Nazar Firman,2589.0
5,Nebojsa Ristic,2564.0
7,Necmettin KORKMAZ,2486.0
1,Neeraj Harish,2300.0
2,Nemo Zhou,2251.0
2,Nesa Modric,2400.0
2,Neven Hercegovac,2510.0
2,Newansa M Esandi,2330.0
5,Nguyen Ngoc Truong Son,2979.0
2,Nhat Minh To,2804.0
5,Nhung Hong Nguyen,2626.0
5,Nicholas Figorito,2500.0
5,Nicholas Ladan,2656.0
2,Niclas Huschenbeth,2572.0
2,Nicodim_Cosmin Stepanencu,2600.0
5,Nicola Altini,2683.0
5,Nicolai Maxime Østensen,2908.0
1,Nicolas Brunner,2587.0
2,Nicolas Cogan,2429.0
2,Nicolas De La Colina,2752.0
5,Nicolas Perossa,2664.0
5,Nicolò Napoli,2553.0
6,Nihal Sarin,3280.0
5,Nikhil Dixit,2535.0
2,Nikita Fedotov,2565.0
2,Nikita Filindash,2375.0
5,Nikita Khoroshev,2785.0
5,Nikita Kraiouchkine,2636.0
5,Nikita Matinian,2820.0
5,Nikita Meshkovs,2917.0
4,Nikita Shandrygin,2774.0
2,Niklas Schmider,2574.0
5,Niklesha Tharushi,2467.0
5,Nikolai Aliavdin,2705.0
7,Nikolai Kabanov,2506.0
5,Nikolai Vlassov,2730.0
2,Nikolaos Skiadopoulos,2031.0
2,Nikolaos Spyropoulos,2604.0
2,Nikolas Koutlas,2572.0
5,Nikolas Theodorou,3179.0
2,Nikolay Kleimenov,2720.0
5,Nikolay Maevskiy,2744.0
1,Nikolay Milchev,2570.0
5,Nikolay Pavlov,2728.0
5,Nikoloz Petriashvili,2894.0
5,Nikolozi Kacharava,2828.0
1,Nils Grandelius,3101.0
5,Nils Richter,2703.0
7,Nima Hosseinzadeh,2693.0
5,Nimay Agrawal,2463.0
1,Nino Batsiashvili,2549.0
5,Niranjan Navalgund,2565.0
5,Nisha Mohota,2318.0
5,Nisim Iliaguev,2683.0
5,Nita Lucian,2442.0
7,Nitai Leve,2425.0
2,Nitin Senthilvel,2811.0
6,Nitish Belurkar,2790.0
5,Nitish Nathan,2818.0
2,Nitzan Steinberg,3006.0
5,Noah Thomforde-Toates,2860.0
5,Noam Vitenberg,2567.0
2,Nodar Lortkipanidze,2956.0
6,Nodirbek Abdusattorov,3140.0
5,Novak Čabarkapa,2778.0
2,Novendra Priasmoro,2900.0
1,Noël Studer,2650.0
1,Nurai Sovetbekova,2440.0
2,Nurgazy Zheenbekov,2447.0
6,Nurgyul Salimova,2760.0
5,Obolenskikh Dmitry,2761.0
1,Okan Bulgurlu,2337.0
2,Olaf Michalski,2132.0
5,Oleg Artemenko,2696.0
5,Oleg Badmatsyrenov,2749.0
2,Oleg Kozlov,2747.0
4,Oleg Papayan,2628.0
5,Oleg Rychkov,2780.0
7,Oleg Terletsky,2533.0
5,Oleg Vastrukhin,2987.0
5,Oleg Yaksin,2646.0
5,OlegKrivonosov,2729.0
5,Oleksandr Bortnyk,3210.0
5,Oleksandr Kuzhilniy,2636.0
1,Oleksandr Matlak,2601.0
2,Oleksandr Prokhorov,2404.0
5,Oleksandr Shymanskyi,2601.0
5,Oleksandr Vasynda,2650.0
2,Oleksandr Yevchenko,2386.0
5,Oleksandr Yurovskykh,2652.0
1,Oleksiy Solovchuk,2569.0
2,Olexandr Shevchuk,2475.0
5,Olexiy Bilych,2780.0
7,Olga Artemyeva,2189.0
1,Olga Babiy,2455.0
2,Olga Badelka,2534.0
1,Olga Girya,2595.0
2,Olga Karavaeva,2260.0
5,Olga Kuznetsova,2614.0
2,Olga Matveeva,2444.0
2,Olga Sikorova,2402.0
5,Olga Yushko,2309.0
5,Olga Zhuravleva,2347.0
2,Oliver Stork,2619.0
2,Oliver Wartiovaara,2643.0
5,Olzhas Khamzin,2302.0
5,Om Kadam,2732.0
5,Omar Garcia Blanco,2673.0
5,Omer Akkara,2785.0
1,Omran Alhosani,2453.0
5,Ondrej Toman,2748.0
2,Onno Elgersma,2699.0
4,Orest Vovk,2622.0
1,Ori Kobo,2811.0
5,Ori Taichman,2666.0
5,Oriol Serra Canals,2339.0
2,Ortik Nigmatov,2832.0
5,Oscar Ardila,2515.0
2,Oscar yosimar Acosta cruz,2250.0
5,Oskar Wieczorek,2911.0
5,Owen McCoy,2905.0
2,PAULO CÉSAR COSTA,2322.0
2,Pablo Barrionuevo,2430.0
2,Pablo Glavina,2826.0
7,Pablo Lalanne,2485.0
6,Pablo Salinas Herrera,2966.0
2,Pablo Zarnicki,2722.0
2,Paco Rubio Tent,2416.0
2,Padmini Rout,2626.0
2,Panagiotis Hristodoulou,2778.0
2,Pantata007,2480.0
2,Paolo Ciuffoletti,2223.0
1,Papp Levente,2683.0
5,Papp Petra,2572.0
2,Pappu Murthy,2082.0
1,Parham Maghsoodloo,3272.0
5,Paris Prestia,2768.0
5,Pariston Hill,2517.0
5,Patrick Aizpurúa,2696.0
7,Patrick Perry,2254.0
5,Patrik Aalto,2683.0
5,Patrik Stevik,2626.0
1,Patryk Chylewski,2560.0
4,Patryk Cieslak,3001.0
3,Patryk Stanisz,2546.0
2,Patty Castillo,1902.0
5,Pau Marin Ferragut,2653.0
2,Paul Burke,1880.0
5,Paul Cristian Rusan,2147.0
2,Paul Makarov,2402.0
2,Paul Richter,2787.0
2,Paul Rohwer,2401.0
5,Paulina Cagara,2210.0
2,Paulius Pultinevičius,2799.0
5,Paulo Jodorcovsky Werjivker,2459.0
2,Pavel Chernomordik,2503.0
3,Pavel Eljanov,2965.0
5,Pavel Kiselev,2332.0
5,Pavel Plotnikov,2556.0
2,Pavel Politov,2349.0
1,Pavel Ponkratov,2873.0
5,Pavel Salman,2576.0
2,Pavel Skatchkov,2726.0
2,Pavel Smirnov,2743.0
1,Pavel Tregubov,2596.0
2,Pavel-Alexandru Nastore,2560.0
5,PavelShkapenko,2817.0
7,Pawel Flis,2249.0
5,Pawel‚ Dudzinski,2545.0
5,Paweł Kowalczyk,2739.0
5,Paweł Kukuła,2602.0
5,Paweł Sowiński,2949.0
5,Pedro Espinosa,2729.0
5,Pedro Filipe Rego,2497.0
2,Pedro Gil Ferreira Da Silva,2450.0
5,Pedro Martinez,2576.0
1,Pere Garriga Cazorla,2801.0
2,Peter Keller,2466.0
5,Peter Lizak,2644.0
5,Peter Prohaszka,2708.0
5,Peter Roberson,2740.0
1,Peter Sadilek,2411.0
2,Peter Svidler,2863.0
2,Petr Matyukov,2604.0
1,Petro Golubka,2750.0
5,Phileas Mathieu,2701.0
7,Philipp Sonnenschein,2515.0
2,Phuong Hanh Luong,2536.0
5,Piero Mazzilli,2350.0
2,Pierre Barbot,2344.0
2,Pierre Villegas,2584.0
2,Piotr Brodowski,2742.0
5,Piotr Brzezina,2733.0
7,Piotr Dobrowolski,2706.0
5,Piotr Kejna,2688.0
2,Piotr Lopusiewicz,2452.0
5,Piotr Piesik,2765.0
6,Piotrek Mickiewicz,2487.0
5,Plamen Stefanov,2201.0
5,Polina A Smirnova,2327.0
2,Polina Gutkovich,2246.0
5,Polina Shuvalova,2908.0
5,Pouria Darini,2787.0
1,Pouya Idani,2988.0
1,Praggnanandhaa Rameshbabu,3189.0
5,Pranav Anand,3142.0
5,Pranav Senthilkumar,2560.0
7,Pranav V,3169.0
5,Pranesh M,3196.0
5,Praveen Balakrishnan,2855.0
6,Prithu Gupta,2582.0
5,Priyansh Garg,2369.0
5,Prraneeth Vuppala,2763.0
5,Przemyslaw Koc,2556.0
5,Punin Andrii,2686.0
5,Qi Pang,2649.0
2,Qianyun Gong,2728.0
5,Qingyu Yuan,2788.0
2,Quiet_Desperation,1533.0
1,Quoc Hy Nguyen,2984.0
2,RICHARD POLACZEK,2331.0
2,Raahul V S,2703.0
2,Rachid Schrik,2334.0
5,Radmila Kovacevic,2250.0
2,Radoslaw Szczepanek,2398.0
5,Radosław Dzierżak,2402.0
3,Rafael Leitao,2883.0
2,Rafael Merino García,2515.0
2,Rafael Miranda,2764.0
5,Rafael Teixeira,2234.0
1,Rafael Vahanyan,2660.0
5,Rafael Ventura dos Santos,2453.0
5,Rafail Antoniou,2716.0
5,Rafal Szyszylo,2409.0
2,Rafał Lewandowski,2353.0
2,Rafał Tymrakiewicz,2471.0
2,Raja Rithvik R,2919.0
2,Rakesh Kulkarni,2470.0
5,Ralph Federick Tan,2472.0
5,Ramil Faizrakhmanov,2931.0
2,Ramiro Corona Monraz,1779.0
5,Ramon Jr. Manon-og,2437.0
5,Ramyres Santana Coelho,2233.0
2,Randal Ferguson,2046.0
2,Ranesh Ratnesan,2531.0
2,Ranindu Dilshan Liyanage,2756.0
1,Raphael Alonso,2573.0
5,Raphael Lagunow,2536.0
6,Raphael Mayaud,2453.0
5,Raset Ziatdinov,2655.0
5,Rashad Zeynalli,2763.0
7,Rasmus Skytte,2620.0
5,Rasmus Svane,3077.0
2,Rastko Svicevic,2359.0
2,Ratko Novak,2660.0
1,Raunak Sadhwani,3166.0
1,Ravan Aliyev,2951.0
2,Raven Sturt,2796.0
5,Raymond Gao,2487.0
2,Raymond Kaufman,2427.0
7,Razvan Preotu,2761.0
1,Read Samadov,2979.0
1,Rebeca Garcia Hernandez,2173.0
2,Rebeca Jiménez Fernández,2395.0
5,Reem Sherman,2717.0
5,Regita Desyari Putri,2298.0
1,Reinis Paikens,2808.0
2,Remy Rushbrooke,2145.0
2,Renato Quintiliano,2823.0
1,Renato Terry,3145.0
2,Rene Humberto Perera Alfonso,2372.0
2,Rene' Phillips,1939.0
2,Renzo Jhonathan Rengifo Blancas,2518.0
2,Reza Mahdavi,3057.0
2,Rian Kapriaga,2414.0
1,Ribeiro Domingues Ribeiro,2511.0
1,Ricardo D Darruda,2480.0
2,Ricardo Maruchi Desideri,2066.0
2,Richard Bethke,2463.0
2,Richard Persson,2277.0
7,Richard Pert,2715.0
5,Richard Stalmach,2534.0
2,Richard Vedder,2522.0
2,Richard Yi,2731.0
2,Rick Frischmann,2580.0
2,Rick GC,2422.0
1,Rinat Jumabayev,3055.0
5,Rishabh Chandrashekhar Gokhale,2616.0
7,Robby Kevlishvili,3092.0
7,Robert Aloma,2539.0
7,Robert Baskin,2695.0
2,Robert Díaz Villagrán,2729.0
6,Robert Gabriel,1917.0
2,Robert Hungaski,2679.0
5,Robert Kula,2324.0
2,Robert L. Hess,2876.0
2,Robert Mcligeyo,2233.0
5,Robert Piliposyan,2911.0
2,Robert Ramirez,2497.0
1,Robert Safin,2590.0
5,Robert Sava,2616.0
1,Roberto Al Avila Bautista,2666.0
1,Roberto Carlos Gomez Ledo,2766.0
7,Roberto De Abreu,2123.0
3,Roberto Junio Brito Molina,2904.0
2,Roberto Martin del Campo,2488.0
2,Robinson Perez,2396.0
1,Rodion Radzhabov,2693.0
5,Rodolfos Stamatiou,2650.0
5,Rodrigo Espinoza Villanueva,2658.0
2,Rodrigo Mendoza Acuna,2617.0
5,Rodrigo Román,2475.0
1,Rodrigo Vasquez,2863.0
1,Rogerio Paulo Muller Fernandes,2311.0
7,Rohan Rajaram,2646.0
5,Rohit S,2813.0
5,Rohith Krishna,3005.0
2,Rohun Trakru,2734.0
5,Roman Dehtiarov,2814.0
1,Roman Ganzhurov,2620.0
2,Roman Gavrilin,2651.0
2,Roman Goldin,2493.0
5,Roman Jiganchine,2395.0
2,Roman Kezin,2905.0
7,Roman Komov,2926.0
2,Roman Kozelov,2459.0
2,Roman Kuzmin,2694.0
2,Roman Novoselov,2641.0
2,Roman Ovetchkin,2658.0
5,Roman Pyrih,2961.0
3,Roman Shogdzhiev,2822.0
2,Roman Shton,2501.0
2,Roman Tomaszewski,2218.0
5,Roman Yanchenko,2818.0
2,Ronaldo Alonso Moreira,2302.0
5,Ronan Le Goff,2518.0
5,Rosh Jain,2622.0
2,Roshan Sethuraman,2676.0
1,Roven Vogel,2945.0
5,Roza Idrisova,1907.0
5,Ruben Akhayan,2468.0
5,Ruben Gideon Köllner,2830.0
2,Rubens Gazineu,2050.0
2,Rubén Domingo Núñez,2746.0
5,Rudi Olenik Campa,2705.0
5,Rudik Makarian,3073.0
2,RupeshReddyY,2492.0
5,Rushan Bogaudinov,2466.0
2,Ruslan Gnechko,2498.0
2,Ruslan Kashtanov,2529.0
5,Ruslan Kavyev,2814.0
2,Ruslan Momunaliev,2676.0
6,Rustam Khusnutdinov,2937.0
5,Rustam Rustamov,3018.0
5,Rustem Gorbenko,2414.0
4,Ryan Amburgy,2843.0
5,Ryan Hamley,2629.0
5,Ryo Chen,2986.0
2,Rômulo Cardoso,2502.0
2,S R,1962.0
5,S.L. Narayanan,3044.0
5,SALVA-DALI,2757.0
1,SHAPIRO VIKTOR,2551.0
5,Saadat Bashirli,2460.0
2,Sabir Umarov,2441.0
2,Sabrina Vega,2498.0
5,Safin Safarullakhan,2370.0
2,Sahaj Grover,2803.0
1,Sahebali Atanejhad,2491.0
4,Sahib Singh,2727.0
5,Sahil Tickoo,2506.0
5,Sai Krishna G V,2772.0
2,Sai Nirupama Kotepalli,2525.0
2,Saidakbar Saydaliev,2819.0
1,Sakshi Chitlange,2486.0
1,Salem AR Saleh,3186.0
2,Salomeja Zaksaite,2358.0
2,Sam Schmakel,2903.0
2,Sam Sevian,3093.0
1,Sam Shankland,2984.0
2,Sambit Panda,2712.0
2,Sameer Mujumdar,2549.0
2,Sammed Shete,2658.0
5,Samuel Fieberg,2544.0
3,Samuel Jesus P Goncalves,2452.0
2,Samuel Malka,2671.0
5,Samuel Zenelaj,2606.0
2,SamuelGhimpu2003,2679.0
1,Samvel Ter-Sahakyan,3031.0
7,San Thit Lwin,2237.0
2,Sanan Sjugirov,3121.0
5,Sandi Stojanovski,2369.0
2,Santiago  Rodriguez,2583.0
2,Santiago Avila Pavas,2760.0
2,Santiago Guevara,2270.0
2,Santiago Quiñones García,2430.0
2,Sarah Sima Derlich,2100.0
2,Saravana Krishnan P,2515.0
5,Sargis Manukyan,2741.0
7,Sargis Sargissyan,2473.0
5,Sarp Sahin,2453.0
5,Sarveshwaran V,2599.0
5,Sasvatha A,2381.0
6,Satbek Akhmedinov,2703.0
5,Sathvik Adiga,2820.0
3,Satria Duta Cahaya,2815.0
1,Savitha Shri B,2736.0
5,Savva Vetokhin,3020.0
6,Sayed Javad Alavi,2878.0
5,Sean Senft,2537.0
2,Sebasti&aacute;n Mar&iacute;n,2352.0
7,Sebastian  Zsombor Peczely,2566.0
2,Sebastian Bazzano,2396.0
2,Sebastian Mihajlov,2844.0
5,Sebastian Półtorak,2750.0
5,Sebastien Azar,2742.0
5,Sebastien Maze,2801.0
5,Semen Kazmin,2693.0
7,Semen Khanin,2919.0
7,Semen Mitusov,2709.0
1,Semen Novozhilov,2914.0
5,Semetey Tologontegin,2670.0
5,Semyon Puzyrevsky,2911.0
5,Senthil Maran,2603.0
5,Seo Jungmin,2942.0
1,Serafin Moral Garcia,2670.0
2,Serban Cristian,2644.0
5,Serdar Murat Yildiz,2714.0
1,Sergei Iskusnyh,2768.0
2,Sergei Ljukin,2543.0
2,Sergei Lobanov,2933.0
2,Sergei Mihajlovskij,2519.0
2,Sergei Zhigalko,3089.0
5,Sergey Drygalov,3142.0
1,Sergey Grigoriants,3000.0
5,Sergey Nefedov,2787.0
2,Sergey Rodchenkov,2627.0
2,Sergey Sergienko,2310.0
1,Sergey Shipov,2726.0
5,Sergey Shtyka,2517.0
1,Sergey Sklokin,3023.0
2,Sergey Slugin,2649.0
1,Serghei Gostev,2506.0
2,Sergio Barrientos Chavarria,2744.0
5,Sergio Hernández Leon,2503.0
2,Sergio Joshafatt Morales Garcia,2511.0
2,Sergiy Zavgorodniy,2556.0
1,Serhan Berat Özdemir,2622.0
1,Sethuraman S.P,2916.0
2,Setu Madhav Yellumahanthi,2712.0
5,Seyed Abolfazl Moosavifar,2879.0
5,Seyed Kian Ghoreishi Amiri,2717.0
5,Seyed Poormosavi,2828.0
4,Shaaketh Sivakumar,2930.0
2,Shaashwath Sivakumar,2614.0
5,Shahdad Teimouri Yadkuri,2575.0
5,Shahruh Turayev,2900.0
1,Shakhriyar Mamedyarov,3094.0
7,Shamil Arslanov,2905.0
1,Shamsiddin Vokhidov,3030.0
5,Shane Melaugh,2503.0
5,Shanmukha Meruga,2522.0
5,Shant Sargsyan,3024.0
5,Sharapov Evgeny,2659.0
5,Sharath Radhakrishnan,2559.0
2,Sharvesh Deviprasath,2636.0
2,Shawn Martinez,2371.0
2,Shawn Rodrigue-Lemieux,2903.0
5,Sherif Khater,2601.0
5,ShimanovAlex,2958.0
2,Shiyam Thavandiran,2701.0
2,Sho Glashausser,2168.0
1,Shreyas Royal,2843.0
5,Shubh Laddha,2669.0
2,Shubhi Gupta,2517.0
2,Shukhrat Makhmudov,2387.0
5,Shyaamnikhil P,2631.0
2,Shyam Gandhi,2272.0
7,Siar Yaran,2753.0
5,Siem van Dael,2169.0
5,Sihan Tao,2609.0
7,Silvius Tiberius,2907.0
4,Simao Poscidonio Dias,2474.0
7,Simeon Todev,2512.0
5,Simon Lamaze,2671.0
5,Simon Williams,2793.0
2,Sina Movahed,3201.0
7,SirMittensofMittensville,2677.0
2,Siva Mahadevan,2792.0
2,Sivanesan Nithyalakshmi,2327.0
1,Skat2704,2480.0
5,Slaven Pastar,2802.0
5,Slobodan Filipovic,2498.0
2,Sofia Blokhin,2341.0
2,Sofia Pogorelskikh,2299.0
2,Sofiia Hryzlova,2497.0
5,Soham Kamotra,2739.0
2,Soltan Muradov,2514.0
5,Sondre Melaa,2722.0
2,Soren Bech Hansen,2372.0
2,Sourath Biswas,2623.0
7,Sravan Renjith,2804.0
7,Sreyas Payyappat,2461.0
5,Sricharan Pullela,2496.0
7,Srihari L,2818.0
5,Srihari L R,2918.0
5,Srinath Narayanan,2844.0
5,Sriram Krishnakumar,2562.0
5,Srishti Pandey,2525.0
2,Srivastan Karthikeyan,2464.0
1,Stamatis Kourkoulos-Arditis,2852.0
5,Stanislav Bukreev,2859.0
2,Stanislav Kovalevsky,2494.0
2,Stanislav Tsyhanchuk,2628.0
2,Stanisław Osiecki,2238.0
5,Stanley Badacsonyi,2770.0
1,Stanoje Jovic,2532.0
5,Stefan Eilers,2518.0
5,Stefan Mladenovic,2679.0
5,Stefanos Kazantzoglou,2538.0
2,Stelios Halkias,2767.0
2,Stepan Osinovsky,2365.0
5,Stephan Becking,2724.0
7,Stephen Capp,2250.0
7,Stephen Willy,2557.0
5,Steve Harrington,2127.0
7,Steven Cooklev,2466.0
5,Steven Javier Rojas Salas,2592.0
5,Steven Zierk,2953.0
2,Stöttner Lukas,2360.0
2,Sujana Lohani,2315.0
5,Suleyman Suleymanlı,2823.0
5,Sully McConnell,2758.0
5,Sultai Chyngyz,2528.0
5,Sultanbeibarys Dumanuly,2542.0
2,Sune Berg Hansen,2757.0
5,Supratit Banerjee,2755.0
5,Suresh Harsh,2811.0
2,Susanna Gaboyan,2286.0
5,Suvradeepta Das,2415.0
2,Suvrajit Saha,2248.0
3,Suyog Wagh,2895.0
2,Sven Tica,2742.0
1,Svetlana Vifleemskaia,2364.0
5,Svyatoslav Korneev Leskova,2711.0
5,Svyatoslav Lisenkov,2825.0
7,Swara Lakshmi Nair,2371.0
5,Sweafty,2633.0
2,Szymon Gumularz,3068.0
2,Sébastien Bouchet,2580.0
3,Símon Þórhallsson,2603.0
5,Sławomir Kurpiewski,2139.0
5,Sơn Đặng,2809.0
2,Tabaré Bustelo,1961.0
5,Tahsin Tajwar Zia,2607.0
2,Talaibek Osmonbekov,2395.0
2,Talibov Shiroghlan,3005.0
6,Tamas Banusz,3101.0
5,Tamas-Kristof Balla,2702.0
5,Tamaz Mgeladze,2741.0
5,Tangi Migot,2523.0
4,Tanitoluwa Adewumi,2979.0
5,Tanraj Sohal,2528.0
1,Tarasova Viktoriya,2403.0
2,Tarini Goyal,2363.0
2,Tarun Kanyamarala,2557.0
2,Tatev Abrahamyan,2528.0
2,Tatiana Bogumil,1940.0
5,TatjanaVasilevich,2719.0
5,Tehni4arce,2559.0
1,Teimur Toktomushev,2809.0
4,Tejas Rama,2588.0
2,Teodora Injac,2735.0
3,Terry Luo,2757.0
1,ThaKanielOutis,2498.0
2,Tharushi T.H.D. Niklesha,2132.0
2,The_filthy,2210.0
5,Theo Bressy,2610.0
1,Theodore Slade,2554.0
5,Thomas Bauer,2607.0
4,Thomas Beerdsen,2833.0
6,Thomas Carroll,2545.0
7,Thomas Christensen,2211.0
6,Thomas Decker,2388.0
2,Thomas Diem,2418.0
7,Thomas Eggleston,2492.0
1,Thomas Kahlert,2455.0
2,Thomas Michalczak,2405.0
2,Thomas Rendle,2760.0
2,Thomas Thiel,2200.0
2,Thore Perske,2592.0
2,Tiago Batista Oliveira,2059.0
2,Tiago Carvalho Mangialardo,2029.0
2,Tiago Cunha Navarro,2491.0
5,Tigran Mukhutdinov,2752.0
4,Tigran Nazaretyan,2637.0
3,Tihomir Yanev,2566.0
5,Tikhon Popov,2725.0
5,Tikhonov Viacheslav,2560.0
5,Tim Grutter,2741.0
7,Tim Kett,2190.0
5,Timofey Iljin,2642.0
2,Timofey Smirnov,1977.0
2,Timur Gareyev,2773.0
5,Timur Kocharin,2606.0
4,Timur Yonal,2478.0
5,Tobias Kölle,3017.0
5,Tobias Lang Nilsen,2596.0
2,Tobias Rizzo,2590.0
5,Tobias Voege,2744.0
5,Todd Andrews,2568.0
5,Todd Bryant,2353.0
1,Tom Decuigniere,2645.0
7,Tom O'Gorman,2640.0
2,Tomas Kraus,2216.0
1,Tomas Laurusas,2819.0
5,Tomasz Jaskolka,2696.0
2,Tomasz Mika,2610.0
2,Tommi Luukkonen,2449.0
5,Tomáš Vaněk,2194.0
5,Tor Fredrik Kaasen,2870.0
1,Torben Søraas,2406.0
3,Trisha Kanyamarala,2571.0
3,Tsvetan Stoyanov,2910.0
1,Tuan Minh Le,3224.0
2,Tudor Henry Edward,2620.0
7,Tuna Özateş,2626.0
6,Tunahan Makaraci,2421.0
2,Turkan Mamedjarova,2409.0
5,Tyhran Ambartsumian,2835.0
5,Tykhon Cherniaiev,2871.0
6,Tyler Tanaka,2696.0
2,Tymon Ochedzan,2232.0
5,Tymur Keleberda,2729.0
5,Tyrell Harriott,2313.0
2,UKR_Master,2642.0
5,Ufuk Sezen Arat,2639.0
5,Ugur Doga Yazici,2525.0
5,Uliana Dudkina,2621.0
7,Ulises Hernández Bermúdez,2389.0
2,Ulrich Zimmermann,2536.0
5,Umid Aslanov,2775.0
7,Umut Erdem Gündüz,2678.0
2,Unknown_IM,2896.0
1,Uurtsaikh Agibileg,2723.0
2,Uwe Kleibel,2346.0
5,Vache Hovakimyan,2687.0
5,Vaclav Finek,2958.0
1,Vadim Bobkov,2800.0
7,Vadym Petrovskyi,2811.0
5,Vahan Nalbandyan,2770.0
5,Vahap Sanal,2966.0
7,Vahe Baghdasaryan,2566.0
6,Vahe Danielyan,2730.0
5,Vaibhav Raut,2645.0
7,Vaishali R,2805.0
2,Valdis Troņenkovs,2577.0
7,Valentin Dragnev,2909.0
1,Valentina Golubenko,2342.0
1,Valentina Gunina,2671.0
5,Valentyn Hulka,2951.0
2,Valentyn Prokofiev,2683.0
2,Valeria Viana,2119.0
2,Valerie Ruchinskaya,2341.0
5,Valerio Carnicelli,2730.0
1,Valeriy Grinev,2711.0
1,Valery Kazakouski,3028.0
2,Valery Skatchkov,2867.0
5,Valiantsin Yezhel,2547.0
2,Vantika Agrawal,2608.0
1,Vardan Danielian,2700.0
5,Varun Krishnan,2761.0
1,Varuzhan Akobian,2969.0
3,Vasif Durarbayli,2981.0
1,Vasil Trickov,2446.0
1,Vasilii Titarov,2544.0
6,Vasiliy Korchmar,2678.0
5,Vasily Volovich,2774.0
1,Veaceslav Slovineanu,2510.0
2,Vedant Goswami,2390.0
5,Vedant Nitin Vekhande,2523.0
5,Vedant Panesar,2974.0
2,Velimir Ivic,2987.0
1,Veronika Minina,2317.0
5,Veronika Shubenkova,2703.0
5,Viachaslau Zarubitski,2809.0
1,Viacheslav Mikhailov,2824.0
2,Viacheslav Rozhkov,2487.0
2,Victor Bologan,2854.0
5,Victor Labussiere,2551.0
1,Victor Mikhalevski,2763.0
5,Vidar Grahn,2440.0
1,Vidit Gujrathi,3054.0
5,Vignesh N.R,2899.0
5,Vignir Vatnar Stefansson,2842.0
5,Vihaan Jammalamadaka,2700.0
2,Viktor Berezin,2566.0
2,Viktor Dmitrenko,2777.0
2,Viktor Ianov,2552.0
2,Viktor Neustroev,2421.0
2,Viktor Parfenov,2511.0
2,Viktor Poddubnyi,2374.0
1,Viktor Romanchuk,2541.0
5,Viktor Skliarov,2690.0
5,Vilka Sipilä,2638.0
2,Vilmos Balint,2392.0
5,Vince Gergő Turcsányi,2512.0
1,Vincent Keymer,3165.0
7,Vincent Riff,2634.0
2,Vinicius Tiné Martins,2522.0
5,Vinzent Spitzl,2574.0
1,Visakh NR,2949.0
1,Vitaliy Bernadskiy,2888.0
4,Vitaliy Garbuz,2552.0
2,Vitaly Rodchenkov,2258.0
2,Vitaly Teterev,2707.0
5,Vitor Ferreira,2603.0
2,Vitorio Chemin,2091.0
2,Vittorio Cinà,2532.0
5,Vitus Bondo Medhus,2795.0
7,Vivaan Vishal Shah,2716.0
1,Vjacheslav Weetik,2829.0
6,Vlad Lymar,2635.0
5,Vlada Sviridova,2166.0
1,Vladimir Belous,2913.0
2,Vladimir Bugayev,2410.0
1,Vladimir Burmakin,2754.0
2,Vladimir Bychkov,2556.0
2,Vladimir Chernikov,2583.0
6,Vladimir Damjanovic,2659.0
7,Vladimir Demin,2564.0
6,Vladimir Dobrov,2899.0
1,Vladimir Fedoseev,3109.0
2,Vladimir Grabinsky,2202.0
2,Vladimir Hamitevici,2888.0
3,Vladimir Mikhailovsky,2944.0
5,Vladimir Sakun,2903.0
2,Vladimir Seliverstov,2993.0
5,Vladimir Zakhartsov,2977.0
5,Vladimir Zemerov,2178.0
1,VladimirKramnik,3062.0
2,Vladimír Bochnička,2491.0
1,Vladislav Artemiev,3071.0
2,Vladislav Efremov,2446.0
1,Vladislav Gontcharov,2703.0
1,Vladislav Kovalev,2844.0
5,Vladislav Voitovich,2808.0
4,Vladyslav Baziuk,2800.0
1,Vladyslav Sydoryka,2803.0
2,Vo Quoc Bao Tran,2711.0
5,Vojislav Milanovic,2522.0
7,Vojtěch Plát,2886.0
7,Volen Dyulgerov,2546.0
2,Volkan Yirik,2504.0
2,Volodar Murzin,3129.0
5,Volodya Torosyan,2703.0
2,Volodymyr Onyshchuk,2964.0
1,Volodymyr Vetoshko,2849.0
5,Volodymyr Vusatiuk,2636.0
5,Volodymyr Yaniuk,2729.0
2,Vsevolod Ovchinnikov,2698.0
5,Vsevolod Rytenko,2529.0
5,Vugar Manafov,2983.0
4,Vugar Rasulov,3148.0
5,Vuk Damjanovic,2964.0
5,Vuk Djordjevic,2890.0
2,Wagner Guimarães,2394.0
5,Walter Cuevas Araya,2394.0
5,Wanderlei Lukachewski Junior,2483.0
5,Ward Al-Tarboush,2728.0
3,Wellington Albuquerque Jr.,2335.0
6,Wesley So,3224.0
2,Wiktoria Śmietańska,2518.0
2,Wilfredo Sariego Figueredo,2644.0
2,Willi Skibbe,2461.0
5,William Alfaro Caracas,2408.0
2,William Coe,2257.0
5,William Ferreira Da Cruz,2514.0
7,William Graif,2706.0
2,William Hernandez Gonzalez,2610.0
2,William Olsson,2608.0
1,Wilson Morales,2736.0
1,Witold Klepek,2579.0
2,Wladimir Zampronha,2438.0
5,Wojciech Przybylski,2558.0
5,Wojciech Śmieszek,2534.0
5,WonderChampion,2336.0
5,Wouter Terlouw,2552.0
2,Xavier Martinez Pla,2497.0
2,Xeniya Balabayeva,2495.0
2,Xiaobing Gu,2418.0
7,Xu Yi,2927.0
5,Yaacov Norowitz,2916.0
7,Yagiz Kaan Erdogmus,3086.0
5,Yago Labussiere,2328.0
3,Yahli Sokolovsky,2824.0
2,Yair Parkhov,2687.0
4,"Yang, Kaiqi",2604.0
4,Yaroslav Demchenko,2544.0
4,Yaroslav Remizov,2864.0
2,Yaroslav Shevchenko,2623.0
6,Yasin Emrah Yagiz,2386.0
2,Yelfry Torres,2468.0
3,Yelyzaveta Hrebenshchykova,2446.0
5,Yevhenii Yelisieiev,2701.0
7,Yichen Han,2792.0
2,Yidong Chen,2569.0
2,Yilin Li,2255.0
5,Yinn Long Wong,2878.0
3,Yoav Milikow,2756.0
2,Yoel Estarling Polanco Nunez,2336.0
7,Yotam Shohat,2491.0
4,Yovann Gatineau,2752.0
4,Yudel Romero Arzuaga,2500.0
5,Yulia Efremova,2328.0
2,Yuliia Osmak,2533.0
2,Yuniesky Quesada,2921.0
2,Yuri Kozin,2700.0
5,Yuri Zhizmer,2648.0
5,Yurii Khodko,2695.0
2,Yuriy Dovzik,2231.0
5,Yuriy Kuzubov,2952.0
5,Yvain Bruned,2510.0
1,ZAHAR HILKEVICH,2615.0
2,Zacarias M Ruben D,2521.0
5,Zachary Calderon,2289.0
6,Zachary Liu,2561.0
7,Zachary Tanenbaum,2806.0
2,Zahar Efimenko,2764.0
3,Zala Urh,2328.0
5,Zane Nasir,2722.0
2,Zarikovs1999,1922.0
3,Zarina Nurgaliyeva,2771.0
2,Zarina Shafigullina,2446.0
7,Zaur Mammadov,2896.0
7,Zaur Tekeyev,2903.0
2,Zbigniew Pakleza,3004.0
2,Zeinep Sultanbek,2525.0
2,Zhamsaran Tsydypov,3070.0
7,Zhanibek Amanov,2471.0
2,Zhaoqi Liu,2478.0
1,Zhongyi Tan,2732.0
2,Zlatko Lisjak,2164.0
5,Zmiyevik2200,2644.0
5,Zoey Tang,2502.0
1,Zoran Velickovic,2426.0
5,Zou Chen,2863.0
2,Zozek Salah Mohammed Mohammed,2434.0
7,Zsigmond Szajbely,2272.0
5,Zsoka Gaal,2515.0
5,Zsolt Korpics,2483.0
2,Zurab Javakhadze,2832.0
2,Zurab Tqebuchava,2246.0
1,Zviad Izoria,2911.0
2,abelmat,2310.0
2,anon102030,2778.0
1,anon219,2896.0
1,anon481216,2486.0
2,anon569,2361.0
5,anon6121824,2898.0
2,anushurvan graf,2365.0
7,asghar golizadeh,2891.0
1,bait_or_mate,2550.0
2,barte bongo,2309.0
2,boris abrashkin,2682.0
2,bratkoo,2546.0
5,broskolis,2502.0
2,buddika amarasinghe,2325.0
5,c_r_e_e_p_e_r,2378.0
1,champ2005,3057.0
5,edison ruge,2216.0
2,elamier fathy,2434.0
5,esapunov,2736.0
5,freshfoodcompany,2506.0
5,goofypenguin96,2585.0
5,hermionegrangermagic,2509.0
5,infinitegiantkiller,2486.0
5,kamran SHIRAZI,2540.0
7,khoipham,2620.0
5,kirillshevchenko,2971.0
5,londonkid,2506.0
7,malakismayil,2592.0
3,mapleaff,2399.0
5,mattcolins2025,2607.0
2,mauro vargas,1999.0
2,moshe katzir,2281.0
7,natelleka,2431.0
5,paradise10,2526.0
2,parintele_chess,2205.0
1,patzer-reloaded,2339.0
6,pawel jaracz,2783.0
5,realmadridtv,2377.0
3,samarth Rao 1664 Leavud Rating,1878.0
2,sau6on,2342.0
1,scandalgod,2672.0
5,shakked tifferet,2577.0
7,sofiko tereladze,2391.0
6,starplatinum2030,2370.0
5,thechesscorner 64,2511.0
5,thisunaa,2082.0
1,vesal hamedi nia,2462.0
2,winniethepooh04,2329.0
7,x-0147207515,2436.0
5,x-0618534659,2753.0
2,x-3704738925,2743.0
5,x-3738459472,2585.0
1,x-5963514717,2620.0
2,x-8127726737,2379.0
5,x-9960558865,2440.0
5,yaguigor,2738.0
2,zbigniew wieczorek,2310.0
6,Ágoston Juhász,2745.0
2,Álvaro Valdés,2536.0
2,Ömer Faruk Özer,2722.0
5,İlhan Serhat Salman,2600.0
5,Łukasz Licznerski,3005.0
5,Štěpán Hrbek,2707.0
5,Аrtеm Odеgоv,2906.0
2,Азат Габдрахманов,2708.0
2,Александр Брюхович,2456.0
2,Алексей Мокшанов,2611.0
2,Андрей Хромкин,2406.0
5,Артём Синявский,2588.0
5,Валерий Свиридов,2933.0
5,Варвара Полякова,2631.0
2,Владимир Матвеев,2664.0
4,Володимир Михальський,2606.0
5,Гор Глиджян,2780.0
5,Григорий Гусаров,2746.0
5,Гульдона Каримова,2429.0
5,Гурвич Виталий,2618.0
2,Даниил Постников,2604.0
7,Данил Найдин,2618.0
5,Денис Денисенко,2447.0
2,Димитрий Король,2564.0
2,Евгений Бурмакин,2471.0
2,Екатерина Кабанова,2314.0
5,Игорь Князев,2355.0
2,Илья Дерябин,2632.0
2,Илья Чеклецов,2668.0
5,Максим Матюнин,2574.0
1,Максим Щекачихин,2719.0
7,Маргарита Филиппова,2509.0
5,Матфей,2506.0
7,Матфей Юрасов,2629.0
5,Микола Боднар,2635.0
5,Михаил Экдышман,2539.0
2,Наталья Зайнуллина,2204.0
1,Нечитайло Нікіта,2271.0
2,Никита Довбня,2306.0
2,Никита Майоров,2430.0
5,Николай Гриценко,2801.0
5,Николай Оглоблин,2567.0
2,Николай Хныкин,2201.0
2,Олег Губанов,2465.0
7,Олег Кислов,2691.0
7,Павел Торопов,2595.0
1,Рамиль Садыков,2934.0
5,Рамиль Хасангатин,2676.0
2,Руслан Габдушев,2522.0
2,Руслан Пахомов,2511.0
5,Сергей Ярый,2627.0
2,Соловьев Александр,2282.0
7,Спартак Высочин,2724.0
5,Феликс Тульчинский,2769.0
2,Шубин Кирилл,2944.0
7,Эдуардо Гербелли Нето,2352.0
5,Эмир Шаршенбеков,2718.0
5,Яков Гинзбург,2562.0
5,Ян Дьомін,2855.0
2,אהרן בגראטיוני,2769.0
