Community,Name,ELO
0,4empechement,2522.0
0,Aaradhya Das,2479.0
1,Aditya Varun Gampa,2687.0
0,Agustin Fuentes,2298.0
0,Aleexeey Sueetin,2458.0
0,Alejandro Pacheco,2577.0
0,Aleksandr Devaev,2547.0
0,Aleksandr Ivanov,2339.0
0,Alexander A. Chernov,2363.0
0,Algol Jorajuria,2393.0
0,Alina Semenova,2590.0
1,Almas Rakhmatullaev,3047.0
0,Andreas Brenke,2378.0
0,Andres Ferriz Barrios,2505.0
1,Andrew Tang,3106.0
2,Andrey Esipenko,3122.0
0,Andrii Palchuk,2671.0
0,Andriy Prydun,2362.0
0,Angie Garcia,2165.0
0,Anna M. Sargsyan,2610.0
0,Arina Kiseleva,2292.0
0,Arthur De Winter,2829.0
2,Baadur Jobava,3002.0
0,Baira Kovanova,2609.0
0,Benedikt Huber,2613.0
1,Bobur Sattarov,2877.0
0,Boris Ferrufino,2361.0
0,Byambaa Uyanga,2203.0
0,Carlos Morales,2510.0
0,Christopher Chabris,2331.0
3,Christopher Guzman,2665.0
2,Cindy Qiao,2393.0
0,Daniel Ser,2515.0
2,David Haydon,2704.0
0,David Temirkanov,2525.0
0,Denis Garrido,2610.0
0,Denis Pershin,2633.0
0,Dion Su,2686.0
0,Edgardo J. Almedina Ortiz,2401.0
0,Edmund C Player,2358.0
0,Enkhrii Enkh-Amgalan,2513.0
0,Erez Kupervaser,2459.0
0,Eric Hansen,2959.0
0,Erik Blomqvist,2583.0
0,Ervin Ozkan,2765.0
0,Evgeniy Najer,2861.0
0,Fabio Colonetti,2370.0
2,Florian Jenni,2414.0
0,Franck Steenbekkers,2030.0
0,Germán Della Morte,2453.0
0,Gerodot71,2737.0
1,Gevorg Harutjunyan,2882.0
0,Giannis Kalogeris,2685.0
0,Gizem Olcayoz,1965.0
0,Grayson Rorrer,2865.0
0,Gukesh D,3080.0
0,Gunay Mammadzada,2573.0
0,Ignacio Gago,2210.0
1,Igor Miladinovic,2877.0
0,Igor Vershinin,2609.0
0,Isuru Alahakoon,2601.0
0,Iulian-Ioan Taras,2394.0
2,Iwo Godzwon,2720.0
0,Jaan Ehlvest,2695.0
0,Jacorey Bynum,2679.0
0,Jasper Rom,2492.0
0,Jean Marco Cruz Mendez,2790.0
2,Jerzy Slaby,2641.0
1,Joakim Nilsson,2631.0
0,Joao Avalos,2448.0
2,Joaquin Fiorito,2889.0
0,John Funderburg,2048.0
0,Jonathan Hrach,2469.0
0,Jonathan Subervi,2384.0
0,Jonny Cueto,2486.0
0,JozefKneht,2676.0
0,Juan Carlos Ricaurte Lopez,2211.0
0,Juan Manuel Garcia Almaguer,2489.0
0,Judah Nathan Levitan,2400.0
0,Julia Elizabeth Sloan,2006.0
0,Justin Blackman,2555.0
0,Justo Reinaldo Chemin,2126.0
0,Ketevan Arakhamia-Grant,2468.0
0,Kevin Cupid,2410.0
0,Kjell Petersson,2123.0
0,Konstnatin Andreev,2642.0
0,Krzysztof Jakubowski,2805.0
2,Le Thao Nguyen Pham,2735.0
0,Leon Mazi,2537.0
0,Leonardo Duarte,2316.0
0,Leslie Carolin Torres Hernandez,2266.0
0,Lilia Fuentes,2213.0
0,Lilit Mkrtchian,2451.0
0,Lucas Aguiar Cunha,2715.0
0,Lucius Melillo,2560.0
0,Luis Eusebio Oro,2314.0
0,Luis Guillermo Antúnez Soler,2601.0
0,Luka Paichadze,2966.0
0,Marcel Beulen,2447.0
0,Martin Brüdigam,2566.0
0,Martin Matthiesen,2514.0
0,Martin Portero Rubio,2334.0
0,Matt Herman,2555.0
0,Matías Mingo Fernández,2382.0
0,Matías Pérez Gormaz,2801.0
0,Michel Saucey,2336.0
0,Mike Sailer,2186.0
0,Mikkel Jacobsen,2550.0
0,Mikołaj Gbiorczyk,2507.0
0,Milad Khodabandeh,2307.0
0,Mrudul Dehankar,2517.0
0,Nadezhda Kostina,2127.0
0,Nafisa Muminova,2306.0
0,Nemo Zhou,2251.0
0,Nesa Modric,2400.0
0,Newansa M Esandi,2330.0
0,Niklas Schmider,2574.0
0,Nikolai Kabanov,2506.0
0,Olga Babiy,2455.0
0,Pierre Villegas,2584.0
2,Pranav V,3169.0
0,RICHARD POLACZEK,2331.0
0,Rafał Lewandowski,2353.0
0,Ranindu Dilshan Liyanage,2756.0
0,Rebeca Jiménez Fernández,2395.0
1,Richard Bethke,2463.0
0,Richard Persson,2277.0
0,Richard Yi,2731.0
0,Rick Frischmann,2580.0
0,Rick GC,2422.0
0,Rohun Trakru,2734.0
1,Roman Gavrilin,2651.0
0,Roman Goldin,2493.0
1,Roman Novoselov,2641.0
0,Ruslan Gnechko,2498.0
0,Ryan Hamley,2629.0
0,Sabrina Vega,2498.0
0,Sambit Panda,2712.0
0,Sammed Shete,2658.0
0,Santiago  Rodriguez,2583.0
0,Sebasti&aacute;n Mar&iacute;n,2352.0
0,Sebastian Bazzano,2396.0
0,Sergei Ljukin,2543.0
2,Sergey Nefedov,2787.0
0,Sergey Rodchenkov,2627.0
0,Sergey Slugin,2649.0
0,Setu Madhav Yellumahanthi,2712.0
0,Shubhi Gupta,2517.0
0,Srivastan Karthikeyan,2464.0
0,Talaibek Osmonbekov,2395.0
0,Tatev Abrahamyan,2528.0
0,Tiago Carvalho Mangialardo,2029.0
2,Tuan Minh Le,3224.0
2,Uliana Dudkina,2621.0
0,Uwe Kleibel,2346.0
0,Valentina Gunina,2671.0
0,Valeria Viana,2119.0
0,Vedant Goswami,2390.0
0,Viacheslav Rozhkov,2487.0
0,Viktor Dmitrenko,2777.0
0,Viktor Neustroev,2421.0
0,Vinicius Tiné Martins,2522.0
0,Vittorio Cinà,2532.0
0,Vladimir Bugayev,2410.0
1,Vladimir Demin,2564.0
0,Vladimir Fedoseev,3109.0
0,Volodar Murzin,3129.0
0,Xeniya Balabayeva,2495.0
1,Yaroslav Shevchenko,2623.0
1,Yuniesky Quesada,2921.0
0,Zhanibek Amanov,2471.0
0,Zlatko Lisjak,2164.0
2,anon219,2896.0
0,anon569,2361.0
0,Алексей Мокшанов,2611.0
1,Павел Торопов,2595.0
0,Шубин Кирилл,2944.0
1,AFRUZA Khamdamova,2682.0
0,Aaditya Dhingra,2694.0
3,Adnan Sitnic,2392.0
1,Ahmad Ahmadzada,2961.0
3,Ahmed Kandil,2718.0
1,Alejandro Cosoi Scherzer,2084.0
3,Aleksei Pridorozhni,2866.0
3,Alex Fishbein,2713.0
1,Alexander Katz,2723.0
1,Alexandr A Smirnov,2634.0
1,Ali Elier,2596.0
1,Alua Nurman,2703.0
1,Angel Gabriel Cordoba Roa,2828.0
1,Anna-Maja Kazarian,2404.0
1,Artem Dyachuk,2887.0
1,Asish Panda,2704.0
1,Christopher Woojin Yoo,3110.0
3,Daniel Garcia Ramos,2855.0
3,Daniil Plyasunov,2910.0
1,Daria Zaichenko,2452.0
2,Denis Makhnev,3076.0
1,Dmitry Kirillov,2511.0
3,Dumitru-Daniel Dinu,2844.0
1,EREBUNI91,2790.0
1,Erik Rönkä,2601.0
2,Faustino Oro,3172.0
1,Felix Rose,2227.0
1,Giorgio Belli,2504.0
1,Guerau Masague Artero,2801.0
3,Ilan Schnaider,2959.0
1,Ivan Martic,2579.0
1,Jaka Brilej,2573.0
1,Jakub Luberanski,2321.0
3,Javier Ruiz Vazquez,2703.0
3,Joa Max Bornholdt,2618.0
1,José Francisco Veiga,2448.0
3,Julian Estrada,2557.0
1,Jun Ying Tan,2670.0
1,Kalyani Sirin,2633.0
2,Karina Ambartsumova,2750.0
3,Kaua Marques Silva,2536.0
1,Kemel Antonio Gallo García,2825.0
2,Koen Leenhouts,2702.0
3,Loic Travadon,2622.0
3,Maksim Ivannikov,2817.0
3,Maksim Zhukov,2538.0
1,Maksym Dubnevych,3003.0
4,Marco Lantini,2517.0
1,Mark Dejmek,2199.0
1,Martin Horak,2603.0
1,Matfey Rogov,2830.0
1,Medet Dzhaparov,2132.0
1,Melika Mohammadi,2703.0
1,Mike Ivanov,2537.0
3,Mohammed Seder,2800.0
1,Nadya Toncheva,2662.0
1,Nihal Sarin,3280.0
3,Nils Richter,2703.0
1,Nitish Belurkar,2790.0
1,Nodirbek Abdusattorov,3140.0
1,Nurgyul Salimova,2760.0
1,Om Kadam,2732.0
3,Omer Akkara,2785.0
1,Paco Rubio Tent,2416.0
1,Prithu Gupta,2582.0
3,Prraneeth Vuppala,2763.0
3,Satbek Akhmedinov,2703.0
3,Sharath Radhakrishnan,2559.0
1,Tamas Banusz,3101.0
4,Thomas Beerdsen,2833.0
1,Thomas Decker,2388.0
1,Thomas Eggleston,2492.0
1,Tunahan Makaraci,2421.0
1,Vahe Danielyan,2730.0
1,Vasiliy Korchmar,2678.0
1,Victor Labussiere,2551.0
0,Viktor Parfenov,2511.0
3,Vlad Lymar,2635.0
1,Zachary Tanenbaum,2806.0
3,malakismayil,2592.0
1,starplatinum2030,2370.0
1,Ágoston Juhász,2745.0
3,Aadit Bhatia,2528.0
3,Aakaash Meduri,2519.0
3,Aaron Mendes,2804.0
3,Abigail Zhou,2282.0
3,Adani Clarke,2267.0
3,Adrian Antonio Garcia Garcia,2531.0
1,Ahn Hongjin,2750.0
3,Alba De Lomas Busquets,2356.0
3,Alex Fier,2822.0
3,Alexander Spichkin,2413.0
0,Alexey Evdokimov,2671.0
3,Alicja Sliwicka,2642.0
3,Alisa Genrietta Yunker,2473.0
3,Andrew Jing,2586.0
3,Andrey Ivanov,2360.0
3,Andrii Vachylia,2756.0
3,Arseny Alavkin,2579.0
3,Ashritha Eswaran,2533.0
3,Avi Kaplan,2744.0
3,Aydin Turgut,2746.0
3,Benny Aizenberg,2621.0
3,Björn Andersson,2442.0
3,Boris Savchenko,2749.0
3,Brewington Hardaway,2632.0
3,Cengiz Hasman,2503.0
1,Damian Śliwicki,2576.0
0,Daniel Aguiar De Sousa,2045.0
3,Daniel Rangel,2459.0
3,David Gasparyan,2715.0
3,Diana Preobrazhenskaya,2495.0
3,Djuro Skaric,2431.0
3,Dolzhykova Kateryna,2422.0
3,Dominique Myers,2419.0
3,Dorian Kang,2552.0
3,Edgar Hayrapetyan,2723.0
1,Eduardo Barbosa Mesquita,2377.0
1,Ekaterina Miroshnik,2626.0
0,Emilio Hernandez,2316.0
3,Enzo Federzoni,2269.0
3,Eric Liu,2902.0
1,Erik van den Dikkenberg,2146.0
3,Ettore Stromboli,2512.0
3,Felix Hindermann,2596.0
3,Felix Meissner,2469.0
0,Fernando Bolaños Soza,2547.0
3,Fidel Corrales Jimenez,3002.0
3,Floryan Eugene,2902.0
3,Francisco Silva Gonzalez,2494.0
3,Fruzsina Szente-Varga,2414.0
1,Galina Novikova,2520.0
3,Gary Leschinsky,2558.0
3,Gaurang Bagwe,2717.0
1,Giulia Sala,2344.0
3,Gunnar Lund,2827.0
3,Gustavo Eduardo Nunez V,2235.0
3,IULIAN NECULA,1975.0
3,Ian Harris,2428.0
3,Irina Bulmaga,2606.0
3,Ivan Paquico Rodriguez,2542.0
3,Jaime Vaglio,2256.0
3,Javier Buenafé Moya,2376.0
3,Javohir Bozorov,2508.0
3,Jean Meunier-Pion,2449.0
1,Jesús Alberto Coca Cubillos,2323.0
3,Joao Batista Dias,1981.0
3,Jose Garcia Molina,2534.0
3,Joseph Bellissimo,2620.0
3,Kingsman132,2597.0
0,Klára Kovács,2463.0
1,Kriti Patel,2142.0
3,Krzysztof Budrewicz,2594.0
3,Leonardo Vincenti,2560.0
3,Lily Jeanette Duarte Cramer,2295.0
3,Linxi Zhu,2635.0
3,Luca Albertini,2490.0
3,Lucas Foerster-Yialamas,2374.0
3,Luis Enrique Valle Maytin,2439.0
3,MN Vinicius Saito,2537.0
3,MYMChessAcademy-inactive,2327.0
3,Manolache Marius,2794.0
3,Marc LLari,2555.0
3,Maria Florencia Fernández,2427.0
3,Marianna Grineva,2076.0
3,Marko Srebrnic,2486.0
3,Marvin Guevara,2116.0
3,Maya Porozhnyak,2503.0
3,Michael Kotyk,2590.0
3,Michał Kopczyński,2600.0
3,Mihael Ankerst,2541.0
3,Mikhail Bryakin,2979.0
3,Mohamed Salem Yahi,1874.0
0,Mohsen Gabr,2652.0
3,Mykhailo Shinkarev,2535.0
3,Nahun Gavarrete,2216.0
3,Nameer Issani,2735.0
1,Narmin Khalafova,2479.0
3,Nathaniel Mullodzhanov,2883.0
1,Nayem haque,2576.0
3,Nhung Hong Nguyen,2626.0
3,Nicolai Maxime Østensen,2908.0
3,Nimay Agrawal,2463.0
3,Nita Lucian,2442.0
0,Novendra Priasmoro,2900.0
3,Oleg Artemenko,2696.0
3,Oleksandr Vasynda,2650.0
1,Owen McCoy,2905.0
3,Pau Marin Ferragut,2653.0
3,Paulina Cagara,2210.0
3,Pavel Plotnikov,2556.0
3,Pavel Salman,2576.0
3,Paweł Kukuła,2602.0
3,Pranav Anand,3142.0
3,Rafael Ventura dos Santos,2453.0
3,Ramyres Santana Coelho,2233.0
3,Richard Stalmach,2534.0
1,Rodrigo Espinoza Villanueva,2658.0
3,Rodrigo Román,2475.0
3,Rohith Krishna,3005.0
3,Rosh Jain,2622.0
3,Ryo Chen,2986.0
3,Saadat Bashirli,2460.0
3,Sarp Sahin,2453.0
3,Sarveshwaran V,2599.0
3,Sasvatha A,2381.0
3,Sathvik Adiga,2820.0
3,Semyon Puzyrevsky,2911.0
3,Seyed Kian Ghoreishi Amiri,2717.0
3,Sherif Khater,2601.0
2,ShimanovAlex,2958.0
3,Simon Lamaze,2671.0
3,Slobodan Filipovic,2498.0
3,Sricharan Pullela,2496.0
3,Srishti Pandey,2525.0
3,Steven Javier Rojas Salas,2592.0
3,Sultai Chyngyz,2528.0
0,Tabaré Bustelo,1961.0
3,Tangi Migot,2523.0
0,Thomas Bauer,2607.0
3,Timofey Iljin,2642.0
3,Tobias Kölle,3017.0
3,Tobias Lang Nilsen,2596.0
3,Todd Bryant,2353.0
3,Tomáš Vaněk,2194.0
3,Tyrell Harriott,2313.0
3,Vedant Nitin Vekhande,2523.0
3,Veronika Shubenkova,2703.0
3,Vilka Sipilä,2638.0
3,Vince Gergő Turcsányi,2512.0
3,Vitor Ferreira,2603.0
3,Vitus Bondo Medhus,2795.0
0,Vladimir Bychkov,2556.0
3,Vladimir Zemerov,2178.0
3,Volodya Torosyan,2703.0
3,Volodymyr Vusatiuk,2636.0
3,Wojciech Przybylski,2558.0
3,WonderChampion,2336.0
3,Zou Chen,2863.0
3,c_r_e_e_p_e_r,2378.0
3,mattcolins2025,2607.0
3,paradise10,2526.0
3,shakked tifferet,2577.0
1,thechesscorner 64,2511.0
3,thisunaa,2082.0
3,Максим Матюнин,2574.0
3,Феликс Тульчинский,2769.0
3,Эмир Шаршенбеков,2718.0
0,Alex Wang,2110.0
1,Alexander Timerkhanov,2786.0
0,Alexandra Prado,1791.0
1,Alexandru-Bogdan Banzea,2596.0
0,Alikhon Avazkhonov,2574.0
0,Antoine Bournel,2641.0
0,Anton Isajevsky,2626.0
0,Antonio Lopez Del Alamo,2451.0
2,Artin Ashraf,3065.0
0,Bakhtiyar Nugumanov,2543.0
0,Belka1989,2609.0
0,BobbyFischer1508,2466.0
0,Christian Silvestre,2480.0
1,Cristian Silva Lucena,2607.0
0,César Augusto Blanco Gramajo,2348.0
0,David Levine,2285.0
2,Domantas Klimciauskas,2266.0
0,Eduard Ashiev,2215.0
0,Enrique Butti,2279.0
0,Enrique Fonseca Manrique,2685.0
1,Francesco Sonis,3007.0
0,Gabriel Carckeno Do Carmo,2328.0
0,Georg Seul,2605.0
1,George Stoleriu,2765.0
2,Georgios Kanakaris,2612.0
0,Gerardo Fernandez,2270.0
0,Guillermo Baches Garcia,2588.0
0,Halldor Gretar Einarsson,2354.0
0,Hernan Ramon Filgueira,2680.0
2,Igor Bjelobrk,2694.0
1,Ilyass Msellek,2872.0
0,Italo Romero,2300.0
0,Jan Enrique Zepeda,2263.0
0,Javier Quispe Santacruz,1827.0
0,Jeff Quirke,2164.0
0,José Remolar,2500.0
0,Juan Sebastian Melian,2705.0
0,Lakshmi C,2218.0
0,Leonid Sokolin,2635.0
1,Levy Rozman,2849.0
0,Luca Suvorov,2560.0
0,Lukasz Jarmula,2685.0
0,Mario Sibilio,2272.0
0,Mark Josse,2296.0
2,Masruri Rahman,2770.0
0,Maxim Novik,2635.0
0,Michal Fudalej,2301.0
0,Mikhail Golubev,2724.0
0,Olaf Michalski,2132.0
1,Oleg Terletsky,2533.0
0,Pablo Barrionuevo,2430.0
0,Pavel-Alexandru Nastore,2560.0
1,Piotrek Mickiewicz,2487.0
0,Rafael Merino García,2515.0
0,Rene' Phillips,1939.0
0,Ricardo Maruchi Desideri,2066.0
2,Rinat Jumabayev,3055.0
0,Rodrigo Mendoza Acuna,2617.0
0,Ronaldo Alonso Moreira,2302.0
0,Ruslan Kashtanov,2529.0
1,Rustam Khusnutdinov,2937.0
0,Sabir Umarov,2441.0
0,Sameer Mujumdar,2549.0
2,Sergei Iskusnyh,2768.0
0,Sharvesh Deviprasath,2636.0
0,Sho Glashausser,2168.0
0,Stepan Osinovsky,2365.0
0,Sune Berg Hansen,2757.0
0,The_filthy,2210.0
0,Tiago Batista Oliveira,2059.0
0,Tomas Kraus,2216.0
0,Valerie Ruchinskaya,2341.0
0,Velimir Ivic,2987.0
0,Vitaly Teterev,2707.0
0,Vjacheslav Weetik,2829.0
0,Yuriy Dovzik,2231.0
0,Zurab Javakhadze,2832.0
0,anushurvan graf,2365.0
0,elamier fathy,2434.0
0,khoipham,2620.0
0,mauro vargas,1999.0
1,pawel jaracz,2783.0
0,Álvaro Valdés,2536.0
0,Ömer Faruk Özer,2722.0
0,Руслан Пахомов,2511.0
0,Соловьев Александр,2282.0
3,Aaravamudhan Balaji,2689.0
3,Aarit Kapil,2731.0
3,Adham_Hossam2011,2327.0
3,Airat Sadubayev,2715.0
3,Alain Otero Marino,2645.0
3,Albert Fishman,2304.0
3,Aleksander Kumala,2553.0
3,Aleksandra Lach,2489.0
3,Alen Yeremyan,2868.0
1,Alex Garrido Outon,2598.0
3,Alex Truskavetsky,2752.0
3,Alexandra Shvedova,2536.0
3,Alexei Gubajdullin,2797.0
3,Alexei Saveliev,2811.0
3,Amani Alazmi,2208.0
2,Ameet Ghasi,2716.0
3,Anatoly Krutko,2464.0
3,Andrej,2659.0
3,Andrew Hong,2977.0
3,Anton Vasilenok,2608.0
3,Antoni Kozak,3022.0
3,Anusha Subramanian,2389.0
3,Arman Geivondian,2737.0
3,Artem Galaktionov,2913.0
3,Asylbek Abdyjapar,2776.0
3,Attila Jr. Forgacs,2606.0
3,Austin Mei,2665.0
3,Bakhtiyar Askarov,2938.0
3,Bardiya Daneshvar,3087.0
3,Bartosz Przybylski,2707.0
3,Bayastan Sydykov,2700.0
3,Bharath Subramaniyam.H Harishankkar,3040.0
3,Blanka Ejsymont,2338.0
3,Bovie Mei Liu,2732.0
3,Burak Ozalp,2503.0
3,Chelsie Monica Ignesias Sihite,2521.0
3,Daniel Tabuenca Mendataurigoitia,2865.0
3,David Gavrilescu,3003.0
1,David Sh. Gevorgyan,2451.0
3,Dejan Tasev,2739.0
3,Devina Devagharan,2606.0
3,Dimitris Makridis,2819.0
3,Dinara Wagner,2656.0
3,Dinesh Rajan M,2809.0
3,Eduardo Mendez Fortes,2589.0
3,Elis Denele Dicen,2427.0
3,Emanuel Vaglio,2569.0
3,Emilia Sprzęczka,2453.0
3,Enrique Fernando Asensio Ramos,2620.0
3,Enrique Tejedor Fuente,2688.0
3,Eric Rosen,2918.0
3,Ernesto Javier Fernandez Guillen,2881.0
3,Fabian Fiorito,2554.0
3,Felix Ilinca,3014.0
3,Ferenc Jr. Gombocz,2628.0
3,Fernando Mata,2547.0
3,Fernando Valenzuela,2800.0
3,Francesco Bettalli,2599.0
3,Francisco Fiorito,2777.0
3,Frederick Waldhausen Gordon,2845.0
3,Gennady Kozlov,2661.0
3,Gumersindo Fernandez Garcia,2456.0
3,Harshavardhan GB,2862.0
0,Hoang Thi Bao Tram,2582.0
3,Igor Janik,2949.0
3,IndianGrandmaster13,2911.0
3,Isaac Chiu,2905.0
3,Ismael Gimenez,2724.0
3,Israel Caspi,2730.0
3,Jack Rodgers,2643.0
1,Jake Darmanin,2468.0
3,Jake Shanty,3079.0
3,Jakub Seemann,2866.0
3,Jan Subelj,2902.0
3,Jan Zienkiewicz,2655.0
3,Jeet Jain,2768.0
3,Jeevan Karamsetty,2785.0
3,Jens E Ingebretsen,2801.0
3,Jonathan Yedidia,2424.0
2,Jose Antonio Herrera Reyes,2715.0
1,Josep Ruscalleda,2517.0
2,Julian Antonio Rojas Alarcon,2802.0
3,Julio Cesar Diaz Rosas,2627.0
3,Kacper Ugorek,2802.0
3,Kanishka Bhatia,2417.0
3,Khumoyun Begmuratov,2965.0
3,Kirk Ghazarian,2926.0
3,Kler Çaku,2450.0
3,Konstantin Bazarov,2744.0
1,Kostya Kavutskiy,2769.0
4,Leo Valle Luis,2902.0
3,Liam Baruch,2427.0
3,Liam Putnam,3170.0
3,Loay Sameer,2607.0
3,Lorenzo Perea Fruet,2862.0
3,Luca Silva,2638.0
3,Marc Balague Camps,2545.0
4,Marco Dobrikov,2732.0
3,Marcos Lianes,2916.0
3,Margarita Potapova,2764.0
1,Maria Larina,2293.0
3,Maroun Tomb,2552.0
3,Mary Kiseljova,2145.0
3,Mateus Costamilan Tomiello,2606.0
1,Matt Pon,2540.0
3,Matvey Galchenko,2968.0
3,Medina Paz Miguel 1968,2443.0
1,Michael Klenburg,2640.0
3,Michal Koziorowicz,2561.0
3,Michał Bartel,2601.0
3,Mihnea Costachi,3014.0
3,Mika Karttunen,2754.0
3,MillyNeuf,2636.0
3,Mina Wael Sabry,2703.0
2,Mitrabha Guha,2921.0
3,Narayan Venkatesh,2600.0
3,Nebojsa Ristic,2564.0
3,Nicolas Perossa,2664.0
3,Nikolay Maevskiy,2744.0
3,Nikoloz Petriashvili,2894.0
3,Nisha Mohota,2318.0
3,Noah Thomforde-Toates,2860.0
1,Novak Čabarkapa,2778.0
3,Oleg Rychkov,2780.0
3,Olga Zhuravleva,2347.0
3,Omar Garcia Blanco,2673.0
3,Ondrej Toman,2748.0
3,Oriol Serra Canals,2339.0
3,Oscar Ardila,2515.0
3,Paris Prestia,2768.0
3,Paweł Sowiński,2949.0
1,Piotr Brodowski,2742.0
3,Polina Shuvalova,2908.0
3,Pranesh M,3196.0
1,Przemyslaw Koc,2556.0
1,Rafal Szyszylo,2409.0
3,Ralph Federick Tan,2472.0
3,Reem Sherman,2717.0
3,Rishabh Chandrashekhar Gokhale,2616.0
1,Robert Díaz Villagrán,2729.0
3,Robert Kula,2324.0
3,Rohit S,2813.0
3,Roman Pyrih,2961.0
1,Ruslan Momunaliev,2676.0
3,S.L. Narayanan,3044.0
3,Sai Krishna G V,2772.0
3,Samuel Fieberg,2544.0
3,Savva Vetokhin,3020.0
3,Sebastian Półtorak,2750.0
3,Sebastien Azar,2742.0
3,Seyed Abolfazl Moosavifar,2879.0
3,Shanmukha Meruga,2522.0
3,Shant Sargsyan,3024.0
3,Shreyas Royal,2843.0
0,Sofia Blokhin,2341.0
3,Stanley Badacsonyi,2770.0
3,Stefanos Kazantzoglou,2538.0
3,Sully McConnell,2758.0
3,Svyatoslav Korneev Leskova,2711.0
3,Sweafty,2633.0
3,Sławomir Kurpiewski,2139.0
3,Sơn Đặng,2809.0
2,Tanraj Sohal,2528.0
3,TatjanaVasilevich,2719.0
3,Tehni4arce,2559.0
3,Tobias Voege,2744.0
3,Tomasz Jaskolka,2696.0
3,Valiantsin Yezhel,2547.0
3,Vignir Vatnar Stefansson,2842.0
2,Viktor Berezin,2566.0
3,Vlada Sviridova,2166.0
3,Volodymyr Yaniuk,2729.0
3,Yulia Efremova,2328.0
3,Yurii Khodko,2695.0
3,Zachary Liu,2561.0
3,edison ruge,2216.0
2,esapunov,2736.0
3,kamran SHIRAZI,2540.0
3,x-9960558865,2440.0
3,Варвара Полякова,2631.0
3,Гульдона Каримова,2429.0
3,Гурвич Виталий,2618.0
3,Микола Боднар,2635.0
0,Aakash G,2675.0
1,Aiaru Altynbek,2555.0
0,Akhmedov_David,2777.0
0,Alessandro Manzone,2800.0
0,Alexandra Samaganova,2376.0
0,Alexandre Bouget,2452.0
0,Alexey Kornyukov,2275.0
2,Alexey Reshetnikov,2911.0
0,Amelia Hernandez,2230.0
1,Anatoly Donskov,2510.0
0,Andrey Rychagov,2647.0
0,Anna Cramling,2301.0
0,Anton Korobov,3031.0
0,Antoni Szustakowski,2695.0
0,Artem Chernobay,2669.0
0,Atilla Eynullayev,2563.0
1,Aydin Suleymanli,3066.0
0,Aziz Degenbaev,2708.0
0,Bach Ngoc Thuy Duong,2380.0
0,Bulat Mirzanurov,2154.0
2,Cervantes Landeiro Thalia,2475.0
1,Chanchal Kumer Ghosh,2098.0
0,Clemens Rietze,2569.0
0,Daniel Titichoca Daza,2580.0
0,David Alexandru,2680.0
0,Dawid Czerw,2517.0
0,Diego Garcia,2447.0
2,Dmitry Tatarinov,2673.0
2,Emerson Veiga,2384.0
0,Eugene Yanayt,2372.0
2,Evgenij Kretov,2761.0
2,Florescu Codrut Constantin,2639.0
2,Gergana Peycheva,2518.0
0,Henrique M A Albergaria Paiva,2314.0
0,Henry Roger Lopez,2537.0
0,Ivan Andrade,2413.0
2,Ivan Zemlyanskii,3183.0
0,Jaime Rodriguez Santiago,2288.0
0,Jakub Suder,2707.0
2,Jason Morefield,2871.0
0,Jerzy Jesús Perez Leiva,2601.0
0,Jovana Srdanovic,2534.0
2,Juan Cruz Arias,2858.0
0,Kelsey Liu,2300.0
0,Kevin Chor,2537.0
0,Lile Koridze,2503.0
0,Liya Kurmangaliyeva,2738.0
0,Logman Guliev,2567.0
0,Lucas Aparecido Oliveira Dos Santos,2278.0
2,Maksim Volkov,2926.0
0,Maksims Golubovskis,2528.0
1,Maria Gevorgyan,2371.0
0,Mariia Berdnyk,2488.0
1,Mario Gavilán Díaz,2609.0
0,Marko Nenezic,2873.0
0,Marlon Javier La Villa Rivas,2502.0
0,Matthew Guo Diao,2612.0
0,Maxim Gavrilov,2656.0
2,Mert Erdoğdu,2785.0
0,Niclas Huschenbeth,2572.0
0,Nitin Senthilvel,2811.0
0,Oleg Kozlov,2747.0
0,Olga Matveeva,2444.0
0,Olga Yushko,2309.0
2,Pere Garriga Cazorla,2801.0
0,Petr Matyukov,2604.0
0,Polina Gutkovich,2246.0
0,Qianyun Gong,2728.0
0,Rachid Schrik,2334.0
0,Radoslaw Szczepanek,2398.0
0,Ranesh Ratnesan,2531.0
0,Rene Humberto Perera Alfonso,2372.0
0,Richard Vedder,2522.0
2,Roman Ganzhurov,2620.0
0,Roman Kuzmin,2694.0
0,RupeshReddyY,2492.0
0,Sarah Sima Derlich,2100.0
2,Sergio Barrientos Chavarria,2744.0
0,Sergio Joshafatt Morales Garcia,2511.0
2,Sina Movahed,3201.0
0,Siva Mahadevan,2792.0
0,Sofiia Hryzlova,2497.0
0,Stanislav Tsyhanchuk,2628.0
0,Tamas-Kristof Balla,2702.0
0,Turkan Mamedjarova,2409.0
2,Uurtsaikh Agibileg,2723.0
0,Valentyn Prokofiev,2683.0
0,William Hernandez Gonzalez,2610.0
0,Xiaobing Gu,2418.0
0,Yuri Kozin,2700.0
0,Zala Urh,2328.0
0,Zhaoqi Liu,2478.0
0,abelmat,2310.0
2,vesal hamedi nia,2462.0
0,Нечитайло Нікіта,2271.0
0,Никита Майоров,2430.0
0,Николай Хныкин,2201.0
2,Aansh Nandan Nerurkar,2647.0
0,Alban alban1987@hotmail.com,2110.0
2,Alexander Suvorov,2572.0
2,Brandon Jacobson,2958.0
0,Buyankhishig Batpelden,2503.0
0,Dan Shapiro,2341.0
2,Eyal Noy,2450.0
0,Fernando Broca,2361.0
0,Guliskhan Nakhbayeva,2506.0
0,Ishvi Aggarwal,2368.0
2,Kamil Warchoł,2524.0
0,Lenka Ptacnikova,2260.0
2,Mathias Womacka,2608.0
0,Mirosław Lewicki,2803.0
2,Nikolai Aliavdin,2705.0
2,Patrick Aizpurúa,2696.0
2,Ricardo D Darruda,2480.0
0,Thomas Diem,2418.0
2,Tom O'Gorman,2640.0
0,UKR_Master,2642.0
0,Valdis Troņenkovs,2577.0
0,William Coe,2257.0
2,Wladimir Zampronha,2438.0
3,Zoey Tang,2502.0
2,Aaron Bendayan Claros,2583.0
0,Alain Fayard,2309.0
1,Alex Krstulovic,2646.0
1,Alex Ostrovskiy,2808.0
0,Alexander Fikiet,2492.0
2,Ali Mortazavi,2540.0
0,Alvaro Donatti,2205.0
1,Andre Mendez Machado,2300.0
1,Anna Jakubowska,2506.0
0,Anton Barash,2448.0
0,Arsal Gardezi,2327.0
1,Arthur Muromtsev,2318.0
0,Arthur Olinto de Souza,2124.0
0,Artur Dilmukhametov,2453.0
2,Arush Chitre,2934.0
0,Bintang Rasyid,2475.0
1,Boris Stankovic,2678.0
0,Brett Passen,2461.0
0,Clement Cristian Daianu,2538.0
0,Cyrielle Monpeurt,2246.0
1,Daniel Chan,2818.0
0,Dantelle Joubert,2056.0
4,De Silva L.M.S.T,2709.0
0,Dejan Jakovljevic,1949.0
1,Dominik Horvath,2890.0
0,Evelina Zavivaeva,1583.0
0,Frode Elsness,2436.0
0,Garrett Smith,2366.0
1,Gonzalo Navarrete,2634.0
0,Halsagar Chincholimath,1922.0
0,Humberto L. Blanco Ronquillo,2719.0
0,Ilan Vardi,2198.0
0,Irene Sukandar,2526.0
0,J,2008.0
0,Jemal Ovezdurdyeva,2435.0
1,Joaquin Rodrigo Jimenez,2470.0
0,José Renato Ruiz Maranhão,2100.0
2,Jun Zhao,2861.0
1,Junior Tay,2453.0
0,Kaiser Luiz Mafra,2227.0
0,Karl-Emil Elmer Nielsen-Refs,2164.0
0,Komal Kishore Pothuri,2236.0
0,Koorosh Bahmani,2510.0
0,Luca Ernst,2500.0
0,Luciano Justi Antunes,2263.0
0,Luis Fernández Siles,2402.0
0,Luis Manuel Perez Rodriguez,2628.0
0,Luiz Araujo,2330.0
0,Marcel Winkels,2104.0
0,Marius Deuer,2627.0
0,Marya,2133.0
0,Matheus Santos,2220.0
0,Meri Grigoryan,2348.0
0,"Michelle Catherina, P",2386.0
0,Mikhail Chernov,2512.0
0,Mounika Akshaya Bommini,2181.0
1,Nail Bashirli,2780.0
1,Nazar Firman,2589.0
0,Neeraj Harish,2300.0
0,Nurgazy Zheenbekov,2447.0
1,Olga Artemyeva,2189.0
0,Pablo Glavina,2826.0
0,Pappu Murthy,2082.0
0,Paul Burke,1880.0
0,Peter Keller,2466.0
0,Pierre Barbot,2344.0
0,Quiet_Desperation,1533.0
1,Rafael Teixeira,2234.0
0,Rastko Svicevic,2359.0
0,Rian Kapriaga,2414.0
2,Roberto Carlos Gomez Ledo,2766.0
0,Rubén Domingo Núñez,2746.0
0,S R,1962.0
2,Sakshi Chitlange,2486.0
0,Santiago Avila Pavas,2760.0
0,Saravana Krishnan P,2515.0
1,Shahruh Turayev,2900.0
0,Shiyam Thavandiran,2701.0
0,Sivanesan Nithyalakshmi,2327.0
0,Soltan Muradov,2514.0
0,Sourath Biswas,2623.0
1,Sreyas Payyappat,2461.0
1,Stephen Capp,2250.0
0,Stephen Willy,2557.0
0,Timofey Smirnov,1977.0
0,Tobias Rizzo,2590.0
0,Viktor Poddubnyi,2374.0
0,Wilfredo Sariego Figueredo,2644.0
3,Yinn Long Wong,2878.0
0,Zacarias M Ruben D,2521.0
0,moshe katzir,2281.0
0,parintele_chess,2205.0
0,scandalgod,2672.0
1,sofiko tereladze,2391.0
0,Даниил Постников,2604.0
1,Матфей Юрасов,2629.0
0,Никита Довбня,2306.0
0,Руслан Габдушев,2522.0
3,Aarav Dengla,2871.0
3,Adam Kozak,3045.0
3,Aditya Mittal,3004.0
3,Ajay Karthikeyan,2806.0
3,Aksel Bu Kvaloy,2924.0
3,Alberto Martin Fuentes,2786.0
3,Aleksa Micic,2380.0
3,Aleksandr Rakhmanov,2912.0
3,Aleksandr Usov,2966.0
3,Aleksei Sarana,3204.0
3,Alexander Moskalenko,2911.0
3,Alexander Reprintsev,2641.0
3,Alexander Rustemov,2973.0
3,Alexandra Kosteniuk,2828.0
3,Alexandros Papasimakopoulos,2845.0
3,Ali Rastbod,2931.0
3,Alikhan Khazhatuly,2718.0
3,Amin Tabatabaei,3074.0
1,Anastasiia Hnatyshyn,2494.0
3,Anastasios Mihailidis,2520.0
3,Andre Bold,2578.0
3,Andrei Negrean,2702.0
3,Andrei Skvortsov,2904.0
3,Andrew Titus,2664.0
3,Andrew Wu,2549.0
3,Andrey Drygalov,3041.0
1,Andrey Levitskiy,2704.0
3,Andrzej Krzywda,2545.0
3,Anna Shukhman,2751.0
3,Anthony Wirig,2906.0
3,Arman Erzhanov,2653.0
3,Artem Omelja,2709.0
3,Artyom Manukyan,2591.0
3,Arystanbek Urazayev,2951.0
3,Aslan Aitbayev,2798.0
3,Babageldi Annaberdiyev,2744.0
3,Benik Agasarov,2806.0
3,Blazej Grot,2708.0
3,Bogdan Belyakov,2710.0
3,Carlos Eduardo Cardozo Munar,2368.0
3,Collin Colbow,2635.0
3,Damian Lewtak,2742.0
3,Daniel Centron Antuna,2621.0
3,Daniil Lintchevski,2914.0
3,David George Samir,2588.0
3,David Gorodetzky,3034.0
3,David Rodríguez López,2500.0
3,Derlei Alex Florianovitz,2223.0
3,Dmitrij Kollars,3049.0
3,Dmitry Kononenko,2701.0
3,Dmitry MIschuk,2814.0
3,Dmitry Ponomarev,2262.0
3,Dragos Ceres,2779.0
3,Ekaterina Goltseva,2639.0
3,Eldiar Orozbaev,2788.0
3,Elham Amar,3016.0
3,Elnur Aliyev,2499.0
3,Erick Zhao,2827.0
3,Ethan Saya,2542.0
3,Farid Orujov,2821.0
3,Federico Perez Ponsa,2945.0
3,Francisco Javier Muñoz,2829.0
3,Fy Antenaina Rakotomaharo,2781.0
3,Gawain Maroroa Jones,2872.0
3,Geordie Derraugh,2481.0
3,Giga Quparadze,3100.0
3,Goltsev Dmitry,2859.0
1,Harry Grieve,2679.0
3,Igor L. Vakhlamov,2925.0
3,Jake Kleiman,2684.0
3,Jakub Fus,2821.0
3,Jonathan Dourérassou,2827.0
3,Josefine Heinemann,2493.0
3,Joseph Girel,2953.0
3,Joseph Levine,2793.0
3,Jules Moussard,3075.0
3,Kacper Drozdowski,3061.0
3,Karsten Hansch,2606.0
3,Katarzyna Dwilewicz,2447.0
1,Kelvin Sánchez,2689.0
3,Keti Tsatsalashvili,2500.0
3,Kevin Bordi,2953.0
3,Kshatriya Vekhande,2816.0
3,Laurin Jahnz,2563.0
3,Leandro Krysa,2823.0
3,Lennis Martinez Ramirez,2805.0
3,Leon Livaic,2998.0
3,Leonid Nozdrachev,2602.0
3,Licael Ticona,2781.0
3,Logan Clark Shafer,2624.0
3,Lucas Liascovich,2929.0
3,Mads Vestby-Ellingsen,2748.0
3,Maka Purtseladze,2573.0
3,Maksym Goroshkov,2845.0
3,Malyi Viacheslav,2753.0
3,Manuel Petrosyan,3005.0
3,Marcel Petersen,2703.0
3,Marco Riehle,2833.0
3,Marcus Harvey,2830.0
3,Maria Teresa Jimenez Salas,2558.0
3,Mark Smirnov,2776.0
3,Max Chen,2522.0
3,Maxim Lugovskoy,2802.0
3,Mayank Chakraborty,3073.0
3,Megan Althea Paragua,2672.0
3,Michael Concio Jr.,2918.0
3,Miguel Santos Ruiz,2823.0
3,Mihailo Djokic,2812.0
1,Mikhail Antipov,2987.0
3,Mukhammadzokhid Suyarov,3094.0
3,Mukhiddin Madaminov,3030.0
3,Mykola Bortnyk,3170.0
3,Nataliya Buksa,2654.0
3,Nicola Altini,2683.0
3,Nikita Kraiouchkine,2636.0
3,Niklesha Tharushi,2467.0
1,Nikolai Vlassov,2730.0
3,Nikolay Pavlov,2728.0
3,Nikolozi Kacharava,2828.0
1,Nodar Lortkipanidze,2956.0
3,Oleg Badmatsyrenov,2749.0
3,Oleksandr Shymanskyi,2601.0
3,Olga Kuznetsova,2614.0
3,Ori Taichman,2666.0
3,Pariston Hill,2517.0
3,Pawel‚ Dudzinski,2545.0
3,Pedro Espinosa,2729.0
3,Piotr Brzezina,2733.0
1,Piotr Dobrowolski,2706.0
3,Praveen Balakrishnan,2855.0
3,Priyansh Garg,2369.0
3,Qingyu Yuan,2788.0
3,Radmila Kovacevic,2250.0
3,Rafail Antoniou,2716.0
2,Renato Terry,3145.0
3,Robby Kevlishvili,3092.0
2,Rodrigo Vasquez,2863.0
3,Roman Dehtiarov,2814.0
3,Ruben Gideon Köllner,2830.0
3,Rushan Bogaudinov,2466.0
3,Rustam Rustamov,3018.0
3,Samuel Zenelaj,2606.0
3,Sargis Manukyan,2741.0
3,Semen Khanin,2919.0
3,Semen Mitusov,2709.0
3,Serdar Murat Yildiz,2714.0
3,Siem van Dael,2169.0
3,Srihari L R,2918.0
3,Stanislav Bukreev,2859.0
3,Steven Zierk,2953.0
3,Supratit Banerjee,2755.0
3,Suresh Harsh,2811.0
3,Svyatoslav Lisenkov,2825.0
3,Tikhonov Viacheslav,2560.0
3,Ufuk Sezen Arat,2639.0
3,Umid Aslanov,2775.0
3,Vache Hovakimyan,2687.0
3,Valentyn Hulka,2951.0
3,Vasily Volovich,2774.0
3,Vedant Panesar,2974.0
3,Vinzent Spitzl,2574.0
3,Vladimir Sakun,2903.0
3,Vladimir Zakhartsov,2977.0
3,Vladyslav Baziuk,2800.0
3,Vuk Djordjevic,2890.0
3,Ward Al-Tarboush,2728.0
3,William Ferreira Da Cruz,2514.0
3,Yuri Zhizmer,2648.0
1,bratkoo,2546.0
3,goofypenguin96,2585.0
3,yaguigor,2738.0
3,İlhan Serhat Salman,2600.0
3,Григорий Гусаров,2746.0
3,Денис Денисенко,2447.0
3,Матфей,2506.0
3,Рамиль Хасангатин,2676.0
3,Сергей Ярый,2627.0
3,Ян Дьомін,2855.0
2,Aarav Sinha,2602.0
2,Aghasiyev Kamal,2646.0
3,Aleksandr Lenderman,2913.0
2,Aleksandra Goryachkina,2720.0
3,Andre Kunz,2222.0
1,Antonio Ruperez Benito,2750.0
3,Arjun Adireddy,2601.0
2,Arseniy Nesterov,3101.0
3,Artem Koval,2619.0
1,Artiom Samsonkin,2945.0
3,Atousa Pourkashiyan,2596.0
2,Avital Boruchovsky,2923.0
1,Balaji Daggupati,2746.0
1,Beksultan Moldagali,2831.0
2,Bernardo Vainzoff Sztokbant,2660.0
3,Caleb Levi,2673.0
3,Daniel Teidi Awoki,2336.0
2,David Brodsky,2876.0
2,David Navara,3001.0
3,David Paravyan,3147.0
1,Dirk Troltenier,2455.0
2,Eltaj Safarli,3007.0
2,Esper Van Baar,2165.0
2,Ethan Sheehan,2986.0
3,Eugenia Karas,2438.0
1,Felix Kuznetsov,2760.0
3,Frederik Svane,3055.0
3,Gahan MG,2645.0
3,Greg Shahade,2783.0
3,Hui Li,2445.0
2,Igor Lysyj,2947.0
3,Ihor Samunenkov,3085.0
2,Jakub Kusa,2615.0
2,Jan Gustafsson,2836.0
3,Jonas Wyss,2381.0
3,Jose Antonio Garrido Diaz,2561.0
2,Kamal Aghasiyev,2587.0
3,Lala Huseynova,2451.0
3,Loris Tavernier,2602.0
3,Maksim Tsaruk,2883.0
3,Mamedov Edgar,2922.0
2,Manvel Arakelyan,2833.0
3,Michel Coto,2548.0
3,Mikayel Manvelyan,2857.0
3,Milton Pantzar,2521.0
1,Moritz Weishäutel,2770.0
2,Mostafa Sakhaei,2558.0
3,Mukhammadali Abdurakhmonov,2915.0
1,Nima Hosseinzadeh,2693.0
2,Pablo Lalanne,2485.0
2,Pavel Tregubov,2596.0
1,Philipp Sonnenschein,2515.0
3,Ramil Faizrakhmanov,2931.0
2,Renato Quintiliano,2823.0
3,Rohan Rajaram,2646.0
1,Roman Komov,2926.0
2,Roven Vogel,2945.0
2,Saidakbar Saydaliev,2819.0
2,Sergei Lobanov,2933.0
2,Sergiy Zavgorodniy,2556.0
2,Shamsiddin Vokhidov,3030.0
3,Sihan Tao,2609.0
2,Skat2704,2480.0
1,Swara Lakshmi Nair,2371.0
2,Teimur Toktomushev,2809.0
3,Tykhon Cherniaiev,2871.0
2,Veaceslav Slovineanu,2510.0
2,Vignesh N.R,2899.0
1,Vivaan Vishal Shah,2716.0
1,Xu Yi,2927.0
1,Zaur Mammadov,2896.0
2,Zhongyi Tan,2732.0
2,Маргарита Филиппова,2509.0
1,Олег Кислов,2691.0
4,Akshay Borgaonkar,2833.0
3,Alberto Guzman Moneo,2347.0
3,Alexandra Obolentseva,2747.0
3,Alfie Onslow,2377.0
3,Alfonso Llorente Zaro,2885.0
3,Anastasia Avramidou,2725.0
3,BOZNENA PIDDUBNA,2487.0
3,Charles Storey,2488.0
4,Chesswizard_2007,3047.0
3,Christos Krallis,2804.0
3,Damir Ismagilov,2701.0
3,Eduardo Peralta,2800.0
3,Filip Boe Olsen,2679.0
3,Georgijs Germanovs,2932.0
3,Georgios Alexandros Kouskoutis,2540.0
3,Grigor Dilanyan,2758.0
3,Grigory Seletsky,2569.0
3,HeartAblaze,2844.0
3,Henrik Cernov,2716.0
3,Ihor Vypkhaniuk,2700.0
3,Ilja Haitin,2525.0
2,Iniyan P,2876.0
4,Isaak Parpiev,3039.0
3,Ivan Povshednyi,2885.0
3,Ivashentseva Dominika,2336.0
3,Jack Mizzi,2650.0
4,Jakob Weihrauch,2409.0
3,Jan Boder,2587.0
2,Jia Haoxiang,2701.0
3,Jonas Gallasch,2596.0
3,Jose Camacho Collados,2534.0
3,Jose Gabriel Cardoso,2943.0
3,Kacper Karwowski,2527.0
3,Kacper Tomaszewski,2552.0
3,Karsten Schulz,2526.0
3,Kayden Troff,3006.0
4,Kevin George,2767.0
2,Kirill Kozionov,2492.0
4,Krishna Nathan,2556.0
2,Leonardo Valdés,2632.0
3,Mark Timmermans,2777.0
1,Miras Assylov,2805.0
3,Miroslav Simonovic,2345.0
3,Nikhil Dixit,2535.0
3,Nikolay Milchev,2570.0
3,Nitish Nathan,2818.0
3,Oleksandr Kuzhilniy,2636.0
3,Patrik Stevik,2626.0
3,Paul Cristian Rusan,2147.0
4,Peter Roberson,2740.0
3,Raphael Alonso,2573.0
3,Raymond Gao,2487.0
3,Robert Sava,2616.0
2,SHAPIRO VIKTOR,2551.0
3,Stanoje Jovic,2532.0
3,Tamaz Mgeladze,2741.0
3,Timur Kocharin,2606.0
4,Tymur Keleberda,2729.0
2,Ulrich Zimmermann,2536.0
3,Vahan Nalbandyan,2770.0
3,Varun Krishnan,2761.0
3,Viacheslav Mikhailov,2824.0
3,Vidar Grahn,2440.0
3,Vladyslav Sydoryka,2803.0
2,Yelfry Torres,2468.0
3,Михаил Экдышман,2539.0
3,Adam Mekhane,2531.0
3,Adán Rios Escobar,2371.0
3,Alberto Fabris,2251.0
3,Alejandro Uzcategui Rodriguez,2527.0
3,Aleksey Sorokin,2923.0
3,Alexander Donchenko,2919.0
3,Alexander Herbrig,2577.0
3,Alexander Jasinski,2521.0
3,Alexey Jarovinsky,2901.0
3,Andrei Belozerov,2838.0
3,Andrey Klymchuk,2904.0
3,Antonio Naranjo Moreno,2630.0
3,Arman Mikaelyan,3014.0
3,Artur Gabrielian,2926.0
3,Attila Turzo,2534.0
3,Barad Yeganegi,2860.0
3,Barnabas Kovacsy,2570.0
3,Ben Finegold,2587.0
3,Bibisara Assaubayeva,2854.0
3,Chris L Chambers,2181.0
3,Cptn2,2800.0
3,Daniel Girsh,2702.0
3,Dimitar Mardov,3022.0
3,Dimitris Alexakis,2897.0
3,Dmitry Petukhov,2637.0
3,Egor Baskakov,2974.0
3,Eytan Rozen,2944.0
3,Facundo Vazquez,2792.0
3,Garnik Nersesyan,2347.0
3,Gellert Karacsonyi,2911.0
3,Gnel Melikyan,2804.0
1,Graham Horobetz,2700.0
3,Grigoriy Oparin,3055.0
3,Harika Dronavalli,2731.0
3,Hayk Yeritsyan,2680.0
3,Hugo Wernberg,2566.0
3,Itay Sitbon,2754.0
3,Jaloliddin Ilkhomi,3000.0
3,Jan Jodilyn Fronda,2519.0
3,Jeffinho023,2500.0
3,Joachim Mouhamad,2490.0
3,Juan Pablo Demaría,2496.0
3,Kaan Kucuksari,2814.0
3,Kashish Jain,2815.0
3,Khagan Ahmad,2977.0
3,Konstantin Popov,3104.0
3,Lagmantr,2712.0
3,Lefong Hua,2618.0
3,Lucas Cumpe,2864.0
3,Lucas Ranaldi,2779.0
3,Lázár Mátyássy,2551.0
3,Marcin Krzyżanowski,2829.0
3,Mateu Boci,2783.0
3,Mateusz Bartel,2969.0
3,Maxime Lagarde,3016.0
3,Maximilian Mostbauer,2726.0
3,Mikayel Mkrtchyan,2599.0
3,Miran Oganian,2766.0
3,Mobina Alinasab,2753.0
3,Narek Ghimoyan,2793.0
3,Nikita Khoroshev,2785.0
3,Nikita Matinian,2820.0
3,Nisim Iliaguev,2683.0
3,Oleg Vastrukhin,2987.0
3,Peter Lizak,2644.0
3,Punin Andrii,2686.0
3,Rodolfos Stamatiou,2650.0
3,SALVA-DALI,2757.0
3,Sebastian  Zsombor Peczely,2566.0
3,Semetey Tologontegin,2670.0
3,Sergey Sklokin,3023.0
3,Seyed Poormosavi,2828.0
3,Shane Melaugh,2503.0
3,Sharapov Evgeny,2659.0
3,Shubh Laddha,2669.0
3,Suleyman Suleymanlı,2823.0
3,Tim Grutter,2741.0
3,Tyhran Ambartsumian,2835.0
3,Vaclav Finek,2958.0
3,Vadym Petrovskyi,2811.0
3,Vahap Sanal,2966.0
3,Vaibhav Raut,2645.0
3,Valerio Carnicelli,2730.0
3,Viktor Skliarov,2690.0
3,Vojislav Milanovic,2522.0
3,Walter Cuevas Araya,2394.0
3,Yevhenii Yelisieiev,2701.0
3,Zachary Calderon,2289.0
3,Zane Nasir,2722.0
3,anon6121824,2898.0
3,freshfoodcompany,2506.0
3,hermionegrangermagic,2509.0
3,Štěpán Hrbek,2707.0
3,Николай Оглоблин,2567.0
3,Amir hosein Kashefi,2588.0
3,Artyom Bogdanov,2673.0
2,Azer Mirzoev,2689.0
2,Bianka Havanecz,2319.0
2,Carlos Alvarado,2493.0
2,Carlos Andres Obregón,2938.0
2,David Anton Guijarro,3066.0
0,Dmitry Zacurdajev,2392.0
2,Frankie Badacsonyi,2504.0
2,German Bazeev,2885.0
2,Grigor Grigorov,2939.0
0,Ieuan Ward,2439.0
2,Kaan Ozcan,2651.0
3,Karsten Schuster,2465.0
0,Katharina Reinecke,2049.0
3,Ken Arnold,2465.0
2,Mauri Lehtosaari,2658.0
0,Miguel Angel Marino,2349.0
1,Pablo Salinas Herrera,2966.0
4,Pavel Eljanov,2965.0
0,Tomasz Mika,2610.0
2,Vladimir Burmakin,2754.0
2,Zbigniew Pakleza,3004.0
0,Aaron Cooper,2287.0
0,Aleksander Hnydiuk,2529.0
0,Aleksei Belov,2678.0
0,Alexander Velikanov,2806.0
0,Alma Jaqueline Mora Velasco,2429.0
0,Alopekos,2344.0
0,Alvaro Alves De Almeida Junior,2328.0
1,Anastasia Travkina,2321.0
0,Andrey Gonzalez Zharikov,2463.0
2,Arnold Essing,2477.0
0,Aron Pasti,2734.0
0,Bruno Morado Rodrigues,2514.0
1,Dashgyn Ibadov,2505.0
2,Dmitry Semenenko,2367.0
0,Emilia Zavivaeva,2034.0
0,Fabian Vivas,2514.0
0,Francisco Ferrari Pironti,2533.0
0,Gabriel Gonzaga Garcia,2628.0
0,Isabelle Tamarozi,2126.0
0,Jacek Stachanczyk,2446.0
0,Jacob Templen Grave,2506.0
1,Jan Roebers,2197.0
0,John S. White,1948.0
0,Jose Felix Calvo Gonzalez,2502.0
1,József Mátyás Herpai,2632.0
0,Karl Bowden,2514.0
1,Kateryna Lagno,2830.0
0,Kirill Kotlyar,2653.0
0,Klendi Zeneli,2521.0
0,Lars Andreassen,2367.0
0,Lewis Martin,2354.0
0,Madara Golsta,2175.0
0,Mai Narva,2740.0
0,Marcin Molenda,2664.0
0,Marlon Jodar,2338.0
2,Maxim Ventura,2505.0
0,Moksh Amit Doshi,2753.0
0,Monika Marcińczyk,2127.0
0,Myroslava Hrabinska,2281.0
0,Natalia Zhukova,2510.0
1,Nitai Leve,2425.0
0,Paolo Ciuffoletti,2223.0
2,Pawel Flis,2249.0
1,Robert Aloma,2539.0
0,Robert Mcligeyo,2233.0
0,Roberto Martin del Campo,2488.0
1,Roman Kozelov,2459.0
0,San Thit Lwin,2237.0
0,Santiago Quiñones García,2430.0
0,Thomas Thiel,2200.0
0,Tymon Ochedzan,2232.0
1,Umut Erdem Gündüz,2678.0
0,Valery Skatchkov,2867.0
0,Vladimir Grabinsky,2202.0
0,Volodymyr Vetoshko,2849.0
1,natelleka,2431.0
0,sau6on,2342.0
0,Олег Губанов,2465.0
3,Aaron Jacobson,3062.0
1,Abdulla Gadimbayli,2831.0
3,Aleksa Petrovic,2732.0
3,Alex Villa Tornero,2615.0
1,Amina Kairbekova,2432.0
1,Amir Ali Ghafourian,2708.0
1,Andrei Purygin,2429.0
3,Armin Mušović,2431.0
3,Artem Alek Fedorov,2646.0
4,Artem Bardyk,2922.0
3,Arvids Andrejevs,2459.0
1,Ashot Nadanian,2777.0
3,Assel Lesbekova,2460.0
1,Bryan Weisz,2625.0
1,Deniel Safarov,2900.0
4,Edgard Vinicius Zanette,2288.0
4,Egor Kurchenko,2672.0
3,Eray Kilic,3023.0
1,Ermes Espinosa Veloz,2607.0
3,Federico Sellitti,2597.0
1,Inayat Bolat,2605.0
1,Ivan Kubatko,2500.0
1,Jacob Dreelinck,2515.0
1,Julian Colville,2643.0
3,Kiren Vivek Nasta,2428.0
1,Laura Viñolas,2269.0
4,MI Marcelo Playa,2437.0
3,Mahmoud Alhadad,2004.0
4,Marek Pniaczek,2466.0
4,Máté Gyenes,2553.0
3,Niranjan Navalgund,2565.0
3,Noam Vitenberg,2567.0
3,Richard Pert,2715.0
1,Sahaj Grover,2803.0
1,Shamil Arslanov,2905.0
1,Silvius Tiberius,2907.0
1,Simeon Todev,2512.0
1,Sravan Renjith,2804.0
1,Thomas Christensen,2211.0
1,Tim Kett,2190.0
1,Volen Dyulgerov,2546.0
1,William Graif,2706.0
3,Yaroslav Remizov,2864.0
2,Aaron Matthes,2516.0
3,Adam Collins,2540.0
3,Adi Menahem,2523.0
0,Aleksandar Topalov,2382.0
2,Alex Bullen,2299.0
0,Artem Gulevich,2462.0
0,Artem Legenya,2500.0
3,Artem Sadovsky,2708.0
0,Artur Tin Lun Dai Lima,2436.0
2,Atanas Dimitrov,2808.0
2,Ayrat Vafin,2627.0
2,Boris Bruned,2414.0
0,Caio Poeta,2573.0
3,Coachpoker,2781.0
2,Dewar B. Feliz Dotel,2204.0
2,Diego Zilleruelo,2391.0
0,Donát Daróczi,2444.0
2,Enrico Vianello,2273.0
3,Filip Ochedzan,2410.0
2,Florian Gatterer,2534.0
0,Gabriel Petesch,2550.0
2,Garv Gaur,2672.0
2,Gastón Martin,2415.0
2,Gerson Príncipe,2845.0
0,Grzegorz Kopacz,2487.0
2,Guillermo José Llanos,2406.0
2,Harry Cun,2378.0
3,Ildar Idrisov,2423.0
0,Ind1anStar-inactive,2695.0
0,Jesus Martin Duque,2472.0
2,Joshua Colas,2696.0
3,Juan Antonio Urbina Perez,2615.0
0,Juan Manuel Aranda,2348.0
0,Juan Sebastian,2109.0
2,Karina Ivanova,2282.0
2,Konstantin Egorov,2360.0
3,Koosha Jaferian,2773.0
2,Leon Luke Mendonca,3039.0
2,Levente Miszler,2567.0
2,Lovro Novosel,2764.0
3,Maciej Świcarz,2582.0
2,Maly Alexey,2769.0
3,Marcos Vinicius Torsani,2423.0
1,Margarita Zvereva,2185.0
0,Marko Perestjuk,2417.0
3,Martin Mena,2314.0
2,Maurizio Brancaleoni,2496.0
2,Michał Walentukiewicz,2484.0
2,Mikhail V. Kuznetsov,2748.0
0,Mohamed Anees M,2775.0
0,Mohammadhossein Shamsi,2478.0
0,Nadezhda Antonova,2032.0
3,Natalie Wisniowski,2211.0
2,Naveen Jain,2379.0
3,Nicholas Figorito,2500.0
3,Okan Bulgurlu,2337.0
2,Pavel Kiselev,2332.0
3,Pranav Senthilkumar,2560.0
2,Roberto Al Avila Bautista,2666.0
2,Roza Idrisova,1907.0
3,Slaven Pastar,2802.0
2,Suvradeepta Das,2415.0
2,Valentina Golubenko,2342.0
2,Veronika Minina,2317.0
3,Yvain Bruned,2510.0
2,Zsoka Gaal,2515.0
3,infinitegiantkiller,2486.0
0,Наталья Зайнуллина,2204.0
3,Alexandre Qashashvili,2246.0
3,Artemii Khanbutaev,2569.0
3,Carles Martín Barceló,2462.0
3,Daniel Dardha,3070.0
3,Elnaz Kaliakhmet,2602.0
3,Evan S. Rosenberg,2492.0
3,Evgeny Egorov,2626.0
3,Evsuld Myagmarsuren,2580.0
3,Gasan Guliev,2520.0
3,Glaucio Cella,2458.0
3,Indy Southcott-Moyers,2630.0
3,Kevin Noboa Silva,2725.0
3,Leancy Beatriz Fernandez Bustamante,2403.0
3,Marcell Szabo,2647.0
3,Md Bashiq Imrose,2569.0
3,Mikelis Vingris,2658.0
3,Nicholas Ladan,2656.0
3,Pedro Martinez,2576.0
3,Peter Prohaszka,2708.0
3,Piotr Kejna,2688.0
3,Sergey Shtyka,2517.0
3,Srihari L,2818.0
3,Sultanbeibarys Dumanuly,2542.0
3,Vihaan Jammalamadaka,2700.0
3,Vsevolod Rytenko,2529.0
3,Zmiyevik2200,2644.0
1,x-0618534659,2753.0
3,Артём Синявский,2588.0
3,Гор Глиджян,2780.0
3,Игорь Князев,2355.0
0,Abdimalik Abdisalimov,2783.0
0,Alex Arias Igual,2320.0
0,Alexander Alexikov,2279.0
2,Alexander Zubov,3018.0
3,Alikhan Daulet,2709.0
0,Alina Kashlinskaya,2610.0
0,Alvaro Blanco Fernandez,2320.0
0,Anatoly Bykhovsky,2677.0
0,Antonin Ferey,2556.0
2,Antonio Carlos Bambino Filho,2605.0
0,Arnold Mayeregger,2629.0
2,Bao Nghia Dong,2652.0
2,CarlosjPineror,2726.0
0,Chamal Gedgaf,2293.0
0,Conrad Thake,1809.0
0,Cristi Machidon,2598.0
3,Cristian Adrian Dolezal,2542.0
2,Cristiano G Souza,2205.0
0,Daniel Barria,2698.0
0,Daniel Beniosev,2401.0
0,David Zakarian,2609.0
0,Dejan Djordjevic,2061.0
0,Dmitry Vyatkin,2445.0
0,Dmitry Zenin,2555.0
0,Dominick Orzech,2770.0
0,Eduardo Iturrizaga Bonelli,3010.0
0,Eduardo Marra,2606.0
0,Elliott Winslow,2327.0
0,Elvin Wilson,2509.0
2,Emilio Cordova,2890.0
2,Fabiano Caruana,3171.0
0,Filip Dowgird,2672.0
0,Frederico Matsuura,2295.0
0,GERARDO MARIN,2165.0
0,Giovanna Arbunic Castro,1947.0
0,Harold Wanyama,2510.0
0,Igor Da Paz Palácio,2264.0
3,Igor Kovalenko,2958.0
0,Ilja Biriukov,2187.0
0,Isaque Goncalves Santos,1804.0
0,James Allen,2188.0
0,Johann Hjartarson,2671.0
0,Josue Araujo Sanchez,2739.0
0,Justin Liang,2701.0
0,Justin Storm,2509.0
2,Keith Jeffrey Khumalo,2708.0
0,Kim Sergey,2549.0
0,Konstantin Borsuk,2758.0
0,Konstantin Garagulya,2530.0
0,Levan Pantsulaia,2873.0
2,Linus Olsson,2502.0
0,Lukasz Swiatlowski,2316.0
2,Mahammad Muradli,3203.0
0,Marina Korneva,2545.0
2,Mario Andres Fernández Sánchez,2156.0
0,Mariya Yakimova,2477.0
0,Maxi Perez,2673.0
0,Muhittin Büker,2214.0
2,Murad İbrahimli,3023.0
2,Nitzan Steinberg,3006.0
2,Oleg Yaksin,2646.0
2,Oleksiy Solovchuk,2569.0
0,Olexandr Shevchuk,2475.0
0,Olga Sikorova,2402.0
0,Oscar yosimar Acosta cruz,2250.0
2,Parham Maghsoodloo,3272.0
0,Paul Richter,2787.0
0,Pavel Ponkratov,2873.0
2,Reinis Paikens,2808.0
0,Roman Ovetchkin,2658.0
2,Sahebali Atanejhad,2491.0
0,Sai Nirupama Kotepalli,2525.0
2,Salem AR Saleh,3186.0
2,Sergey Shipov,2726.0
0,Sujana Lohani,2315.0
0,Szymon Gumularz,3068.0
2,Tomas Laurusas,2819.0
2,Valery Kazakouski,3028.0
2,Vidit Gujrathi,3054.0
2,Viktor Ianov,2552.0
0,Vitaly Rodchenkov,2258.0
0,Vladimir Seliverstov,2993.0
2,Wilson Morales,2736.0
2,Yago Labussiere,2328.0
1,Yuliia Osmak,2533.0
0,Zhamsaran Tsydypov,3070.0
0,boris abrashkin,2682.0
2,Владимир Матвеев,2664.0
2,Илья Чеклецов,2668.0
2,Abhimanyu Puranik,2989.0
1,Adam Kujawski,2406.0
1,Alejandro Cuellar Montes,2562.0
1,Alex Sahakyan,2721.0
3,Alexander Zlatin,2562.0
1,Alexandra Afanasieva,2603.0
1,Alexei Shirov,2955.0
2,Andrei Ioan Trifan,2714.0
1,Artemiki Lebedev,2719.0
4,Aryan Tari,3041.0
1,Christian Koepke,2536.0
1,Cristian Sanhueza,2567.0
1,Daniel Naroditsky,3073.0
0,Darius Viškelis,2409.0
1,David Torres Domínguez,2146.0
1,Deniel Causo,2739.0
1,Deniz Arman,2580.0
1,Dila Baloglu,2559.0
1,FAUSTO CASTELLA GARCIA,2116.0
3,Gyula Pap,3000.0
3,Iljya Grigorjev,2890.0
1,Jakub Chyży,2587.0
1,Jennifer Perez Rodriguez,2447.0
1,Johan-Sebastian Christiansen,2954.0
3,Jonathan Pein,2581.0
1,Julien Dubreuil,2440.0
0,Justin Chen,2859.0
4,Karol Kucza,2677.0
1,Klementy Sychev,2929.0
3,Ludvig Carlsson,2773.0
2,Marius Fromm,2650.0
3,Markus Ragger,2888.0
4,Martyn Kravtsiv,2945.0
1,Matyas Palczert,2779.0
1,Necmettin KORKMAZ,2486.0
3,PavelShkapenko,2817.0
2,Pouria Darini,2787.0
1,Razvan Preotu,2761.0
2,Robert Baskin,2695.0
1,Sargis Sargissyan,2473.0
1,Shukhrat Makhmudov,2387.0
1,Siar Yaran,2753.0
3,Ugur Doga Yazici,2525.0
1,Ulises Hernández Bermúdez,2389.0
3,Vaishali R,2805.0
1,Valentin Dragnev,2909.0
2,Visakh NR,2949.0
3,Vojtěch Plát,2886.0
1,Zaur Tekeyev,2903.0
1,Zsigmond Szajbely,2272.0
1,Спартак Высочин,2724.0
2,Alejandro Garcia Garcia,2624.0
2,Aleksandra Maltsevskaya,2797.0
2,Alex Goldin,2654.0
2,Aravindh Chithambaram,3035.0
2,Bogdan Daniel Deac,3173.0
2,Daniil Dubov,3102.0
2,Denis Khismatullin,2940.0
3,Dennis Wagner,2836.0
2,Francisco Orantes Taboada,2440.0
0,Gleb Dudin,2890.0
2,Hong Anh Nguyen,2611.0
2,Jakhongir Vakhidov,3058.0
2,Jonas Bjerre,2962.0
2,Juan Fernando Aguilar Novoa,2499.0
3,Marco Materia,2979.0
2,Marie Sebag,2667.0
2,Matt Zavortink,2579.0
2,Max Warmerdam,2946.0
2,Mustafa Yilmaz,2970.0
2,Nikolas Theodorou,3179.0
2,Ori Kobo,2811.0
2,Reza Mahdavi,3057.0
1,Safin Safarullakhan,2370.0
0,Sam Schmakel,2903.0
2,Sam Shankland,2984.0
2,Serghei Gostev,2506.0
2,Shakhriyar Mamedyarov,3094.0
2,Shawn Rodrigue-Lemieux,2903.0
2,Tor Fredrik Kaasen,2870.0
2,Tudor Henry Edward,2620.0
1,Alena Nikulina,2206.0
3,Eivind Grunt Kreken,2608.0
1,Georgios Souleidis,2753.0
3,Juan Alberto Gomez Aguirre,2657.0
2,Liwia Jarocka,2508.0
3,MF Pablo Alexander Ruiz Aguilar,2313.0
3,Maftuna Bobomurodova,2442.0
3,Marek Karas,2661.0
3,Matan Prilleltensky,2528.0
3,Melih Kaan Can,2277.0
1,Mohammad Mohammadian,1889.0
3,Momchil Petkov,3031.0
3,Sriram Krishnakumar,2562.0
1,Steve Harrington,2127.0
2,Abtin Atakhan,2923.0
3,Alexandr Triapishko,2846.0
4,Alireza Firouzja,3212.0
4,Andrey Tsvetkov,2961.0
4,ApacheSVD,2566.0
2,Arman Ghevondyan,2561.0
2,Arnaldo Jesus Fernandez De La Vara Mulet,2900.0
3,Artiom Stribuk,3009.0
3,Benedikt Dauner,2521.0
2,Benjamin Bok,3041.0
2,Carlos Andres Perdomo,2764.0
2,Conrad Holt,2954.0
4,Derek Wu,2777.0
3,Gianmarco Leiva,2814.0
2,Harsha Bharathakoti,3065.0
4,Ian Nepomniachtchi,3195.0
4,Ilamparthi A R,2868.0
3,Jan Helmer,2592.0
4,Jan Malek,2912.0
3,Jonah Willow,2884.0
2,Juan Rottenwohrer Suarez,2478.0
4,Kevin Yang,2760.0
3,Kirill Klukin,2960.0
3,Krikor Sevag Mekhitarian,2880.0
4,Maciej Sroczyński,2579.0
3,Marat Gilfanov,2955.0
2,Meri Arabidze,2780.0
4,Mohammad Fahad Rahman,2784.0
0,Nikolas Koutlas,2572.0
4,Patryk Stanisz,2546.0
2,Paulius Pultinevičius,2799.0
2,Pedro Filipe Rego,2497.0
4,Rafael Leitao,2883.0
2,Read Samadov,2979.0
0,Roman Kezin,2905.0
3,Rudik Makarian,3073.0
2,Sergey Drygalov,3142.0
4,Símon Þórhallsson,2603.0
4,Tihomir Yanev,2566.0
4,Trisha Kanyamarala,2571.0
4,Tsvetan Stoyanov,2910.0
2,Vincent Keymer,3165.0
4,mapleaff,2399.0
4,samarth Rao 1664 Leavud Rating,1878.0
2,Максим Щекачихин,2719.0
3,Aditya S Samant,2908.0
3,Alberto Santos Flores,2550.0
3,Aleksandr Domalchuk-Jonasson,2817.0
3,Alex King,2639.0
3,Alexander Khlebovich,2906.0
2,Alexey Dreev,2812.0
3,Anatoliy Shapkin,2755.0
3,Anderson Esmeraldas,2604.0
3,Aradhya Garg,2841.0
2,Arsene Kukhmazov,3054.0
2,Arseniy Astafurov,2576.0
3,Artem Timofeev,2876.0
2,Arvind Jayaraman,2417.0
3,Boris Grachev,2959.0
2,Cesar Ugarte,2305.0
2,Christiansen Sava,2185.0
2,Daniel Kopylov,2757.0
3,Daniel Melamed,2285.0
3,Danila Poliannikov,2733.0
3,Dariusz Swiercz,3050.0
3,David Kalashian,2603.0
2,Denis Lazavik,3257.0
2,Dev Shah,2807.0
2,Dmitry Gurevich,2564.0
3,Dobre Claudiu Cristian,2593.0
3,Ekaterina Borisova,2604.0
3,Emre Mecit,2476.0
2,Erik Golubovic,2617.0
3,Evgeniya Doluhanova,2393.0
3,Evgeny Ermolaev,2539.0
3,Evgeny Melikhov,2451.0
2,Flavio Wisniacki,2477.0
3,German Spata,2754.0
3,Hajiyev Kanan,2686.0
3,Hrant Melkumyan,2939.0
2,Hubert Zieba,2629.0
2,Irina Mikhaylova,2336.0
3,Jakob Postlmayer,2683.0
3,Jakub Pulpan,2822.0
2,Jan Murawski,2507.0
3,John Curtis,2314.0
3,Keaton Kiewra,2604.0
3,Konstantin Loy,2539.0
3,LUIS MIGUEL FLORESVILLAR,2157.0
3,Mark Liubarov,2548.0
2,Marko Jelcic,2314.0
2,Matensien,2550.0
2,Matthew Wadsworth,2777.0
2,Michael Fernandez,2452.0
2,Mihai-Lucian Grunberg,2628.0
3,Mikayel Rostomyan,2819.0
2,Mikhail Demidov,3036.0
3,Mikhail Kazakov,2518.0
2,Mitch Fishbein,2574.0
3,Obolenskikh Dmitry,2761.0
3,OlegKrivonosov,2729.0
3,Omran Alhosani,2453.0
3,Patrik Aalto,2683.0
2,Patryk Chylewski,2560.0
2,Polina A Smirnova,2327.0
3,Qi Pang,2649.0
2,Rafael Vahanyan,2660.0
3,Ribeiro Domingues Ribeiro,2511.0
3,Robert Piliposyan,2911.0
3,Robert Safin,2590.0
2,Rogerio Paulo Muller Fernandes,2311.0
3,Roman Yanchenko,2818.0
3,Sahil Tickoo,2506.0
2,Sandi Stojanovski,2369.0
3,Senthil Maran,2603.0
3,Seo Jungmin,2942.0
3,Stefan Mladenovic,2679.0
3,Stephan Becking,2724.0
2,ThaKanielOutis,2498.0
3,Theodore Slade,2554.0
3,Tigran Mukhutdinov,2752.0
2,Valeriy Grinev,2711.0
2,Vardan Danielian,2700.0
2,Varuzhan Akobian,2969.0
3,Viachaslau Zarubitski,2809.0
0,Vladislav Efremov,2446.0
2,Vladislav Gontcharov,2703.0
2,Wanderlei Lukachewski Junior,2483.0
2,Witold Klepek,2579.0
2,bait_or_mate,2550.0
2,patzer-reloaded,2339.0
4,Adam Gibała,2731.0
4,Alex Jian,2361.0
4,Alexander Mikhnenko,2637.0
4,Aman Hambleton,2960.0
4,Anton Demchenko,3030.0
4,Balázs Csonka,2884.0
4,David Okike,2400.0
4,Edvin Trost,2861.0
4,Evgenij Novikov,2563.0
4,Filip Haring,2804.0
4,Gata Kamsky,2868.0
4,Henry Deng,2672.0
4,Hikaru Nakamura,3319.0
4,Jaiveer Mahendru,2682.0
4,Jakob Leon Pajeken,2681.0
4,Jan Klimkowski,2999.0
4,Jens Albert Ramsdal,2402.0
4,Lawrence Trent,2710.0
4,Leo Crevatin,2558.0
4,Leonid Starozhilov,2845.0
4,Luis David Jimenez Almeida,2522.0
4,Melih YURTSEVEN,2658.0
4,Oleksandr Yurovskykh,2652.0
4,Roman Shogdzhiev,2822.0
4,Samuel Jesus P Goncalves,2452.0
4,Satria Duta Cahaya,2815.0
4,Suyog Wagh,2895.0
4,Terry Luo,2757.0
4,Vasif Durarbayli,2981.0
4,Vladimir Mikhailovsky,2944.0
2,Wellington Albuquerque Jr.,2335.0
4,Yahli Sokolovsky,2824.0
4,Yelyzaveta Hrebenshchykova,2446.0
3,Allahverdi Hamidov,2817.0
2,Haik Martirosyan,3001.0
2,Javier Benitez,2634.0
2,Joey Grochal,2613.0
4,Jung Min Seo,2828.0
2,Maciej Czopor,2816.0
1,Maciej Klekowski,2937.0
3,Nikita Meshkovs,2917.0
3,Sam Sevian,3093.0
4,Semen Novozhilov,2914.0
3,Thomas Carroll,2545.0
4,Tigran Nazaretyan,2637.0
1,Yagiz Kaan Erdogmus,3086.0
3,Yuriy Kuzubov,2952.0
2,londonkid,2506.0
1,Adar TARHAN,2828.0
1,Agustin Ambrogi,2545.0
1,Alexey Streltsov,2737.0
0,Alfeu Junior Varela Bueno,2432.0
2,Andrei Shishkov,2498.0
0,Andrés Delgado,2429.0
1,Augustin Droin,2740.0
1,Carlos Martins,2471.0
2,Christian Stevens,2481.0
0,Craig Clawitter,2350.0
0,Daniel Pinto,2562.0
3,David Shapiro,2793.0
1,Denes Boros,2985.0
1,Dushyant Sharma,2639.0
0,Frank Buchenau,2405.0
0,GIRINATH PDS,2132.0
0,Girish Koushik,2684.0
0,Glek_Igor,2664.0
2,Ismayil Shahaliyev,2673.0
1,Ivan Aldokhin,2607.0
2,Ivan Ivanisevic,2814.0
2,Ivan Provotorov,2569.0
3,Ivan Yeletsky,3031.0
0,Jan Petr,2564.0
2,Javokhir Sindarov,3190.0
0,Jay Bonin,2443.0
1,Jesper Lauridsen,2285.0
1,Jose A. Hernandez Izquierdo,2637.0
0,Jose Rafael Gascon,2777.0
1,Juan David Becerra Morales,2591.0
0,Justin Sarkar,2439.0
2,Ladislav Langner,2404.0
1,Lucas Do Valle Cardoso,2900.0
0,Luis Eduardo Ballester Llagaria,2510.0
2,Matthias Dann,2775.0
1,Mees van Osch,2468.0
0,Meilis Annaberdiev,2729.0
1,Michael Song,2573.0
1,Michal Mazurkiewicz,2506.0
0,Mikhael Garakov,2689.0
1,Milos Milosevic,2500.0
1,Mladen Gajic,2524.0
1,Mohamed Nouali,2624.0
0,Namitbir Singh Walia,2607.0
2,Nguyen Ngoc Truong Son,2979.0
2,Olga Girya,2595.0
0,Oliver Wartiovaara,2643.0
0,Panagiotis Hristodoulou,2778.0
3,Rashad Zeynalli,2763.0
2,Rodion Radzhabov,2693.0
0,Steven Cooklev,2466.0
1,Vincent Riff,2634.0
1,Vitaliy Garbuz,2552.0
2,Vladislav Kovalev,2844.0
0,Yair Parkhov,2687.0
1,Yotam Shohat,2491.0
1,anon102030,2778.0
0,x-8127726737,2379.0
1,Данил Найдин,2618.0
3,Николай Гриценко,2801.0
1,Рамиль Садыков,2934.0
1,Эдуардо Гербелли Нето,2352.0
2,Яков Гинзбург,2562.0
3,Adrian Suarez Uriel,2487.0
3,Ahmad Al khatib,2726.0
3,Alessio Boraso,2512.0
3,Anil Berk Erdogan,2616.0
3,Anna Kubicka,2538.0
3,Dion Krivenko,2586.0
3,Inigo Riveiro,2564.0
3,Irina Petrova,2305.0
3,Isak Storme,2539.0
3,Jann-Christian Tiarks,2486.0
2,Jiner Zhu,2750.0
2,Mathis Sabatier,2452.0
3,Plamen Stefanov,2201.0
3,Wojciech Śmieszek,2534.0
3,Yichen Han,2792.0
3,x-5963514717,2620.0
0,CAMPO ELIAS GUZMAN,1998.0
0,Deepweb2020,2519.0
0,Jacques Muller Luxama,1876.0
3,Mark Biernacki,2303.0
3,Rudi Olenik Campa,2705.0
4,Simao Poscidonio Dias,2474.0
0,Unknown_IM,2896.0
1,Vilmos Balint,2392.0
3,Ivan Vihor Krsnik Cohar,2766.0
1,Jesper Kjaergaard-Jensen,2342.0
3,Mateusz Brozyna,2480.0
1,Mikhail Gusev,2549.0
1,Miłosz Szpar,2937.0
1,Nicolò Napoli,2553.0
4,Oleksandr Bortnyk,3210.0
1,Stanislav Kovalevsky,2494.0
3,Adham Fawzy,2973.0
2,Aram Hakobyan,3048.0
1,Cristobal Henriquez,3003.0
2,Enes Tanriverdi,2817.0
3,Farzad Bolourchifard,2748.0
3,Gilbert Elroy Tarigan,2918.0
3,Hamed Wafa,2825.0
2,Hans Niemann,3214.0
2,Jose Fernando Cuenca,2810.0
2,Lenaerts Lennert,2617.0
2,Maksim Chigaev,3077.0
2,Maxime Vachier-Lagrave,3249.0
2,Noël Studer,2650.0
2,Pouya Idani,2988.0
3,Stefan Eilers,2518.0
3,kirillshevchenko,2971.0
2,Alejandro Castellanos Villela,2802.0
2,Aleksandar Indjic,2998.0
1,Alexandru Calin,2515.0
1,Anastasia Bodnaruk,2704.0
1,Asa Hoffmann,2401.0
1,Deepak Aaron,2718.0
1,Dmitry Maximov,2762.0
0,Eline Roebers,2841.0
1,Enzo Ferrara,2517.0
2,Iwo Karolczuk,2902.0
1,Jakub Borawski,2461.0
2,Kacper Piorun,2886.0
1,Kacper Polok,2535.0
4,Kirill Alekseenko,2948.0
1,Kuzmicz Krystian,2735.0
3,Munkhgal Gombosuren,2670.0
1,Nikolay Kleimenov,2720.0
1,Sebastian Mihajlov,2844.0
3,Semen Kazmin,2693.0
1,Simon Williams,2793.0
2,Talibov Shiroghlan,3005.0
1,Tuna Özateş,2626.0
2,Xavier Martinez Pla,2497.0
1,broskolis,2502.0
2,Азат Габдрахманов,2708.0
3,Antonios Gkavardinas,2722.0
2,Claudius Gottstein,2296.0
2,Dana Tuleyeva-Aketayeva,2244.0
2,Denis Kozlov,2601.0
3,Maximiliano Rossi,2371.0
1,Rasmus Skytte,2620.0
1,Robert Gabriel,1917.0
2,Roman Shton,2501.0
3,Ruben Akhayan,2468.0
2,Thomas Kahlert,2455.0
2,Andrei Olhovik,2633.0
2,Arjun Erigaisi,3183.0
0,Cristian Robledo,2417.0
2,Ekaterini Pavlidou,2477.0
3,Hamidreza Ebrahimi Herab,3016.0
1,Ilija Stanojevic,2663.0
2,Marcin Sieciechowicz,2752.0
3,Tahsin Tajwar Zia,2607.0
2,Vadim Bobkov,2800.0
3,Andriy Diachek,2684.0
2,Anish Giri,3150.0
2,Daniel Taboas Rodriguez,2704.0
2,Dmitry Andreikin,3204.0
2,Egor Lashkin,2916.0
2,Haowen Xue,3061.0
2,Hovik Hayrapetyan,3060.0
2,Jaime Santos Latasa,2985.0
2,Josep Lacasa Diaz,2501.0
2,Kosma Pacan-Milej,2665.0
2,Liem Le,3065.0
2,Quoc Hy Nguyen,2984.0
2,VladimirKramnik,3062.0
3,Adrian Martinez Fernandez,2586.0
1,Egor Koshulyan,3009.0
1,Elijah Logozar,2466.0
1,Ian Ocampos,2600.0
0,Manoj Mishra,2323.0
1,Ronan Le Goff,2518.0
1,Tikhon Popov,2725.0
1,Vahe Baghdasaryan,2566.0
1,x-3738459472,2585.0
1,אהרן בגראטיוני,2769.0
4,Alain Prieto Aranguren,2266.0
1,Stanisław Osiecki,2238.0
3,Alexandr Provotorov,2493.0
1,Amgalantengis Enkh-Amgalan,2428.0
3,Andrei Macovei,2752.0
1,Andy Woodward,3171.0
3,Dawid Niekraś,2716.0
3,Dmitry Rostovtsev,2888.0
3,Jorden Van Foreest,3128.0
3,Michel Alejandro Diaz Perez,2742.0
3,Wouter Terlouw,2552.0
3,realmadridtv,2377.0
1,Adrian Gschnitzer,2540.0
1,Bruno André Leite Martins,2765.0
0,Christian Polster,2542.0
0,Davi Sulzbacher,2524.0
4,David Zhurbinsky,2636.0
1,Jude Shearsby,2632.0
3,Raphael Lagunow,2536.0
4,Yovann Gatineau,2752.0
3,Aran Köhler,2134.0
3,Artak Manukyan,2523.0
1,Evgeni Krasilnikov,2481.0
2,Hampus Sorensen,2770.0
2,Ilya Gutkin,2444.0
3,Mathieu Ternault,2559.0
3,Milan Jocev,2728.0
3,Nicolas De La Colina,2752.0
2,Raunak Sadhwani,3166.0
0,Akeem Brown,2422.0
1,Arthur Lucas,2331.0
0,Darvi Abraham Crispin Ferreras,2442.0
2,David Bernat,2505.0
0,In Vau,2297.0
1,Kaganskiy Gleb,2344.0
0,Mateus Felizardo Viageiro Alice,2379.0
1,Pablo Zarnicki,2722.0
3,Papp Petra,2572.0
0,Rakesh Kulkarni,2470.0
3,Shahdad Teimouri Yadkuri,2575.0
2,Yaacov Norowitz,2916.0
2,Bahadir Ozen,2904.0
2,Bahadur Khodzhamkuliev,2500.0
1,Dmitrii Marcziter,2359.0
2,Dmitriy Kushko,2850.0
3,Gabriel Gähwiler,2931.0
2,Ivan Stankovic,2600.0
2,Kavyev_Ruslan,2228.0
3,Mr. Sai Han Thiha,2635.0
3,Ruslan Kavyev,2814.0
2,Teodora Injac,2735.0
2,Vugar Manafov,2983.0
0,Aleksandra Tarnowska,2157.0
0,Alfredo Cecilio Miserendino,2219.0
2,Alon Mindlin,2903.0
2,Axel Delorme,2606.0
2,Christof Sielecki,2608.0
2,Danyyil Dvirnyy,3002.0
2,Darko R Mitrovic,2334.0
2,Deysi Cori,2536.0
2,Ernesto Real de  Azua,2667.0
2,Jesus Alberto Alcazar Jimenez,2389.0
2,Karthikeyan Murali,2939.0
2,Konstantinos Markidis,2542.0
0,Mikhail Kobalia,2855.0
0,Pedro Gil Ferreira Da Silva,2450.0
2,Peter Sadilek,2411.0
0,Piotr Lopusiewicz,2452.0
2,Ravan Aliyev,2951.0
0,Raymond Kaufman,2427.0
2,Sergey Grigoriants,3000.0
2,Serhan Berat Özdemir,2622.0
2,Soren Bech Hansen,2372.0
2,Stamatis Kourkoulos-Arditis,2852.0
0,Stelios Halkias,2767.0
2,Tom Decuigniere,2645.0
1,asghar golizadeh,2891.0
0,Ankush Khandelwal,2560.0
0,Aref Vasli,2633.0
0,Bogusz Piliczewski,1953.0
0,Dmitrij Skurikhin,2371.0
0,Fernando Díaz,2282.0
0,Harald Schmidt,2365.0
0,Ilya Gruzman,2071.0
0,Jesús Manuel Vargas Pereda,2075.0
0,Juan Carlos Mesa Cruz,2513.0
0,Luis Galego,2574.0
1,Marco Cordeiro,2293.0
0,Marcos Rodriguez Fontecha,2635.0
0,Matthia Bach,2502.0
0,Matyáš Zeman,2558.0
0,Mikhail Pesotskiy,2636.0
0,Mohamed Ezat,2692.0
0,Nikolaos Spyropoulos,2604.0
0,Rafael Miranda,2764.0
0,Rômulo Cardoso,2502.0
0,Shawn Martinez,2371.0
3,Shyaamnikhil P,2631.0
3,Soham Kamotra,2739.0
0,Vladimir Chernikov,2583.0
0,Yoel Estarling Polanco Nunez,2336.0
1,Łukasz Licznerski,3005.0
0,Al-Saffar Araz Basim,2564.0
0,Alexander Hernandez Jimenez,2205.0
0,Alexander Khripachenko,2992.0
0,Altay Eynullayev,2494.0
0,Antonio Pedro Freixial Vasques,2364.0
0,Aung Thant Zin,2092.0
0,BozeKat,2048.0
0,Calin Gheorghiu,2617.0
0,Camilo Corredor Castellanos,2575.0
0,Carlos Alberto Gallegos Diaz,2563.0
0,Chris Baker,2166.0
0,Christopher Pace,2385.0
0,Cristhian Montero,2189.0
0,Dalton Perrine,2581.0
0,Emilia Dyalog,2374.0
0,Evan Rabin,2488.0
0,Evgeny Alekseev,2946.0
0,Georg Von Buelow,2179.0
0,George Danzer,2213.0
0,Harshin Reddy Jagirapu,2636.0
0,Henryk Seifert,1953.0
0,Huseyin Said Deveci,2662.0
0,Ignacio Sainz Aguirre,1939.0
0,In Hei Henry Ho,2081.0
0,Jaroslav Sobek,2079.0
1,Jean-Christophe Martine,2245.0
0,Jose Guilherme Barria Santos,2704.0
0,Julia Tsukerman,2079.0
0,Jéssica Trindade Hubner,1953.0
0,Kadir Soria Delgado,2317.0
0,Kevin Davidson,2455.0
0,Leandro Jiménez,2541.0
0,Lianet Diaz Garcia,2079.0
0,Lubov Markelova,2111.0
0,MIJuanReyesRosa,2187.0
1,Margarita Novikova,2274.0
0,Martin Horcajuelo Rocamora,2437.0
0,Maryana Huda,2139.0
0,Matthew O'Brien,2712.0
0,Mert Acikel,2412.0
0,Michal Fiedorek,2711.0
0,Michal Tworuszka,2513.0
0,Michel Samuel Lopez Abreu,2389.0
0,Mohamed Haddouche,2821.0
0,Oleksandr Prokhorov,2404.0
0,Onno Elgersma,2699.0
0,Pantata007,2480.0
0,Patty Castillo,1902.0
0,Peter Svidler,2863.0
0,Randal Ferguson,2046.0
1,Roshan Sethuraman,2676.0
0,Rubens Gazineu,2050.0
0,Salomeja Zaksaite,2358.0
0,Sergei Mihajlovskij,2519.0
0,Sergey Sergienko,2310.0
0,Stöttner Lukas,2360.0
0,Sébastien Bouchet,2580.0
0,Tarun Kanyamarala,2557.0
0,Tharushi T.H.D. Niklesha,2132.0
0,Thomas Michalczak,2405.0
0,Tommi Luukkonen,2449.0
0,Vitorio Chemin,2091.0
0,Wagner Guimarães,2394.0
0,Willi Skibbe,2461.0
0,Zarikovs1999,1922.0
2,Alvaro Bayo,2369.0
1,SirMittensofMittensville,2677.0
3,Vuk Damjanovic,2964.0
3,Aisen Mestnikov,2378.0
2,Daria Yurasova,2487.0
3,Jens Hirneise,2558.0
2,Leonardo Tristan,2839.0
3,Vladislav Voitovich,2808.0
1,Dimitrios Vazelakis,1707.0
1,Dominik Marczuk,2600.0
0,Alan Morris-Suzuki,2694.0
2,Ari Guz,2716.0
0,Cristhian Portal,2482.0
1,Dragan Popadic,2415.0
3,Iung Alicio de O. Pinheiro,2651.0
0,Oliver Stork,2619.0
3,Olzhas Khamzin,2302.0
0,Volkan Yirik,2504.0
0,Александр Брюхович,2456.0
0,Екатерина Кабанова,2314.0
1,Apoorv Kamble,2856.0
1,Lucas Pereira Mendes Da Silva,2494.0
3,Michalina Rudzińska,2586.0
2,Nurai Sovetbekova,2440.0
0,Ramon Jr. Manon-og,2437.0
1,Santiago Guevara,2270.0
0,winniethepooh04,2329.0
3,Jacob Flynn,2583.0
2,John Bartholomew,2868.0
2,Regita Desyari Putri,2298.0
2,Vasilii Titarov,2544.0
3,BikingBrian,2306.0
2,Dan Herman,2442.0
2,Evgenios Ioannidis,2850.0
0,Jarmo Hartikainen,2222.0
3,Olexiy Bilych,2780.0
3,Remy Rushbrooke,2145.0
2,Dariusz Bieliński,2401.0
1,Dragomirescu Robin,2675.0
3,Sebastien Maze,2801.0
2,Thore Perske,2592.0
3,Валерий Свиридов,2933.0
0,Alexey Chos,2572.0
0,Alkhoori Eisa Mohmood,2607.0
0,Bilel Bellahcene,2460.0
0,Brahian Diaz Herquinio,2466.0
2,Cherry Ann Mejia,2250.0
2,Cumali Unver,2373.0
0,Daouda Ethmane,2166.0
0,Diego Flores Quillas,2677.0
0,Eric Hon,2423.0
0,Gabriel Lenoir,2324.0
0,Hasan Atis,2564.0
0,Héctor Elissalt Cardenas,2349.0
0,Jorge Soto Vega,2447.0
0,Kerry Stead,2078.0
0,Korun Gulamirian,2137.0
0,Md Jamal Uddin,2033.0
0,Nasrin Babayeva,2200.0
0,Nicolas Cogan,2429.0
0,Phuong Hanh Luong,2536.0
1,Renzo Jhonathan Rengifo Blancas,2518.0
2,Serafin Moral Garcia,2670.0
0,Victor Bologan,2854.0
0,barte bongo,2309.0
0,zbigniew wieczorek,2310.0
2,Alberto Barp,2711.0
0,Alexander Gelman,2763.0
0,Alvar Alonso Rosell,2899.0
0,Ana Kuchava,2304.0
0,Anatoliy Emeliantsev,2371.0
0,Andrew Green,2313.0
0,Andrey Gorovets,2877.0
0,Anysia Thomas,2208.0
0,Aurelio Vila Dupla,2167.0
0,Ben Johnson,2148.0
0,Bojan Todorovic,2456.0
2,Daniel Gormally,2792.0
0,Daniel Marcolino,2112.0
0,Diego Berardino,2659.0
0,Dmitriy Bocharov,2838.0
0,Dmitry Frolyanov,2670.0
0,DrMamaliga,2477.0
0,Eduard Kanter,2524.0
0,Eesha Karavade,2294.0
0,Egor Bykov,2704.0
0,Erzhan Zhakshylykov,2727.0
0,Farid Mustafayev,2779.0
0,Flávio Bezerra,2260.0
0,Gara Balajaev,2189.0
0,Gisela Roque Sola,2137.0
2,Gloomy_Wanderer,2751.0
0,Igor Lutz,2155.0
0,Jeffery Xiong,3117.0
0,John Merriman,2445.0
0,Johnathan Bakalchuk,2708.0
0,Joseph Zeltsan,2641.0
0,Kaspar Kappeler,2300.0
0,Kim Yew Chan,2573.0
2,Konstantin Begunov,2576.0
0,Lamine Brahami,2470.0
0,Looi Xin Hao,2406.0
0,Luis Roque,2313.0
0,Margarita Fakhretdinova,2445.0
0,Matthias Mattenberger,2655.0
0,Michal Redzisz,2471.0
2,Mykhaylo Kepeshchuk,2642.0
0,Nate Solon,2603.0
0,Nicodim_Cosmin Stepanencu,2600.0
2,Nils Grandelius,3101.0
2,Oleksandr Matlak,2601.0
0,Oleksandr Yevchenko,2386.0
0,Olga Badelka,2534.0
0,Olga Karavaeva,2260.0
0,Padmini Rout,2626.0
0,Paul Makarov,2402.0
0,Pavel Skatchkov,2726.0
2,Pavel Smirnov,2743.0
0,Raahul V S,2703.0
0,Robinson Perez,2396.0
0,SamuelGhimpu2003,2679.0
0,Sethuraman S.P,2916.0
0,Shaashwath Sivakumar,2614.0
0,Tiago Cunha Navarro,2491.0
2,Vantika Agrawal,2608.0
2,Viktor Romanchuk,2541.0
0,Vladimir Belous,2913.0
0,Wiktoria Śmietańska,2518.0
0,William Olsson,2608.0
0,Yidong Chen,2569.0
0,Zarina Shafigullina,2446.0
0,Zeinep Sultanbek,2525.0
0,Zoran Velickovic,2426.0
0,Zozek Salah Mohammed Mohammed,2434.0
2,Zviad Izoria,2911.0
2,anon481216,2486.0
0,buddika amarasinghe,2325.0
0,Андрей Хромкин,2406.0
0,Димитрий Король,2564.0
3,Havard Haug,2960.0
3,Sondre Melaa,2722.0
4,Alejandro Castellanos Gómez,2525.0
4,Alejandro Domingo Nunez,2632.0
4,Ali Farahat,2616.0
4,Cedric Chassard,2303.0
4,Diego Adla,2693.0
4,Gil Popilski,2619.0
4,Henning Holinka,2699.0
4,Luca Moroni Jr,2875.0
4,Maxim Matlakov,3035.0
4,Patryk Cieslak,3001.0
4,Paulo Jodorcovsky Werjivker,2459.0
4,Ryan Amburgy,2843.0
4,Shaaketh Sivakumar,2930.0
4,Timur Yonal,2478.0
4,Yaroslav Demchenko,2544.0
4,Yudel Romero Arzuaga,2500.0
4,Аrtеm Odеgоv,2906.0
0,Akylbek2021,2503.0
0,Andreas Mende,2206.0
0,Ioan Rees,2604.0
0,Ivan Krylov,2649.0
2,Leonid Guerb,2191.0
0,Mark van der Werf,2435.0
2,Mike Hehir,2176.0
2,Nicolas Brunner,2587.0
0,Nikolaos Skiadopoulos,2031.0
2,PAULO CÉSAR COSTA,2322.0
2,Patrick Perry,2254.0
2,Raja Rithvik R,2919.0
2,Rebeca Garcia Hernandez,2173.0
0,Roman Tomaszewski,2218.0
0,Susanna Gaboyan,2286.0
0,Suvrajit Saha,2248.0
0,Tatiana Bogumil,1940.0
0,Torben Søraas,2406.0
2,Vasil Trickov,2446.0
0,Zahar Efimenko,2764.0
0,Andrei-Mihai Bonte,2399.0
2,David Blanco Diez,2413.0
0,Han Schut,2314.0
0,Jorge Carlos Antonio,2045.0
1,Ratko Novak,2660.0
2,Serban Cristian,2644.0
0,Alejandro González Vega,2341.0
0,Alexei Kornev,2828.0
0,Christian Gian Karlo Arca,2868.0
0,Daniel Gutiérrez Olivares,2501.0
0,Diana Mirza,1971.0
0,Gustavo Horokoski De Souza,2241.0
0,Jonathan Blackburn,2429.0
0,Juan David Lopez Perdomo,2213.0
0,Marc Lonoff,2233.0
0,Maria Fominykh,2372.0
0,Martin Chlpík,2306.0
0,Michal Provaznik,2278.0
0,Nikita Filindash,2375.0
0,Paul Rohwer,2401.0
0,Pavel Chernomordik,2503.0
0,Ramiro Corona Monraz,1779.0
0,Tarini Goyal,2363.0
0,Vladimír Bochnička,2491.0
0,Yilin Li,2255.0
1,Gulrukhbegim Tokhirjonova,2880.0
2,Vo Quoc Bao Tran,2711.0
4,Andreas Skotheim,2640.0
4,Anthony Atanasov,2812.0
4,Daniil Manelyuk,2766.0
4,Diogo Duarte Guimaraes,2412.0
4,Eelke De Boer,2713.0
1,Ian Dzhumagaliev,2890.0
4,Lazaro Lorenzo De La Riva,2535.0
4,Martin Holten Fiskaaen,2590.0
4,Matei-Valeriu Mogirzan,2587.0
4,Maxim Omariev,2603.0
4,Oskar Wieczorek,2911.0
4,Todd Andrews,2568.0
4,William Alfaro Caracas,2408.0
0,Anatoly Moskvin,2706.0
1,Ayan Allahverdiyeva,2470.0
0,Evandro Amorim Barbosa,2797.0
0,Lucas DI NICOLANTONIO,2603.0
1,Robert L. Hess,2876.0
1,Robert Ramirez,2497.0
0,Timur Gareyev,2773.0
0,Vitaliy Bernadskiy,2888.0
4,Alan Pichot,3007.0
1,Arash Tahbaz,2979.0
4,Carlos Daniel Albornoz Cabrera,2819.0
1,Casper Liu,2744.0
1,David Howell,3014.0
1,Dawid Janaszak,2719.0
4,Jakub Kosakowski,2970.0
1,Jan Kokoszczynski,2759.0
2,Jose Martinez,3072.0
1,José Carlos Ibarra Jerez,3057.0
4,Kaivalya Sandip Nagare,2827.0
4,Lenin Guerra Tulcan,2518.0
1,Mahel Boyer,2922.0
1,Marat Denishev,2855.0
1,Raphael Mayaud,2453.0
4,Rasmus Svane,3077.0
4,Roberto Junio Brito Molina,2904.0
4,Theo Bressy,2610.0
4,Vugar Rasulov,3148.0
1,Yasin Emrah Yagiz,2386.0
4,Yoav Milikow,2756.0
1,Shyam Gandhi,2272.0
2,Alexander Grischuk,3134.0
2,Alvaro Rodriguez,2503.0
2,Andres Carrasco Miranda,2476.0
2,Anton Karpenko,2656.0
2,Ari Kiremitciyan,2603.0
0,Artemy Gogolev,2696.0
1,Colombiano07,2529.0
2,Danila Bilan,2700.0
2,Denis Kovalev,2775.0
2,Diego Carbone,2632.0
0,Dmitry Gordievsky,2957.0
0,Gerardo Antonio Gracia Alvarez,2461.0
2,Grigoriy Sharankov,2508.0
0,Grzegorz Nasuta,2758.0
2,Igor Gulkov,2461.0
2,Itgelt Khuyagtsogt,2824.0
2,Jenny Astrid Chirivi Castiblanco,2251.0
2,Leinier Dominguez Perez,3011.0
2,Levon Aronian,3115.0
2,Magnus Carlsen,3309.0
0,Marc Morgunov,2429.0
0,Mariano Ortega Amarelle,2479.0
2,Nhat Minh To,2804.0
2,Samvel Ter-Sahakyan,3031.0
2,Sanan Sjugirov,3121.0
0,Sergei Zhigalko,3089.0
2,Vladislav Artemiev,3071.0
2,Piero Mazzilli,2350.0
0,Alexey Kislinsky,2687.0
0,Axel Bachmann,2939.0
0,Georgi Orlov,2576.0
0,Henrique Barbosa Veloso,2178.0
0,Ivan Mezentsev,2482.0
0,Kemal Bashirov,2657.0
0,Michel Bifulco,2364.0
0,Nikita Fedotov,2565.0
2,Svetlana Vifleemskaia,2364.0
0,x-3704738925,2743.0
4,"Yang, Kaiqi",2604.0
1,Ortik Nigmatov,2832.0
2,ZAHAR HILKEVICH,2615.0
1,Blaz Bratovic,2482.0
1,Ivan Kochiev,2723.0
0,Sergio Hernández Leon,2503.0
0,Sofia Pogorelskikh,2299.0
4,Augustinas Bazilius,2536.0
4,Bence Pribelszky,2459.0
4,Duc Minh Lai,2731.0
4,Eduardo Muzzi,1958.0
4,Franciszek Sernecki,2501.0
4,Franco Manteiga,2189.0
4,Martyna Starosta,2477.0
2,Alexandr Kostiukov,2321.0
2,Alexey Kolmagorov,2536.0
2,Anastassia Sinitsina,2399.0
0,Assel Serikbay,2269.0
2,Batuhan Özen,2504.0
2,David Martinez,2566.0
2,Jose Esteban Marin Masis,2244.0
2,Matias Jaque,2534.0
2,Mamikon Gharibyan,2947.0
0,Kiborg95,2839.0
3,Alekhine Nouri,2832.0
0,Hanna Wesołowska,2344.0
2,Kevin Joel Cori Quispe,2676.0
2,Savitha Shri B,2736.0
2,Aleksandras Jegorovas,2603.0
2,Nad Titus Petre,2610.0
2,Petro Golubka,2750.0
2,champ2005,3057.0
0,Aljoscha Feuerstack,2778.0
2,Ariel Nicolas Tokman,2704.0
2,Aswath S,2811.0
0,Jan Marn,2593.0
2,Karthik Rajaa,2713.0
1,Marco Cattaneo,2659.0
0,Neven Hercegovac,2510.0
2,Papp Levente,2683.0
2,Piotr Piesik,2765.0
2,Praggnanandhaa Rameshbabu,3189.0
2,Robert Hungaski,2679.0
0,Sven Tica,2742.0
2,Vladimir Hamitevici,2888.0
0,Guadalupe Montano Vicente,2242.0
1,Alexey Zhuravlev,2600.0
1,Dachey Lin,2884.0
1,HRVOJE FAJDETIĆ,2444.0
1,Raven Sturt,2796.0
2,Hugo Guillemette,2364.0
2,Dmitry Kryakvin,2946.0
4,Aleksandr Shimanov,3053.0
4,Bryan Enming Lin,2839.0
4,Tejas Rama,2588.0
2,Etienne Bacrot,3005.0
4,Igor Wilk,2633.0
4,Zarina Nurgaliyeva,2771.0
4,Gabor Nagy,3001.0
4,Barbara Skuhala,2377.0
1,Ewa Barwinska,2412.0
0,Leandro Formes De Arruda,2401.0
2,Zurab Tqebuchava,2246.0
2,Sean Senft,2537.0
2,Илья Дерябин,2632.0
1,Antonio Arencibia,2510.0
2,Devindya Oshini Gunawardhana,2532.0
4,Ediz Gürel,3250.0
4,Kirill Kuderinov,2669.0
1,Raset Ziatdinov,2655.0
3,Rustem Gorbenko,2414.0
1,Zsolt Korpics,2483.0
2,Davis Zong,2544.0
3,Christian Almeida do Nascimento,2635.0
0,Marcelo Villalba,2578.0
1,Paweł Kowalczyk,2739.0
3,Evan Ai,2492.0
2,Victor Mikhalevski,2763.0
1,Cem Kaan Gokerkan,2901.0
2,Vladimir Damjanovic,2659.0
2,Dmitry Sumaneev,2556.0
0,Joy Romany,2122.0
1,Rafał Tymrakiewicz,2471.0
0,Alexandra Zherebtsova,2502.0
1,Marcelo Jorquera,2351.0
0,Heinz Georg,2335.0
1,Thomas Rendle,2760.0
1,Volodymyr Onyshchuk,2964.0
4,Srinath Narayanan,2844.0
2,Vsevolod Ovchinnikov,2698.0
2,Alexey Kovalchuk,2674.0
2,Evgeny Degtiarev,2392.0
2,ChessyInstinct,2341.0
0,Giovanni B Tavares Da Silva,2344.0
0,Pavel Politov,2349.0
1,Anatole Vlachos,2708.0
0,Ilya Khakhinov,2327.0
2,Roman Jiganchine,2395.0
2,Burak Firat,2814.0
2,Samuel Malka,2671.0
1,Arian Baradaran Tamadon,2659.0
1,Dina Belenkaya,2551.0
1,Dmitry Minko,2629.0
1,Gabriel Voiteanu,2291.0
1,Gaioz Nigalidze,2815.0
1,Ilja Sirosh,2584.0
1,Julio Antonio Hernando Rodrigo,2593.0
1,Kerem Tinmaz,2481.0
1,Sayed Javad Alavi,2878.0
1,Vladimir Dobrov,2899.0
1,Wesley So,3224.0
1,Alexey Slavin,2392.0
2,Armin Kekic,2360.0
0,Fernando López Gracia,2417.0
1,x-0147207515,2436.0
4,Radosław Dzierżak,2402.0
0,Roberto De Abreu,2123.0
2,Michael Buscar,2463.0
1,K Priyanka,2344.0
1,Tyler Tanaka,2696.0
2,Andrey Marcelo Souza Neves,2179.0
0,Grzegorz Toczek,2513.0
1,Jose Javier Gonzalez Castillo,2640.0
2,Daniel Yedidia,2588.0
2,Kazybek Nogerbek,3083.0
2,Jonas Eilenberg,2639.0
4,Evgeny Postny,2800.0
4,Matthias Bluebaum,3095.0
4,Mykola Korchynskyi,2922.0
4,Nikita Shandrygin,2774.0
4,Oleg Papayan,2628.0
4,Orest Vovk,2622.0
4,Sahib Singh,2727.0
4,Tanitoluwa Adewumi,2979.0
4,Володимир Михальський,2606.0
1,Evgenij Shuvalov,2810.0
1,Mikhail Yashmetov,2667.0
1,Евгений Бурмакин,2471.0
2,Daniel Cremisi,2635.0
2,Nino Batsiashvili,2549.0
1,Lev Zverev,2776.0
2,Nasyrova Ekaterina,2381.0
2,Tarasova Viktoriya,2403.0
1,AradNazari,2905.0
1,Giovanni Marchesich,2435.0
1,Ivan Kalajzic,2455.0
1,Jan-Krzysztof Duda,3178.0
1,Mahdi Gholami Orimi,2962.0
2,Phileas Mathieu,2701.0
1,Miguel Munoz,2777.0
4,Bojan Maksimović,3049.0
4,Bryan Xie,2594.0
4,Dávid Haszon De,2423.0
4,Emin Ohanyan,3028.0
