Player,Cluster
1b31-O,2
1d51-0,2
1g41-0,8
2305,2
2Tilted,2
2good4u734,8
4empechement,8
AFRUZA Khamdamova,2
AIROPITO7,1
ALEJANDRO NEEDLEMAN,2
ALEXJR20,2
Aadit Bhatia,2
Aaditya Dhingra,6
Aadya Gupta,2
Aakaash Meduri,2
Aakanksha Hagawane,8
Aakash G,8
Aansh Nandan Nerurkar,4
Aaradhya Das,8
Aarav A,8
Aarav Dengla,2
Aarav Sinha,2
Aaravamudhan Balaji,2
Aarit Kapil,2
Aaron Bendayan Claros,8
Aaron Cooper,8
Aaron Grabinsky,2
Aaron Jacobson,2
Aaron Matthes,2
Aaron Mendes,2
Aaron Noah Koellner,5
Aashman Gupta,2
Abdimalik Abdisalimov,7
Abdou Ahmed Alem,3
Abdulla Gadimbayli,3
Abel Justo Davalos,8
Abhijeet Gupta,8
Abhimanyu Mishra,2
Abhimanyu Puranik,2
Abigail Zhou,2
Abilmansur Abdilkhair,2
Abtin Atakhan,2
Achyuth Aravindhan,8
Adam Bremner,2
Adam Collins,2
Adam Dorrance,8
Adam Gaisinsky,2
Adam Gibała,2
Adam Kozak,2
Adam Kujawski,3
Adam Mekhane,2
Adam Müller,1
Adam Zielonka,2
Adani Clarke,2
Adar TARHAN,3
Adel Rahman,8
Adham Fawzy,2
Adham Kandil,2
Adham_Hossam2011,1
Adhiban Baskaran,2
Adhvaith Rajanish,2
Adi Menahem,2
Adianet Perez Cruz,1
Adithya A Chullikkad,8
Aditya Arutla,2
Aditya Mittal,2
Aditya S Samant,3
Aditya Varun Gampa,8
Adnan Sitnic,2
Adonay Delgadillo,8
Adrian Abad,2
Adrian Antonio Garcia Garcia,2
Adrian Gschnitzer,2
Adrian Keatinge-Clay,2
Adrian Martinez Fernandez,1
Adrian Moldovan,8
Adrian Parra,8
Adrian Ponce,2
Adrian Suarez Uriel,2
Adrian Thorsen,2
Adrian Winter Atwell,2
Adriana Nikolova,2
Adriana Sermukhamedovа,2
Adriano Gaspar de Lima Salguero,2
Adriano Levano,8
Adriano Rodrigues,8
Adrien Anciaux,1
Adrián Expósito Milán,8
Adrián Villuendas Valero,3
Advaith Karthik,8
Adán Rios Escobar,2
Afonso Rodrigues,8
Afshin Moghaddamian,8
Aghasiyev Kamal,3
Agustin Ambrogi,3
Agustin Bonaveri,8
Agustin Fuentes,8
Agustin Meza Astrada,3
Ahmad Ahmadzada,6
Ahmad Al khatib,2
Ahmad Asgarizadeh,1
Ahmad Siar Wahedi,2
Ahmed Abbas Khouri,2
Ahmed Kandil,2
Ahmet Gubatayew,8
Ahn Hongjin,1
Aiaru Altynbek,8
Aidan Odenthal,2
Aiden Zhou,2
Airat Sadubayev,2
Aisen Mestnikov,2
Aisha Zakirova,5
Ajay Karthikeyan,2
Ajay Krishna S,2
Ajay Santhosh Parvathareddy,2
Akbarali Abdukhakimov,7
Akeem Brown,8
Akhilesh Nagare,1
Akhmedov_David,8
Akinleye Akinseye,3
Akira Nakada,7
Akira Watanabe,8
Akmal Fayzullaev,8
Aksel Bu Kvaloy,2
Akshat Khamparia,8
Akshay Borgaonkar,2
Akshay Indusekar,2
Akshaya Kalaiyalahan,8
Aku Salonen,2
Akylbek2021,3
Al-Saffar Araz Basim,8
Alain Fayard,8
Alain Otero Marino,2
Alain Prieto Aranguren,2
Alan Morris-Suzuki,8
Alan Petukhov,2
Alan Pichot,2
Alan Zhang,8
Alanna Berikkyzy,2
Alba De Lomas Busquets,2
Alban alban1987@hotmail.com,3
Albert Bokros,1
Albert Fishman,2
Albert Muratet Casadevall,3
Albert Postnikov,8
Alberto Atoyan,2
Alberto Barp,8
Alberto Fabris,2
Alberto Guzman Moneo,2
Alberto Javier Salazar Cabezas,8
Alberto Martin Fuentes,2
Alberto Portela Peleteiro,1
Alberto Santos Flores,2
Alberto Vela Frago,2
Albino Bianchi,8
Alder Escobar Forero,8
Aldiyar Zhauynbay,2
Aleexeey Sueetin,8
Alejandro Adrián Riline Orso,2
Alejandro Alvarado Diaz,2
Alejandro Castellanos Gómez,2
Alejandro Castellanos Villela,5
Alejandro Chinchilla,8
Alejandro Cosoi Scherzer,6
Alejandro Cuellar Montes,3
Alejandro Domingo Nunez,2
Alejandro Francisco Flores Teillery,8
Alejandro Garcia Garcia,8
Alejandro González Vega,7
Alejandro José Iraeta,3
Alejandro Mateus,4
Alejandro Mora Muñoz,2
Alejandro Pacheco,8
Alejandro Ramirez,8
Alejandro Torrente,8
Alejandro Uzcategui Rodriguez,2
Alekhine Nouri,1
Aleksa Alimpic,2
Aleksa Micic,2
Aleksa Petrovic,2
Aleksandar Indjic,1
Aleksandar Topalov,8
Aleksandar Vrbljanac,1
Aleksander Czerwoński,7
Aleksander Hnydiuk,8
Aleksander Kumala,2
Aleksander Xhembulla,2
Aleksandr Devaev,8
Aleksandr Domalchuk-Jonasson,2
Aleksandr Ivanov,8
Aleksandr Kulnev,8
Aleksandr Lenderman,2
Aleksandr Moiseenko,8
Aleksandr Rakhmanov,2
Aleksandr Shimanov,2
Aleksandr Turutin,8
Aleksandr Usov,2
Aleksandra Goryachkina,8
Aleksandra Lach,1
Aleksandra Maltsevskaya,8
Aleksandra Milovic,6
Aleksandra Tarnowska,8
Aleksandras Jegorovas,8
Aleksei Belov,8
Aleksei Pridorozhni,2
Aleksei Sarana,2
Aleksejs Adamovics,2
Aleksey Grebnev,8
Aleksey Prokhorov,2
Aleksey Sorokin,2
AleksibFan,8
Alen Yeremyan,2
Alena Nikulina,2
Alessandro Della Corte,3
Alessandro Manzone,8
Alessia Santeramo,2
Alessia-Mihaela Ciolacu,8
Alessio Boraso,8
Alex Arias Igual,8
Alex Astaneh Lopez,8
Alex Bullen,2
Alex Chua,8
Alex Cuevas,8
Alex Fier,2
Alex Fishbein,2
Alex Garrido Outon,1
Alex Goldin,2
Alex Golding,6
Alex Huang,2
Alex Jian,2
Alex King,2
Alex Krstulovic,8
Alex Ostrovskiy,3
Alex Sahakyan,8
Alex Truskavetsky,2
Alex Villa Tornero,2
Alex Wang,6
AlexZambrano,8
Alexander A. Chernov,8
Alexander Abramov,8
Alexander Alexikov,8
Alexander Balkum,8
Alexander Chernyavsky,8
Alexander Donchenko,2
Alexander Fikiet,3
Alexander Ganichev,8
Alexander Gelman,8
Alexander Grischuk,8
Alexander Gutenev,2
Alexander Heimann,8
Alexander Herbrig,2
Alexander Hernandez Jimenez,8
Alexander J Crump,8
Alexander Jasinski,2
Alexander Katz,3
Alexander Khlebovich,2
Alexander Khripachenko,5
Alexander Kopylov,2
Alexander Krastev,8
Alexander Logachiov,5
Alexander Manfroi,1
Alexander Mikhnenko,2
Alexander Moskalenko,2
Alexander Motylev,8
Alexander Oye-Stromberg,8
Alexander Principe,2
Alexander Reprintsev,2
Alexander Riazantsev,2
Alexander Rustemov,2
Alexander Rutten,2
Alexander Spichkin,2
Alexander Suvorov,7
Alexander Timerkhanov,2
Alexander Tretiakov,2
Alexander Velikanov,8
Alexander Zaitsev,8
Alexander Zlatin,2
Alexander Zubov,8
Alexandr A Smirnov,6
Alexandr Baranciuc,2
Alexandr E. Volodin,2
Alexandr Kostiukov,1
Alexandr Lauda,3
Alexandr Predke,2
Alexandr Provotorov,2
Alexandr Triapishko,2
Alexandra Afanasieva,8
Alexandra Alieva,8
Alexandra Botez,2
Alexandra Kosteniuk,2
Alexandra Obolentseva,2
Alexandra Prado,8
Alexandra Samaganova,8
Alexandra Shvedova,2
Alexandra Zherebtsova,8
Alexandre Bouget,8
Alexandre Guerreiro,2
Alexandre Kretchetov,7
Alexandre Pinto De Miranda,8
Alexandre Qashashvili,2
Alexandros Papasimakopoulos,2
Alexandru Calin,1
Alexandru-Bogdan Banzea,6
Alexei Gubajdullin,2
Alexei Kornev,8
Alexei Saveliev,1
Alexei Shirov,3
Alexej Cherepov,2
Alexey Chos,8
Alexey Dreev,8
Alexey Evdokimov,8
Alexey Grachev,2
Alexey Jarovinsky,2
Alexey Khruschiov,8
Alexey Kislinsky,8
Alexey Kolmagorov,8
Alexey Kornyukov,8
Alexey Kovalchuk,8
Alexey Lizlov,8
Alexey Ponikarovsky,2
Alexey Radchenko,2
Alexey Reshetnikov,8
Alexey Slavin,2
Alexey Streltsov,1
Alexey Tyukhanov,2
Alexey Zhuravlev,1
Alfeu Junior Varela Bueno,1
Alfia Nasybullina,2
Alfie Onslow,5
Alfonso Llorente Zaro,2
Alfonso Lopez,8
Alfredo Cecilio Miserendino,8
Algol Jorajuria,8
Ali Aaron Jaramillo lopez,2
Ali Alper Celik,8
Ali Elier,2
Ali Farahat,2
Ali Mortazavi,1
Ali Rastbod,2
Aliaksandra Tarasenka,8
Alibek Ishbaev,8
Alicja Sliwicka,2
Alihan Hüseyinoğlu,8
Alikhan Daulet,2
Alikhan Khazhatuly,2
Alikhon Avazkhonov,6
Alimzhan Amirkul,6
Alimzhan Zhauynbay,2
Alina Kashlinskaya,7
Alina Semenova,8
Alireza Aghaei,8
Alireza Firouzja,2
Alisa Genrietta Yunker,2
Alisa Nur-Mukhametova,2
Alisher Abdsattar,8
Alisher Karimov,8
Aljoscha Feuerstack,8
Alkhoori Eisa Mohmood,8
Allahverdi Hamidov,2
Alma Jaqueline Mora Velasco,8
Almas Rakhmatullaev,8
Alon Mindlin,8
Alopekos,8
Alper Demirtas,2
Alper Olcayoz,3
Altay Eynullayev,8
Alua Nurman,6
Alvar Alonso Rosell,8
Alvaro Alves De Almeida Junior,8
Alvaro Bayo,6
Alvaro Blanco Fernandez,8
Alvaro Donatti,8
Alvaro Rodriguez,6
Alvaro Torres Rebolledo,2
Aman Hambleton,2
Amani Alazmi,2
Amanmuhammet Hommadov,5
Amardeep Bartakke,8
Amaya Agarwal,2
Ameet Ghasi,7
Amelia Hernandez,8
Ameya Audi,8
Ameyalli Avila Fraire,8
Amgalantengis Enkh-Amgalan,6
Amilal Munkhdalai,2
Amin Kabilov,8
Amin Tabatabaei,2
Amina Kairbekova,5
Amir Ali Ghafourian,3
Amir Hadzovic,1
Amir Hossein Doroodgar,8
Amir Mohammad Hamidi,2
Amir hosein Kashefi,6
Amirreza Pourramezanali,2
Amor2023,7
Amro El Jawich,8
An Nguyen Thi Thanh,8
Ana Kuchava,8
Anagha Aniket Sinkar,8
Anahi Ortiz Verdezoto,8
Anant Adury,2
Anar Aliakbarov,2
Anastasia Avramidou,2
Anastasia Bodnaruk,2
Anastasia Grozdanovic,3
Anastasia Travkina,8
Anastasiia Hnatyshyn,3
Anastasios Mihailidis,2
Anastasios Pavlidis,2
Anastasios Tsiolakidis,1
Anastasiya Geller,2
Anastasiya Rakhmangulova,8
Anastassia Sinitsina,2
Anastasya Paramzina,8
Anatole Vlachos,1
Anatoliy Emeliantsev,8
Anatoliy Shapkin,2
Anatoly Borodavkin,1
Anatoly Bykhovsky,8
Anatoly Donchenko,2
Anatoly Donskov,4
Anatoly Krutko,2
Anatoly Moskvin,1
Anderson Esmeraldas,7
Andjela Dimitrijevic,8
Andras Dankhazi,2
Andre Bold,2
Andre Kunz,2
Andre Leonardo Dauer,1
Andre Mendez Machado,3
Andre Meylan,2
Andre Ventura Sousa,3
AndreGVH,8
Andrea Bucci,1
Andrea Ortez,8
Andreas Brenke,8
Andreas Mende,8
Andreas Skotheim,2
Andreea Navrotescu,8
Andrei Belozerov,2
Andrei Ioan Trifan,8
Andrei Macovei,2
Andrei Matsenko,2
Andrei Negrean,2
Andrei Olhovik,7
Andrei Purygin,2
Andrei Shishkov,8
Andrei Skvortsov,2
Andrei-Mihai Bonte,2
Andrej,2
Andrej Ljepic,2
Andrej Sukovic,2
Andres Carrasco Miranda,8
Andres Elias May Sanchez,8
Andres Felipe Gallego Alcaraz,2
Andres Ferriz Barrios,5
Andres Iglesias Ferreira,5
Andres Ingunza Curro,8
Andrew Brown,2
Andrew Green,8
Andrew Greet,3
Andrew Hong,1
Andrew Hubbard,7
Andrew Jiang,3
Andrew Jing,2
Andrew Metrick,8
Andrew Tang,8
Andrew Titus,2
Andrew Wu,2
Andrey Drygalov,2
Andrey Esipenko,4
Andrey Gonzalez Zharikov,8
Andrey Gorovets,8
Andrey Ivanov,2
Andrey Klymchuk,2
Andrey Levitskiy,2
Andrey Marcelo Souza Neves,8
Andrey Rychagov,8
Andrey Tkachuk,1
Andrey Tsvetkov,2
Andrii Palchuk,8
Andrii Vachylia,2
Andrija Obad,2
Andrin Wüest,2
Andriy Diachek,3
Andriy Prydun,8
Andrzej Krzywda,2
André Parra Gonzales,8
Andrés Delgado,8
Andy Woodward,2
Angel Aberbach,8
Angel Eduardo Chahin Godoy,3
Angel Gabriel Cordoba Roa,3
Angel Ruth Nugroho,8
Angela Dragomirescu,8
Angie Garcia,8
Anil Berk Erdogan,2
Aniruddha Deshpande,8
Anirudhha Potawad,8
Anish Gandhi,8
Anish Giri,8
Anishka Vikram,8
Anita Gronnestad,8
Ankit Gajwa,8
Ankush Khandelwal,8
Ann Lindsay Chumpitaz Carbajal,8
Anna Afonasieva,8
Anna Cramling,8
Anna Gvanceladze,4
Anna Jakubowska,3
Anna Kantane,8
Anna Khachatryan,8
Anna Kubicka,2
Anna Laura Scarsi,3
Anna M. Sargsyan,8
Anna Shukhman,2
Anna Styazhkina,3
Anna-Maja Kazarian,6
Annamaria Marjanovic,2
Anni Guo,8
Annmarie Muetsch,8
Ansh Shah,8
Ansumana Kamara,8
Ante Leon Starcevic,8
Anthony Atanasov,2
Anthony He,4
Anthony Hughes,8
Anthony Wirig,2
Antoaneta Stefanova,2
Antoine Bournel,8
Anton Barash,8
Anton Demchenko,2
Anton Frank,8
Anton Isajevsky,8
Anton Karpenko,4
Anton Korobov,8
Anton Osinenko,1
Anton Smirnov,2
Anton Vasilenok,2
Antoni Kozak,2
Antoni Radzimski,3
Antoni Szustakowski,8
Antonia Christodoulaki,2
Antonin Ferey,8
Antonio Arencibia,6
Antonio Arencibia Monduy,2
Antonio Carlos Bambino Filho,7
Antonio Distaso,8
Antonio Loiacono,2
Antonio Lopez Del Alamo,8
Antonio Naranjo Moreno,2
Antonio P Santos,7
Antonio Pedro Freixial Vasques,8
Antonio Ruperez Benito,3
Antonios Gkavardinas,1
Antonios Hadzimanolis,2
Antonios Kalogridis,7
Antonios Pavlidis,3
Anuar Ismagambetov,2
Anuar Tureshbayev,2
Anupam M Sreekumar,8
Anusha Subramanian,2
Anysia Thomas,8
ApacheSVD,2
Apolo de Souza Sá,5
Apoorv Kamble,4
Aqib Javaid Butt,8
AradNazari,6
Aradhya Garg,2
Aram Chekh Adam Khedr,2
Aram Hakobyan,2
Aran Köhler,1
Aras Vardanyan,8
Arash Akbarinia,2
Arash Tahbaz,6
Aravindh Chithambaram,8
Arben Dardha,2
Arda Altun,3
Arda Çamlar,2
Ardelean George-Catalin,8
Aref Vasli,8
Argente,5
Arghyadip Das,8
Argimiro Aponte,8
Arhan Chethan Anand,2
Ari Brezis,1
Ari Guz,2
Ari Kiremitciyan,8
Ari Ziegler,2
Arian Baradaran Tamadon,6
Ariel Erenberg,8
Ariel Nicolas Tokman,6
Ariel Pulido Álvarez,8
Arif Abdul Hafiz,2
Arif Rahman Saragih,8
Arifa Rizki Syaputra,8
Arik Braun,8
Arina Kiseleva,8
Arjun Adireddy,2
Arjun Erigaisi,1
Arjun Kalyan,8
Arkadiusz Babiarz,8
Arkadiusz Skawinski,8
Arkady Gitelson,8
Arman Erzhanov,2
Arman Geivondian,2
Arman Ghevondyan,2
Arman Hakemi,2
Arman Mikaelyan,2
Armand Sahetchian,8
Armen Proudian,2
Armen_ChessMate,8
Armin Farmani Anosheh,8
Armin Kekic,3
Armin Mušović,2
Arnaldo Jesus Fernandez De La Vara Mulet,2
Arnar Erwin Gunnarsson,8
Arnash Bauyrzhan,8
Arnav Maheshwari,2
Arnold Essing,8
Arnold Mayeregger,8
Aron Pasti,8
Arpita Mukherjee,3
Arsal Gardezi,8
Arsene Kukhmazov,8
Arseniy Astafurov,8
Arseniy Nesterov,8
Arseniy Shturman,2
Arseny Alavkin,2
Arshiya Das,2
Arslan Otchiyev,2
Artai Bringas,2
Artak Manukyan,2
Artavazd Hayrapetyan,8
Artem Alek Fedorov,2
Artem Bardyk,2
Artem Chernobay,8
Artem Dobrosmyslov,8
Artem Dyachuk,6
Artem Galaktionov,2
Artem Gulevich,8
Artem Koval,3
Artem Legenya,3
Artem Omelja,2
Artem Padalka,8
Artem Postnikov,8
Artem Sadovsky,6
Artem Timofeev,2
Artem Uskov,1
Artemii Khanbutaev,5
Artemiki Lebedev,3
Artemy Gogolev,8
Arthur De Winter,8
Arthur Guo,2
Arthur Kruckenhauser,2
Arthur Lucas,2
Arthur Muromtsev,1
Arthur Nader,1
Arthur Olinto de Souza,8
Artin Ashraf,4
Artiom Samsonkin,3
Artiom Stribuk,2
Artjoms Tolmacevs,1
Artom Andriienko,2
Artur Avalyan,7
Artur Davtyan,8
Artur Dilmukhametov,8
Artur Gabrielian,2
Artur Hoghmrtsyan,8
Artur Janturin,8
Artur Roenko,2
Artur Tin Lun Dai Lima,3
Arturo Augusto Fernandez Hernandez,5
Arturo Benitez,2
Arturo Gonzalez Mojica,8
Arturs Bernotas,8
Arturs Neiksans,2
Artyom Bogdanov,2
Artyom Manukyan,2
Artyom Zubritskiy,8
Arun Dixit,2
Arun Kataria,2
Arush Chitre,8
Arvids Andrejevs,2
Arvin Rasti,5
Arvind Jayaraman,8
Arvinder Preet Singh,8
Arya G Mallar,8
Aryan Achuthan,1
Aryan Tari,2
Arystan Isanzhulov,2
Arystanbek Urazayev,2
Asa Hoffmann,1
Asad Rahman,8
Asal Salimova,2
Ashley Qian,8
Ashok Ramadoss,8
Ashot Nadanian,2
Ashot Parvanyan,8
Ashritha Eswaran,2
Ashton Jin,8
Ashwath Kaushik,2
Ashwin Damaraju,2
Asif Solomon,2
Asish Panda,6
Aslan Aitbayev,2
Assel Lesbekova,3
Assel Serikbay,3
Aswath S,1
Asylbek Abdyjapar,1
Ata Secer,2
Atanas Dimitrov,2
Atilla Eynullayev,8
Atilla Kuru,2
Atousa Pourkashiyan,3
Attila Jr. Forgacs,2
Attila Turzo,2
Augustin Droin,3
Augustinas Bazilius,2
Aung Thant Zin,8
Aurelio Vila Dupla,8
Austin Mei,2
Austin Tang,2
Avery Yu,8
Avi Kaplan,2
Avigdor Bykhovsky,1
Avital Boruchovsky,3
Awonder Liang,2
Axel Bachmann,6
Axel Delorme,3
Ayan Akhmetov,8
Ayan Allahverdiyeva,1
Ayaulym Kaldarova,8
Aydin Suleymanli,8
Aydin Turgut,2
Ayelen Martinez,8
Ayrat Vafin,2
Ayushh Ravikumar,2
Azat Sharafiev,3
Azer Mirzoev,8
Aziz Degenbaev,1
BIG_Pirate,8
BOZNENA PIDDUBNA,2
Baadur Jobava,2
Babageldi Annaberdiyev,2
BabyAnton,8
Bach Ngoc Thuy Duong,8
Badrinath S,2
Bagyashree Thipsay Sathe,8
Bahadir Ozen,8
Bahadur Khodzhamkuliev,8
Bahman Kargosha,8
Bai Adelard,2
Baira Kovanova,8
Bakhora Egamberdieva,8
Bakhrom Bakhrillaev,8
Bakhtiyar Askarov,2
Bakhtiyar Nugumanov,6
Balaji Daggupati,2
Balaji Guttula,2
Balázs Csonka,2
Bao Nghia Dong,8
Baptiste Lissillour,3
Baptiste Roux,2
Baqer Hameed Khalaf Al-Musawi,8
Barad Yeganegi,2
Barath Kalyan M,8
Barbara Skuhala,2
Barchinoy Shokirjonova,8
Bardiya Daneshvar,2
Barlo Nadera,8
Barnabas Kovacsy,2
Bartlomiej Niedbala,2
Bartlomiej Turski,2
Bartosz Przybylski,2
Bartosz Sowul,8
Bartłomiej Róg,2
Barış Çınar Şahbudak,8
Bassem Amin,8
Bastien Dubessay,8
Batbaatar Yuruultei,8
Batbold Nyamsuren,7
Batsaikhan Tserendorj,1
Batuhan Özen,8
Batyrkhan Muratov,8
Bayastan Sydykov,2
Beatriz Frattini,8
Behzad Salimiyan,8
Beksultan Moldagali,2
Belka1989,8
Bella Khotenashvili,8
Beloslava Krasteva,8
Ben Bailey,3
Ben Finegold,2
Ben Johnson,8
Ben Li,2
Bence Leszko,2
Bence Papp,8
Bence Pribelszky,2
Bendeguz Bodrogi,2
Benedikt Dauner,2
Benedikt Huber,8
Benik Agasarov,2
Benjamin Bok,8
Benjamin Bujisho,2
Benjamin Gledura,8
Benjamin Tang,2
Benjamin Walmer,2
Benjoneliere44,2
Bennet Biastoch,2
Benny Aizenberg,2
Berezin Viktor,8
Bernard Anhwere,8
Bernardo Cesar Maestre,8
Bernardo Vainzoff Sztokbant,3
Bernhard Stillger,2
Bertalan Buzás,3
Bertalan Szikszai,8
Beverly Mendoza,8
Bhagyashree Patil,2
Bharath Subramaniyam.H Harishankkar,2
Bhavik Ahuja,1
Bianka Havanecz,8
Bibek Thing,2
Bibisara Assaubayeva,2
BikingBrian,2
Bilel Bellahcene,8
Billy Fellowes,1
Bilukhadzh Saidov,8
Bintang Rasyid,1
Bjorn Andersson,5
Bjorn Thorfinnsson,1
Björn Andersson,2
Blanka Ejsymont,2
Blaz Bratovic,3
Blazej Grot,2
Blažo Kalezić,8
BobbyFischer1508,8
Bobur Sattarov,3
Bodhana Sivanandan,2
Bogdan Belyakov,2
Bogdan Daniel Deac,8
Bogusz Piliczewski,8
Bojan Maksimović,2
Bojan Todorovic,8
Boris Bruned,2
Boris Ferrufino,8
Boris Grachev,2
Boris Grbac,8
Boris Itkis,2
Boris Savchenko,2
Boris Stankovic,1
Boris Taborov,8
Borna Derakshani,2
Borna Franc,8
Bovie Mei Liu,2
Boyd McCamon,8
BozeKat,8
Bozidar Kisic,1
Bradley Sawyer,8
Bragi Thorfinnsson,8
Brahian Diaz Herquinio,8
Brandon Clarke,1
Brandon Jacobson,8
Brandon Jiang,1
Brandon Wu,8
Brayan Angel Amaya,2
Brett Passen,8
Brewington Hardaway,2
Brian Jiang,8
Brian McLaren,1
Bristy Mukherjee,1
Broderick Bauml,2
Bruno André Leite Martins,2
Bruno Morado Rodrigues,8
Bruno Terkiewicz,1
Bryan Enming Lin,2
Bryan Weisz,1
Bryan Xie,2
Bulat Khalikov,4
Bulat Mirzanurov,8
Bulat Murtazin,8
Burak Firat,8
Burak Ozalp,2
Buyankhishig Batpelden,8
Byambaa Uyanga,8
Bánk Szalay-Őcsák,2
Bülent Erşahin,8
CAMPO ELIAS GUZMAN,2
Caio Angelico Silva,8
Caio Poeta,8
Caleb Levi,2
Caleb Wan,4
Calin Gheorghiu,8
Calix Marchand,2
CalmdownCalabreso,2
Camilo Corredor Castellanos,2
Can Alp Cansun,2
Can Baylav,6
Can Haktan Unat,2
Candela Belén Francisco Guecamburu,4
Capablanca_Oujda_2021,8
Carl Magnuson,8
Carles Diaz Camallonga,2
Carles Martín Barceló,2
Carlo Pauly,7
Carlos Alarcia,2
Carlos Alberto Gallegos Diaz,8
Carlos Alberto Martinez Molina,8
Carlos Alvarado,1
Carlos Andres Obregón,8
Carlos Andres Perdomo,8
Carlos Axarlian,2
Carlos Daniel Albornoz Cabrera,2
Carlos David Gomez,8
Carlos Eduardo Cardozo Munar,2
Carlos Godoy,3
Carlos Javier Bernabéu López,2
Carlos Martins,6
Carlos Matamoros,8
Carlos Morales,8
Carlos Neira,8
Carlos Sandoval Mercado,8
Carlos Souza,8
CarlosjPineror,2
Casper Liu,6
Catur Adi Sagita,2
Cayden Yang,1
Cedomir Micic,8
Cedric Chassard,2
Cem Kaan Gokerkan,2
Cengiz Hasman,1
Cephas Clinton Fomevor,8
Cervantes Landeiro Thalia,2
Cesar Quinones,3
Cesar Ugarte,2
Chafik Talbi,3
Chakravarthi Reddy M,8
Chamal Gedgaf,7
Chanchal Kumer Ghosh,8
Chandreyee Hajra,3
Charles Campbell,2
Charles Hua,2
Charles Storey,2
Charlotte Millard,8
Charvi A,4
Checkmate-100,4
Chelsie Monica Ignesias Sihite,2
Chenxuan Ling,8
Cherry Ann Mejia,2
Chess Master,2
Chess23Wizzard,2
ChessAurochs,8
ChessPlayer-24,8
Chess_Boxer123,2
Chessgod9oninsta,2
Chesswizard_2007,2
ChessyInstinct,2
Chinguun Sumiya,2
Chris Atkeson,2
Chris Baker,8
Chris Briscoe,8
Chris Duncan,1
Chris J Gant,8
Chris L Chambers,2
Chris Wu,8
Christian Almeida do Nascimento,2
Christian Braun,8
Christian Gian Karlo Arca,8
Christian Jordan,8
Christian Koepke,3
Christian Polster,8
Christian Silvestre,6
Christian Stevens,8
Christian Toth,8
Christian Troyke,8
Christiansen Sava,2
Christof Sielecki,3
Christophe Claverie,8
Christophe Sochacki,2
Christopher Chabris,8
Christopher Debray,8
Christopher Garzón Zapatanga,2
Christopher Guzman,3
Christopher Pace,8
Christopher Toolin,8
Christopher Woojin Yoo,2
Christos Krallis,2
Chuck Adelman,8
Chukwunonsonso Oragwu,8
Cindy Qiao,8
Ciorgovean Iustin,8
Cirilo Bustamante,1
Claudia Amura,1
Claudio Paduano,8
Claudio Sericano,2
Claudius Gottstein,3
Clemens Rietze,8
Clement Cristian Daianu,8
Clement Kuhn,2
Clément Rabineau,8
Coachpoker,2
CoastalJourney,8
Cohen Young,8
Coiote53,2
Colin Federer,2
Collin Colbow,2
Colombiano07,6
Connor Clarke,1
Conrad Holt,8
Conrad Thake,8
Cornelis Klaver,8
Costica-Ciprian Nanu,2
Cptn2,2
Craig Clawitter,6
Crazy_passion_fruit,8
Cristhian Cruz Sanchez,8
Cristhian Montero,8
Cristhian Portal,8
Cristi Coca,8
Cristi Machidon,8
Cristian Adrian Dolezal,1
Cristian Aranda Marin,8
Cristian Camilo Soto,2
Cristian Maidana,8
Cristian Robledo,8
Cristian Sampaoli,2
Cristian Sanhueza,3
Cristian Silva Lucena,6
Cristian Vasquez Toledo,8
Cristiano G Souza,7
Cristobal Henriquez,2
Cristobal Jose Blanco Acevedo,2
Cristofer Luke Brezmes,1
Csaba Bognár dr.,1
Cumali Unver,3
Cyprian Mulawa,6
Cyrielle Monpeurt,8
Cyril Ponížil,2
Cécile Haussernot,8
César Augusto Blanco Gramajo,8
D D L N Dandeniya,1
Daaevik Wadhawan,8
Daakshin Arun,8
Dachey Lin,1
Dagur Arngrimsson,2
Dale Haessel,8
Dale Haukenfrers,2
Dalton Perrine,8
Dambasuren Batsuren,8
Damian Lewtak,2
Damian Śliwicki,2
Damiano Locci,3
Damir Bulgak,2
Damir Ismagilov,2
Damir Majer,3
Dan Herman,8
Dan Shapiro,8
Dana Kochavi,2
Dana Tuleyeva-Aketayeva,8
Daniel Abrahams,8
Daniel Aguiar De Sousa,8
Daniel Barria,8
Daniel Beletic,8
Daniel Beniosev,8
Daniel Centron Antuna,2
Daniel Chan,1
Daniel Cremisi,7
Daniel Dardha,2
Daniel Evelio Saiz Rodríguez,8
Daniel Fernandez,8
Daniel Fischer,8
Daniel Fridman,8
Daniel Garcia Ramos,2
Daniel Girsh,2
Daniel Gong,8
Daniel Gormally,8
Daniel Gutiérrez Olivares,6
Daniel Gómez,8
Daniel Hristodorescu,1
Daniel Kazmaier,1
Daniel Kopylov,6
Daniel Kozusek,1
Daniel Lopez Gonzalez,8
Daniel Lowinger,6
Daniel Madson de Medeiros Amorim,2
Daniel Marcolino,8
Daniel Melamed,2
Daniel Mieles Palau,8
Daniel Motos Abellan,2
Daniel Muhammad,1
Daniel Naroditsky,2
Daniel Orlando Piscicelli,8
Daniel Pacheco,8
Daniel Pinto,8
Daniel Quizon,2
Daniel Rangel,2
Daniel Rensch,8
Daniel Romero Pallares,8
Daniel Salinas,3
Daniel Ser,8
Daniel Shubin,2
Daniel Taboas Rodriguez,2
Daniel Tabuenca Mendataurigoitia,2
Daniel Teidi Awoki,3
Daniel Titichoca Daza,1
Daniel Wang,2
Daniel Xu,8
Daniel Yang,2
Daniel Yedidia,8
Daniel Yoshito Ikejiri,3
Danielian Elina,5
Daniil Dubov,8
Daniil Fedunov,6
Daniil Lintchevski,2
Daniil Manelyuk,2
Daniil Plyasunov,2
Daniil Rakitin,2
Danil Kuzuev,3
Danila Bilan,8
Danila Poliannikov,2
Danila Sutormin,8
Danilo Cesar de Luna Alves Campelo,8
Danis Kuandykuly,8
Dante Beukes,8
Dantelle Joubert,8
Danyil Mosesov,8
Danylo Biletskiy,2
Danylo Shkuran,2
Danyyil Dvirnyy,8
Daouda Ethmane,8
Daria Voit,8
Daria Yurasova,2
Daria Zaichenko,6
Dario Alivodic,6
Darius Viškelis,3
Dariusz Bieliński,2
Dariusz Dziewonski,2
Dariusz Swiercz,2
Darko Dimitrijevic,8
Darko R Mitrovic,7
Darvi Abraham Crispin Ferreras,8
Dashgyn Ibadov,8
Dau Khuong Duy,2
Davi Sulzbacher,8
David Ale Hernandez Santos,8
David Alexandru,8
David Anton Guijarro,8
David Arenas,8
David Arutinian,2
David Bennett,1
David Bernat,2
David Blanco Diez,8
David Brinovec,3
David Brodsky,3
David Cabezas,2
David Camacho,2
David Cannon,8
David Castañeda,8
David Castor,8
David Davtyan,8
David Galstyan,2
David Gasparyan,2
David Gavrilescu,2
David George Samir,6
David Gertler,8
David Gordon,2
David Gorodetzky,2
David Haydon,2
David Hernandez,8
David Howell,6
David Höffer,2
David Kalashian,2
David Lacan-Rus,8
David Lana,3
David Lariño Nieto,1
David Levine,8
David Martinez,8
David Maycock,8
David Navara,6
David Okike,2
David Orlando Oño,2
David Ottosen,8
David Paravyan,2
David Riemay,8
David Rodríguez López,2
David Schernthaner,2
David Sh. Gevorgyan,2
David Shahinyan,8
David Shapiro,1
David Stevanić,2
David Temirkanov,8
David Torres Domínguez,3
David Zakarian,8
David Zakaryan,2
David Zhurbinsky,2
David-Alexandru Botea,8
Davide Cappai,2
Davide Podetti,3
Davis Zong,8
Davit Maghalashvili,2
Davron Sharipov,4
Dawid Czerw,8
Dawid Janaszak,6
Dawid Niekraś,2
Dawton Lemos,8
De Silva L.M.S.T,2
Deep Sengupta,8
Deepak Aaron,1
Deepan Chakkravarthy,8
Deepweb2020,2
Dejan Brankovic,2
Dejan Dinev,1
Dejan Djordjevic,8
Dejan Jakovljevic,8
Dejan Pikula,8
Dejan Tasev,1
Denes Boros,8
Deniel Causo,3
Deniel Safarov,3
Denis Garrido,8
Denis Khayrullin,3
Denis Khismatullin,8
Denis Kovalev,6
Denis Kozlov,1
Denis Lazavik,8
Denis Makhnev,6
Denis Palkovich,3
Denis Pavlov,7
Denis Pershin,8
Denis Popov,8
Denis Shurakov,8
Denis Trifonov,8
Deniz Anakok,2
Deniz Arman,3
Deniz Dirikolu,2
Deniz Ozen,2
DenizG123,8
Dennis Wagner,2
Derek Wu,2
Derek Zhang,1
Derlei Alex Florianovitz,2
Dev Shah,8
Devina Devagharan,2
Devindya Oshini Gunawardhana,4
Dewar B. Feliz Dotel,8
Dexter_Dyke,2
Deyan Kostov,2
Deysi Cori,8
Dhananjay S,8
Dharim Bacus,8
Dhulipalla Bala Chandra Prasad,1
Diajeng Theresa Singgih,8
Diana Lomaia,2
Diana Mirza,2
Diana Omurbekova,1
Diana Preobrazhenskaya,2
Dias Issabayev,8
Diego Adla,2
Diego Berardino,8
Diego Cacheiro Blanco,2
Diego Calens,5
Diego Carbone,6
Diego Flores,8
Diego Flores Quillas,8
Diego Garcia,8
Diego Mariano Belmonte,8
Diego Sashaki Haraguchi,2
Diego Sauvageot Ledezma,8
Diego Suarez Pousa,8
Diego Zilleruelo,3
Dila Baloglu,3
Dilshad Mohammed,2
Dimitar Mardov,2
Dimitrios Ladopoulos,2
Dimitrios Papaioannou,2
Dimitrios Pappelis,8
Dimitrios Vazelakis,3
Dimitris Alexakis,2
Dimitris Makridis,2
Dimo Terziev,2
Dina Belenkaya,6
Dinara Wagner,2
Dinesh Rajan M,2
Dinh Minh An,2
Dinh Trung Nguyen,8
Dinmukhammed Tulendinov,2
Dino Ballecer,2
Dinushki Premanath,6
Diogo Duarte Guimaraes,2
Dion Krivenko,2
Dion Su,8
Dirk Paulsen,8
Dirk Troltenier,8
Disguised Hard Worker,1
Divya Deshmukh,2
Djuro Skaric,1
Dmitrii Marcziter,2
Dmitrij Kazmin,8
Dmitrij Kollars,2
Dmitrij Osetrov,2
Dmitrij Skurikhin,8
Dmitrijus Chocenka,1
Dmitriy Bocharov,8
Dmitriy Khegay,2
Dmitriy Kushko,8
Dmitry Andreikin,8
Dmitry Bagrationi,3
Dmitry Fomkin,1
Dmitry Frolyanov,8
Dmitry Gordievsky,8
Dmitry Gurevich,8
Dmitry Kirillov,6
Dmitry Kononenko,2
Dmitry Kryakvin,8
Dmitry Lavrik,8
Dmitry MIschuk,2
Dmitry Maximov,4
Dmitry Minko,6
Dmitry Petukhov,2
Dmitry Ponomarev,2
Dmitry Rostovtsev,2
Dmitry Semenenko,8
Dmitry Sumaneev,8
Dmitry Svetlov,8
Dmitry Tatarinov,2
Dmitry Vyatkin,8
Dmitry Zacurdajev,8
Dmitry Zenin,8
Dmitry Zilberstein,5
Dmytro Danylenko,3
Dobre Claudiu Cristian,2
Dobrivoj Popovic,3
Dolzhykova Kateryna,2
Dom1nant1337,8
Domantas Klimciauskas,1
Domen Tisaj,6
Dominick Orzech,8
Dominik Horvath,8
Dominik Marczuk,4
Dominik Orzech,8
Dominique Myers,1
Donát Daróczi,8
Dorian Kang,2
Dorina Demeter,2
Dorsa Sadat Khalafvand,2
Dr. Anita Stangl,8
Dr. Joerg Teumer,2
DrKerfuffle,2
DrMamaliga,8
DraG0s3L,2
Dragan Popadic,1
Dragan Zivic,8
Dragomirescu Calin,2
Dragomirescu Robin,6
Dragos Ceres,2
Drasko Boskovic,2
Duc Dung Nguyen,2
Duc Minh Lai,2
Dumitru-Daniel Dinu,2
Dusan Radovanovic,8
Dushyant Sharma,3
Dusko Zmijanac,2
Dylan Berdayes,8
Dylan Tang,3
Dzmitry Kalinin,2
Dávid Haszon De,2
EREBUNI91,6
Ebru Kaplan,8
Eddie U,8
Eddy L Levi,8
Eden Diano,8
Edgar Hayrapetyan,2
Edgard Vinicius Zanette,2
Edgardo J. Almedina Ortiz,8
Ediz Gürel,2
Edmund C Player,8
Edoardo Di Benedetto,2
Eduard Andreev,2
Eduard Ashiev,8
Eduard Kanter,6
Eduard Khatoev,2
Eduardo Barbosa Mesquita,8
Eduardo DaMatta,8
Eduardo Iturrizaga Bonelli,8
Eduardo Marra,8
Eduardo Mendez Fortes,2
Eduardo Muzzi,2
Eduardo Peralta,2
Edvin Trost,2
Edward Jackson,3
Edwin Adrian Navia Alvarez,8
Edwin Urbina,3
Eelke De Boer,2
Eesha Karavade,8
Efren Andres Ramos Espinoza,2
Efstathios Gazis,8
Ege Köksal,2
Egehan Yildiz,8
Egor Baskakov,2
Egor Bykov,3
Egor Koshulyan,1
Egor Kovalev,3
Egor Kurchenko,2
Egor Lashkin,8
Egor Pakhomov,2
Eilia Zomorrodian,8
Eivind Grunt Kreken,2
Ekaterina Borisova,2
Ekaterina Diakonova,8
Ekaterina Fomkina,2
Ekaterina Goltseva,2
Ekaterina Miroshnik,2
Ekaterina Smirnova,7
Ekaterina Ubiennykh,2
Ekaterini Pavlidou,8
Elbek Alikulov,2
Elbek Jumanov,8
Elbert Fang,8
Eldar Gasanov,8
Eldiar Orozbaev,2
Elena Homiakova,2
Elena Orshonova,8
Elena Pershina,2
Elena Semenova,8
Elena Tomilova,8
Elena Verbova,2
Eleni Pica,8
Elham Amar,2
Elijah Logozar,1
Elim Keneshbekov,8
Eline Roebers,1
Elis Denele Dicen,2
Elisa Cassi,8
Elizabeth Toro Castañeda,8
Elizaveta Malakhova,1
Ellen Kakulidis,5
Ellen Nilssen,8
Elliot Papadiamandis,2
Elliott Winslow,8
Elmar Atakishiyev,2
Elnaz Kaliakhmet,2
Elnur Aliyev,2
Elshan Moradiabadi,8
Eltaj Safarli,3
Elvin Wilson,8
Elvira Berend,2
Elza Khazieva,8
Elzbieta Vine,8
Emanuel Vaglio,2
Emerson Veiga,4
Emil Risteski,2
Emilia Dyalog,8
Emilia Sprzęczka,2
Emilia Zavivaeva,8
Emilio Cordova,8
Emilio Hernandez,8
Emin Ohanyan,2
Emirhan Tarlabasi,2
Emma,8
Emmanuel Carter,2
Emmanuel Jiménez García,8
Emre Can,1
Emre Mecit,2
Emujin Enkh-Amgalan,8
Enamul Hossain,8
Eneasz Wiewióra,3
Enes Tanriverdi,8
Enis Metin,2
Enis Zuferi,8
Enkhrii Enkh-Amgalan,8
Enkhtuul Altan-Ulzii,2
Enrico Vianello,2
Enrique Butti,8
Enrique Fernando Asensio Ramos,2
Enrique Fonseca Manrique,8
Enrique Osuna Vega,8
Enrique Tejedor Fuente,2
Enrique Álvarez Fernández,8
Enzo Federzoni,2
Enzo Ferrara,8
Enzo Leto,2
Enzo Suzarte Ferreira,8
Epameinondas Kourousis,8
Equitable Brown,8
Eray Kilic,2
Erdem Khubukshanov,8
Erdenepurev Boldoo,5
Erdenetulga Rentsen,2
Erdni Urjubdshzirov,2
Erez Kupervaser,8
Ergali Suleimen,2
Eric Feng,2
Eric Hansen,8
Eric Hon,8
Eric Lawson,1
Eric Liu,2
Eric Rosen,2
Eric Sos Andreu,8
Eric Yuhan Li,2
Eric Zhang,8
Erick Feitosa Da Silva,8
Erick Garcia,8
Erick Zhao,2
Erik Blomqvist,8
Erik Golubovic,8
Erik Obgolts,1
Erik R. Gasparyan,2
Erik Rönkä,6
Erik van den Dikkenberg,1
Ermes Espinosa Veloz,1
Ernestina Adam,2
Ernesto Barrientos Gómez,8
Ernesto Javier Fernandez Guillen,2
Ernesto Real de  Azua,8
Ernesto javier Fernandez Guillen,2
ErnestoGuevaraLynch,8
Ernur Amangeldy,8
Ervin Ozkan,8
Erzhan Zhakshylykov,8
Esat Baglan,8
Eshan Guha,8
Esper Van Baar,3
Esteban Horacio Deichmann,2
Ethan Bashkansky,2
Ethan Saya,2
Ethan Sheehan,8
Ethan Vaz,2
Etienne Bacrot,8
Ettore Stromboli,2
Eugene Hua,8
Eugene Yanayt,8
Eugenia Karas,2
Euwe1234,1
Evan Ai,8
Evan Rabin,3
Evan S. Rosenberg,2
Evan Sammons,8
Evan Yin,2
Evandro Amorim Barbosa,8
Evelina Zavivaeva,8
Everson de Moura Araujo,8
Evgeni Krasilnikov,3
Evgenij Kretov,7
Evgenij Novikov,2
Evgenij Shuvalov,6
Evgenios Ioannidis,8
Evgeniy Khain,2
Evgeniy Najer,8
Evgeniy Pak,8
Evgeniya Doluhanova,3
Evgeny Alekseev,8
Evgeny Degtiarev,8
Evgeny Egorov,2
Evgeny Ermolaev,2
Evgeny Melikhov,2
Evgeny Postny,2
Evgeny Romanov,2
Evgeny Shtembuliak,8
Evgeny Tomashevsky,8
Evgueniy Taranenko,1
Evsuld Myagmarsuren,2
Ewa Barwinska,2
Experience_Chess,8
Eyal Grinberg,8
Eyal Noy,7
Eytan Rozen,2
FAUSTO CASTELLA GARCIA,3
Fabian Fichter,8
Fabian Fiorito,1
Fabian Jahnz,2
Fabian Pereira,2
Fabian Platzgummer,2
Fabian Reyes Zavaleta,8
Fabian Vivas,3
Fabiana Gómez,2
Fabiano Caruana,8
Fabio Colonetti,8
Facundo Vazquez,2
Fadi Eid,3
Faiber Lotero,2
Farid Mustafayev,8
Farid Orujov,2
Farid Tamer,4
Farzad Abdi,8
Farzad Bolourchifard,1
Fatih Baltic,2
Faustino Oro,4
Federico Perez Ponsa,2
Federico Sellitti,2
Felipe Escudero,2
Felipe Lobo,8
Felix Blohberger,2
Felix Guo,2
Felix Hindermann,2
Felix Ilinca,1
Felix Kuznetsov,2
Felix Meissner,3
Felix Rose,6
Felix Ynojosa,1
Fengxi Mao,8
Ferenc Jr. Gombocz,2
Ferenc Langheinrich,1
Fernando Arauz Alonso,8
Fernando Bolaños Soza,8
Fernando Broca,3
Fernando Díaz,8
Fernando Fernández Estremera,8
Fernando López Gracia,2
Fernando Mata,2
Fernando Offermann,8
Fernando Valenzuela,2
Fernando Viana da Costa,8
Ferzan Azizoglu,8
Fidel Corrales Jimenez,2
Filip Boe Olsen,2
Filip Covic,8
Filip Dowgird,1
Filip Haring,2
Filip Luczak,1
Filip Ochedzan,2
Fiona Steil-Antoni,1
Fiorella Contreras Huaman,8
FlamingPhoenix123,3
Flavio Wisniacki,2
Flawian Krawczyk,2
FloMaster111,2
Florescu Codrut Constantin,7
Florian Atzl,2
Florian Daeschler,4
Florian Fuchs,4
Florian Gatterer,2
Florian Grafl,2
Florian Jenni,3
Florian Kaczur,8
Florian Mostbauer,5
Florian Schwabeneder,7
Floryan Eugene,1
FlySooHigh,1
Flávio Bezerra,8
Francesco Bettalli,2
Francesco Sonis,6
Francesco Sorcinelli,2
Francisco Allysson da S. Muniz,2
Francisco De Assiss Medeiros Jr,8
Francisco Ferrari Pironti,3
Francisco Fiorito,2
Francisco Javier Muñoz,2
Francisco Miguel Terron Elena,8
Francisco Montoliu Cervero,2
Francisco Orantes Taboada,2
Francisco Silva Gonzalez,2
Franciszek Sernecki,2
Franck Steenbekkers,8
Franco Manteiga,2
Franco Rodrigo Quiroz Alva,8
Frank Buchenau,3
Frankie Badacsonyi,8
Franz Robert Grafil,8
Frederick Waldhausen Gordon,2
Frederico Matsuura,8
Frederik Svane,2
Frode Elsness,2
Fruzsina Szente-Varga,3
Fy Antenaina Rakotomaharo,2
Fyodor Myshakov,2
GABRIEL SCHOENFELD,8
GEOFFREY J COLLINS,1
GERARDO MARIN,8
GIRINATH PDS,3
GO A HEAD,8
GUSTAVO MANUEL LARREA LLORCA,8
Gabor Nagy,2
Gabriel Anton Salazar Olchowski,8
Gabriel Arteaga,6
Gabriel Carckeno Do Carmo,6
Gabriel Eidelman,8
Gabriel Garmendia,2
Gabriel Gonzaga Garcia,3
Gabriel Gähwiler,2
Gabriel Lenoir,6
Gabriel Lesueur,8
Gabriel Pereyra,8
Gabriel Petesch,8
Gabriel Pérez Pérez,8
Gabriel Voiteanu,6
Gabriela Antova,8
Gabriela Vargas,8
Gabriele Franchini,5
Gadir Guseinov,3
Gagik Navoyan,4
Gahan MG,2
Gaioz Nigalidze,6
Gal Drnovšek,8
Gal.la Garcia-Castany Musellas,8
Galina Mikheeva,8
Galina Novikova,3
Gan-Erdene Sugar,8
Gan-Od Sereenen,2
Gara Balajaev,8
Garnik Nersesyan,2
Garrett Smith,8
Garry Anatholy Hernandez Ojeda,8
Garv Gaur,2
Gary Leschinsky,2
Gary Ng,8
Gasan Guliev,2
Gastón Martin,2
Gastón Needleman,2
Gata Kamsky,2
Gaurang Bagwe,2
Gauri Shankar,2
Gavin R Lock,8
Gawain Maroroa Jones,2
Gedeon Hartge,2
Gehua Wen,8
Gellert Karacsonyi,2
Genaro Alvidrez,2
Genivan Genkeswaran,2
Gennadii Gutman,2
Gennady Kozlov,2
Geo Castellanos Hernandez,8
Geordie Derraugh,2
Georg Meier,2
Georg Seul,1
Georg Von Buelow,2
George Danzer,8
George Stoleriu,6
George Vlassis,7
Georgi Orlov,2
Georgijs Germanovs,2
Georgios Alexandros Kouskoutis,2
Georgios Kanakaris,6
Georgios Ketzetzis,3
Georgios Papidakis,8
Georgios Souleidis,2
Gerald Loew,5
Gerardo Alfonso Ramirez Madrid,8
Gerardo Antonio Gracia Alvarez,8
Gerardo Fernandez,1
Gerasimenyuk Mikhail,1
Gergana Peycheva,2
Gergely Antal,2
Gergely Kantor,2
German Bazeev,1
German Darío Univio Sanchez,4
German Spata,2
Germán Della Morte,1
Gerodot71,8
Gerson Príncipe,8
Gevorg Harutjunyan,3
Gia Huy Banh,2
Gianmarco Leiva,2
Giannis Kalogeris,3
GiantThresher,3
Giga Quparadze,2
Gil Barak,2
Gil Popilski,2
Gilbert Elroy Tarigan,2
Gilberto Hernandez Amura,8
Giorgi Margvelashvili,2
Giorgi Sibashvili,2
Giorgio Belli,2
Giovanna Arbunic Castro,8
Giovanni B Tavares Da Silva,2
Giovanni Carreto,8
Giovanni Marchesich,6
Girard RAMASINDRAIBE,8
Girish Koushik,8
Gisela Roque Sola,8
Giulia Sala,1
Giuseppe Lettieri,8
Gizem Olcayoz,8
Glaucio Cella,2
Gleb Dudin,8
Gleb Scheglov,2
Glek_Igor,8
Gloomy_Wanderer,8
Gnel Melikyan,2
Goltsev Dmitry,2
Gonzalo Navarrete,3
Gordon McNeill,2
GracefulYear,2
Gracjan Grzesik,8
Graham Horobetz,2
Grant Peed,2
Grapsa Grapsa,5
Grayson Rorrer,2
Greg Shahade,2
Gregory Kaidanov,8
Griffin McConnell,2
Grigor Dilanyan,2
Grigor Grigorov,8
Grigoriy Oparin,2
Grigoriy Sharankov,6
Grigory Seletsky,2
Grzegorz Gajewski,8
Grzegorz Kopacz,5
Grzegorz Nasuta,8
Grzegorz Toczek,8
Guadalupe Montano Vicente,2
Guannan Song,2
Gudmundur Kjartansson,2
Guerau Masague Artero,6
GuerrieroFromLevant,3
Guido Caprio,8
Guilherme Andrade,8
Guilherme Rodrigues Gomes,8
Guilherme de Borba,3
Guill. Vallin,2
Guillaume Garde,2
Guillaume Lamard,8
Guillermo Baches Garcia,6
Guillermo Camacho Martínez,3
Guillermo Di Benedetto,1
Guillermo José Llanos,8
Guillermo Vazquez,8
Gukesh D,8
Gulenay Aydin,4
Guliskhan Nakhbayeva,8
Gulnar Mammadova,1
Gulrukhbegim Tokhirjonova,4
Gumersindo Fernandez Garcia,2
Gunay Mammadzada,8
Gunnar Lund,2
Gus Huston,2
Gustas Morkunas,2
Gustavo Cadena Watch me on twitch fmgustavocadena,8
Gustavo Eduardo Nunez V,2
Gustavo Horokoski De Souza,8
Gustavo Juarez Flores,8
Gustavo Ribeiro,3
Gyorgy Meszaros,1
Gyula Pap,2
HRVOJE FAJDETIĆ,1
Habib Adnan,2
Haik Martirosyan,2
Hajiyev Kanan,2
Halldor Gretar Einarsson,8
Halsagar Chincholimath,8
Hamad Alblooshi,2
Hamed Wafa,1
Hamidreza Ebrahimi Herab,2
Hampus Sorensen,2
Han Schut,6
Hanan Mordechai,8
Hanna Wesołowska,1
Hannah Sayce,8
Hannes Langrock,2
Hans Niemann,8
Haowen Xue,8
Harald Schmidt,8
Haran Salasan,2
Harika Dronavalli,2
Harikrishna Pentala,8
Harikrishnan A Ra,3
Harilos Karabalis,1
Harmen Jonkman,8
Harold Wanyama,8
Harry Bryant,2
Harry Cun,8
Harry Grieve,1
Harsha Bharathakoti,8
Harshad S,2
Harshal Shahi,8
Harshavardhan GB,2
Harshin Reddy Jagirapu,4
Harshit Ranjan Sahu,1
Hasan Atis,8
Hassan Gaafar,2
Havard Haug,2
Hayk Yeritsyan,2
HeartAblaze,2
Hector Fiori,8
Hector Jose Linares Orellana,2
Heimo Löbler,8
Heinz Georg,1
Helgi Gretarsson,8
Helmut Hürter,8
Helvert Hernández,2
Henning Holinka,2
Henrik Cernov,2
Henrique Barbosa Veloso,8
Henrique M A Albergaria Paiva,8
Henry Deng,2
Henry Edward Tudor,5
Henry Jhonhader Panesso Rivera,2
Henry Roger Lopez,8
Henry Soto Hernandez,2
Henry Tirado Veliz,8
Henryk Samborski,2
Henryk Seifert,8
Hernan Ramon Filgueira,8
Hikaru Nakamura,2
Himal Lama,2
Hipólito Asis Gargatagli,8
Hoang Thi Bao Tram,8
Holger Rasch,8
Hong Anh Nguyen,8
Hong Jun Lai,2
Hong Ngoc Nguyen,1
Horacio Pereyra,2
Horacio Saldaño dayer,2
Houji Yao,8
Hovik Hayrapetyan,8
Hrair Simonian,3
Hrant Melkumyan,2
Hristos Alexiadis,8
Hristos Marinakis,5
Hubert Zieba,6
Hugo Guillemette,8
Hugo Uber Gracia,3
Hugo Wernberg,2
Hugo de Melo Lux,2
Hugo ten Hertog,8
Hui Li,2
Humberto L. Blanco Ronquillo,8
Husain Nakara,8
Huseyin Said Deveci,2
Husnorakhon Khusnitdinova,2
Hussain Besou,2
Héctor Elissalt Cardenas,8
Héctor L Gil Alba,3
ILoveMauritania,8
IMinTheWings,1
INZLF,3
IULIAN NECULA,1
Ian Dzhumagaliev,2
Ian Eiffel Castillo,8
Ian Harris,2
Ian Mutuge,8
Ian Nepomniachtchi,2
Ian Ocampos,8
Ian T. Findlay,8
Iaroslav Martemianov,3
Ibon Dominguez Exposito,3
Ido Gorshtein,8
Ieuan Ward,8
Ignacio Cavadini,1
Ignacio Gago,8
Ignacio Sainz Aguirre,8
Igor A Gulkov,8
Igor Bjelobrk,8
Igor Da Paz Palácio,8
Igor Dubrovich,8
Igor Gulkov,8
Igor Janik,2
Igor Khenkin,5
Igor Kovalenko,2
Igor L. Vakhlamov,2
Igor Lutz,8
Igor Lysyj,8
Igor Miladinovic,1
Igor Musiał,8
Igor Sorkin,7
Igor Spiric,8
Igor Tokuichi Kikuchi Cadilhac,8
Igor Vershinin,8
Igor Vujačić,8
Igor Wilk,2
Igorbarbashin,8
Ihor Samunenkov,2
Ihor Vypkhaniuk,8
Ilamparthi A R,2
Ilan Schnaider,2
Ilan Vardi,1
Ilay Zakin,2
Ildar Idrisov,2
Ilia Fofanov,8
Ilia Martinovici,7
Ilia_Jude,8
Ilija Stanojevic,1
Ilimbek Esenbek Uulu,8
Ilja Biriukov,8
Ilja Haitin,2
Ilja Sirosh,6
Ilja Zaragatski,8
Iljya Grigorjev,2
Illia Nyzhnyk,2
Ilya Grigorjev,2
Ilya Gruzman,8
Ilya Gutkin,3
Ilya Khakhinov,3
Ilyass Msellek,6
Imangali Akhilbay,1
In Hei Henry Ho,8
In Vau,8
Inayat Bolat,2
Ind1anStar-inactive,8
IndianGrandmaster13,2
Indy Southcott-Moyers,2
Inga Charkhalashvili,8
Inge Sandstad Skrondal,8
Inigo Riveiro,2
Iniyan P,1
Inna Agrest,8
InvisibleWarrior2252,8
Ioan Rees,6
Ioan-Cristian Chirila,8
Iren Lyutsinger,2
Irena Hertlein,8
Irene Sukandar,8
Irene Xie,3
Irina Bulmaga,2
Irina Krush,8
Irina Mikhaylova,2
Irina Petrova,2
Irmak Sipahioglu,1
Isaac Chiu,2
Isaac Okeke,2
Isaac Wiebe,8
Isaak Parpiev,2
Isabella Lopez Rayo,8
Isabelle Tamarozi,8
Isak Sjoberg,1
Isak Storme,2
Isaque Goncalves Santos,8
Isha Sharma,8
Ishvi Aggarwal,5
Islam Hajialiyev,2
Ismael Gimenez,1
Ismael Khadour,8
Ismail Tarik Baltaci,8
Ismayil Shahaliyev,2
Israel Caspi,2
Isuru Alahakoon,8
Italo Romero,8
Itay Sitbon,2
Itgelt Khuyagtsogt,6
Iulian Baltag,8
Iulian Sabarez,8
Iulian-Ioan Taras,8
Iung Alicio de O. Pinheiro,4
Ivajlo Enchev,1
Ivan Aldokhin,8
Ivan Andrade,8
Ivan Cheparinov,8
Ivan Excender Soriano Quispe,8
Ivan Ivanisevic,8
Ivan Jakić,2
Ivan Kalajzic,6
Ivan Kochiev,2
Ivan Krylov,7
Ivan Kubatko,3
Ivan Martic,6
Ivan Martynenko,8
Ivan Mesquita V. Gonçalves,8
Ivan Mezentsev,8
Ivan Paquico Rodriguez,1
Ivan Povshednyi,2
Ivan Provotorov,8
Ivan Ramirez Martin,7
Ivan Rozum,2
Ivan Schitco,8
Ivan Sidletskyi,8
Ivan Sredojevic,3
Ivan Stankovic,8
Ivan Tisma,2
Ivan Vihor Krsnik Cohar,1
Ivan Yeletsky,2
Ivan Zemlyanskii,8
Ivana Hrescak,8
Ivana Maria Furtado,7
Ivashentseva Dominika,2
Ivo Maris,1
Iwo Godzwon,4
Iwo Karolczuk,2
Iyán González Guedes,8
Iñigo López Mulet,2
J,8
Ja Gireman,3
Jaan Ehlvest,8
Jacek Stachanczyk,8
Jacek Stopa,2
Jacek Tomczak,3
Jack Mizzi,2
Jack Rodgers,2
Jacob Chiang,2
Jacob Dreelinck,1
Jacob Flynn,2
Jacob Templen Grave,8
Jacopo Motola,3
Jacorey Bynum,8
Jacques Blit,1
Jacques Muller Luxama,8
Jagadeesh Siddharth,3
Jahandar Azadaliyev,2
JahandarAzadaliyev,2
Jahangir Nifdaliyev,8
Jai Sankar Subramanian,2
Jaime Rey Martinez,8
Jaime Rodriguez Santiago,8
Jaime Santos Latasa,8
Jaime Vaglio,2
Jaivardhan Raj,8
Jaiveer Mahendru,2
Jaka Brilej,6
Jake Darmanin,2
Jake Kleiman,3
Jake Shanty,2
Jakhongir Vakhidov,8
Jakob Leon Pajeken,2
Jakob Pfreundt,2
Jakob Postlmayer,2
Jakob Weihrauch,2
Jakub Borawski,3
Jakub Chyży,3
Jakub Fus,2
Jakub Janeczko,2
Jakub Kosakowski,2
Jakub Kusa,8
Jakub Lizak,8
Jakub Luberanski,6
Jakub Ocelák,1
Jakub Pulpan,2
Jakub Roubalik,8
Jakub Seemann,2
Jakub Suder,8
Jaloliddin Ilkhomi,2
James Allen,1
James Altucher,8
James Chirilov,1
James Eden,2
James Marshall,8
Jan Boder,2
Jan Enrique Zepeda,6
Jan Gustafsson,8
Jan Helmer,8
Jan Jodilyn Fronda,2
Jan Klimkowski,2
Jan Kokoszczynski,6
Jan Malek,2
Jan Marn,8
Jan Murawski,2
Jan Petr,8
Jan Roebers,3
Jan Rubeš,7
Jan Subelj,2
Jan Travesset,8
Jan Vykouk,2
Jan Zienkiewicz,2
Jan-Dietrich Wendt,8
Jan-Krzysztof Duda,6
Jana Mukhina,2
Janak Awatramani,8
Jani Bogoevski,8
Jann-Christian Tiarks,3
Jannatul Ferdous,2
Jarmo Hartikainen,3
Jaroslav Sobek,8
Jason,8
Jason Liang,2
Jason Lu,1
Jason Morefield,2
Jason Yeung,3
Jasper Holtel,8
Jasper Rom,1
Javier Antonio Contreras Torres,8
Javier Benitez,6
Javier Buenafé Moya,2
Javier Freile Martin,8
Javier Habans Aguerrea,8
Javier Izuzquiza,8
Javier Marchena,8
Javier Quispe Santacruz,8
Javier Recuero Guerra,8
Javier Ruiz Vazquez,2
Javier Vallejo Diaz,2
Javiera Barrera,3
Javohir Bozorov,2
Javokhir Sindarov,8
Jay Bonin,8
Jay Walker,2
Jean Marco Cruz Mendez,8
Jean Meunier-Pion,2
Jean-Christophe Martine,3
Jeet Jain,6
Jeevan Karamsetty,2
Jeff Quirke,8
Jeffery Xiong,8
Jeffinho023,2
Jemal Ovezdurdiyeva,8
Jemal Ovezdurdyeva,8
Jennifer Perez Rodriguez,3
Jennifer Yu,8
Jenny Astrid Chirivi Castiblanco,6
Jenny Qi,3
Jens Albert Ramsdal,2
Jens E Ingebretsen,2
Jens Hirneise,2
Jens Ove Fries Nielsen,8
Jeppe Hald Falkesgaard,3
Jere Lindholm,8
Jeremy Ellison,2
Jernej Skuhala,2
Jernej Spalir,3
Jeromino Real Pareyra,8
Jeronimo Hernandez Jimenez,8
Jerzy Jesús Perez Leiva,8
Jerzy Slaby,1
Jesper Kjaergaard-Jensen,1
Jesper Lauridsen,2
Jesse February,8
Jesse Kraai,2
Jesse Zafirakos,2
Jessica Hyatt,7
Jesus Alberto Alcazar Jimenez,3
Jesus Alberto Molina Sumoza,8
Jesus Arturo Silva Hernández,8
Jesus Daniel Diaz Guerrero,8
Jesus Marcial Torres Cueto,7
Jesus Maria De La Villa Garcia,8
Jesus Martin Duque,8
Jesús Alberto Coca Cubillos,1
Jesús Manuel Vargas Pereda,8
Jevgenija Leveikina,8
Jhoel Garcia,8
Jhon Juez,2
Jhon Snow,2
Jhustice - Dimonte McDonald,8
Jia Haoxiang,8
Jim Blackwood,3
Jinela de la Caridad Rodríguez Rivero,5
Jiner Zhu,2
Jingyao Tin,8
Jiri Bouska,2
Jiri Stocek,8
Joa Max Bornholdt,2
Joachim Mouhamad,2
Joachim Solberg,3
Joachim100x,2
Joakim Nilsson,2
Joao Avalos,8
Joao Batista Dias,2
Joao Otavio Benevides Demasi,8
Joaquin Castro Castro,8
Joaquin Fiorito,1
Joaquin Ignacio Miranda Camus,2
Joaquin Rodrigo Jimenez,1
Joar Olund,2
Joel Banawa,2
Joel Johnson,1
Joel Paul Ganta,8
Joey Grochal,2
Johan-Sebastian Christiansen,2
Johann Hjartarson,8
Johannes Carow,8
Johannes Lerch,3
Johannes Steindl,2
John Bartholomew,1
John Curtis,2
John Derek Heinichen,2
John Duneas,8
John Funderburg,8
John Heinrich,8
John Merriman,8
John Michael Silvederio,2
John Nemeth,8
John S. White,8
John Stark,8
John Z Abraham,2
Johnathan Bakalchuk,8
Jon Viktor Gunnarsson,8
Jonah Willow,2
Jonas Bjerre,3
Jonas Eilenberg,1
Jonas Gallasch,2
Jonas Hacker,2
Jonas Prado Lobo,2
Jonas Rosner,6
Jonas Wyss,2
Jonathan Ady,8
Jonathan Blackburn,8
Jonathan Bodemar,8
Jonathan Carlstedt,1
Jonathan Cruz,8
Jonathan Dourérassou,2
Jonathan Hrach,8
Jonathan Pein,2
Jonathan Subervi,8
Jonathan Tayar,8
Jonathan Yedidia,2
Jonny Cueto,8
Jorah Soojay,2
Joran Aulin-Jansson,1
Jorden Van Foreest,2
Jorge Bobadilla,8
Jorge Carlos Antonio,7
Jorge Leon Oquendo,2
Jorge Luis Baules Rodriguez,3
Jorge Perez Rojas,8
Jorge Soto Vega,8
Jorge Zamorano,8
Jose A. Hernandez Izquierdo,1
Jose Antonio Garcia de Dios,8
Jose Antonio Garrido Diaz,2
Jose Antonio Herrera Reyes,8
Jose Augusto Correa,8
Jose Avelino Alvarez Calzadilla,2
Jose Camacho Collados,2
Jose Esteban Marin Masis,8
Jose Felix Calvo Gonzalez,8
Jose Fernando Cubas,8
Jose Fernando Cuenca,1
Jose Gabriel Cardoso,2
Jose Gabriel Casares Contreras,8
Jose Garcia Molina,2
Jose Guilherme Barria Santos,8
Jose Javier Gonzalez Castillo,3
Jose Martinez,6
Jose Mendez,3
Jose Mora Moron,8
Jose Rafael Gascon,8
Jose Riverol,8
Josefine Heinemann,2
Josep Lacasa Diaz,8
Josep Ruscalleda,2
Joseph Bellissimo,2
Joseph Girel,2
Joseph Levine,2
Joseph Ryan,6
Joseph Wan,1
Joseph Zeltsan,8
Joshua Adrian Avila Rodriguez,2
Joshua Christie,2
Joshua Colas,2
Joshua Daniel Ruiz Castillo,1
Joshua Grabinsky,2
Joshua Posthuma,2
Joshua Xia,2
Joshuaede Cappelletto,2
Josiah Stearman,8
Josselyne Penafiel Mendoza,8
Josue Araujo Sanchez,7
José Carlos Ibarra Jerez,6
José Francisco Veiga,6
José Martínez,2
José Remolar,8
José Renato Ruiz Maranhão,8
Jovana Srdanovic,8
Joy Romany,7
Joydeep Dutta,2
JozefKneht,8
Juan Alberto Gomez Aguirre,2
Juan Alejandro Gutiérrez Carmona,8
Juan Alejandro Núñez Hirales,8
Juan Andres Guerrero,2
Juan Antonio Urbina Perez,2
Juan Camilo Arango Arenas,8
Juan Carlos Gonzalez Zamora,3
Juan Carlos Mesa Cruz,8
Juan Carlos Obregon Rivero,2
Juan Carlos Ricaurte Lopez,8
Juan Cruz Arias,2
Juan David Becerra Morales,3
Juan David Lopez Perdomo,8
Juan Diego Viasus Cuellar,8
Juan Enrique Koch,3
Juan Fernando Aguilar Novoa,8
Juan Jacobo Bolanos Lopez,8
Juan Luis Pertiñez,2
Juan Manuel Aranda,8
Juan Manuel Garcia Almaguer,1
Juan Manuel Quiroga Garza,3
Juan Pablo Demaría,2
Juan Pablo Gamboa,2
Juan Pablo Hobaica,8
Juan Pablo Lopez,7
Juan Plazuelo Pascual,2
Juan Rottenwohrer Suarez,2
Juan Sebastian,8
Juan Sebastian Herrera Betancourt,1
Juan Sebastian Melian,6
Juan Sena,8
Juan Sánchez Alarcón,8
Judah Nathan Levitan,8
Jude Shearsby,2
Judit Juhasz,1
Jules Moussard,2
Julia Alboredo,5
Julia Antolak,4
Julia Elizabeth Sloan,8
Julia Tsukerman,8
Julian Antonio Rojas Alarcon,2
Julian Colville,2
Julian Estrada,2
Julian Landaw,1
Julian Leitgeb,8
Julian Proleiko,2
Julian Victor,8
Juliana Figueira Theophilo Silva,2
Julien Dubreuil,3
Julien Sohier,3
Julio Alfredo Chiappero,8
Julio Antonio Hernando Rodrigo,6
Julio Benedetti,8
Julio Cesar Diaz Rosas,2
Julius Ohler,8
Jun Hyeok Lee,5
Jun Ying Tan,2
Jun Zhao,8
Jung Min Seo,2
Junior Tay,3
Jura Ochkoos,8
Juraj Druska,1
Jurica Srbis,3
Jurij Khalakhan,8
Justin Blackman,8
Justin Chen,3
Justin Liang,8
Justin Sarkar,8
Justin Storm,8
Justo Reinaldo Chemin,1
Justus Bargsten,8
Jval Saurin Patel,4
Jwalanthi Ram,2
Jyotshnav Talukdar,2
Jyrki Kiltti,1
Jáchym Němec,8
Jéssica Trindade Hubner,8
József Mátyás Herpai,6
K K Dinujaya Kodithuwakku,8
K Priyanka,1
Kaan Kucuksari,2
Kaan Ozcan,2
Kacper Drozdowski,2
Kacper Kacprzak,2
Kacper Karwowski,2
Kacper Klys,2
Kacper Piorun,2
Kacper Polok,1
Kacper Tomaszewski,2
Kacper Ugorek,2
Kadir Soria Delgado,8
Kaer_Morhen,8
Kagan Aydincelebi,8
Kaganskiy Gleb,6
Kaiser Luiz Mafra,8
Kaivalya Sandip Nagare,2
Kaiyu Ning,8
Kalyani Sirin,3
Kamal Aghasiyev,8
Kamaliya Bulatova,8
Kamil Dragun,8
Kamil Dzida,8
Kamil Grycel,8
Kamil Kozioł,1
Kamil Plichta,2
Kamil Szadkowski,8
Kamil Warchoł,3
Kamila Hryshchenko,1
Kanan Garayev,2
Kanan Heydarli,2
Kanishka Bhatia,2
Kanthecarowin,8
Karen Gutierrez,2
Karina Ambartsumova,2
Karina Ivanova,8
Karl Bowden,8
Karl-Emil Elmer Nielsen-Refs,8
Karlen Petrosian,2
Karol Kacprzak,4
Karol Kucza,2
Karsten Hansch,2
Karsten Schuh,8
Karsten Schulz,2
Karsten Schuster,1
Karthik Rajaa,8
Karthik Sai Ch,4
Karthik Venkataraman,8
Karthikeyan Murali,8
Kashish Jain,3
Kaspar Kappeler,8
Kassa Korley,2
Kasun Wimalasuriya,8
Katarina Ostojic,8
Katarzyna Dwilewicz,2
Kate Nikanova,8
Kateryna Lagno,8
Katharina Reinecke,6
Kaua Marques Silva,2
Kaustubh Kodihalli,2
Kavikondala Nagendra Gopal,8
Kavin Venkatesan,7
Kavyev_Ruslan,8
Kayden Troff,2
Kazim Gulamali,8
Kazybek Nogerbek,2
Keaton Kiewra,2
Keith Arkell,2
Keith Jeffrey Khumalo,7
Kelsey Liu,8
Kelvin Sánchez,1
Kemal Bashirov,2
Kemel Antonio Gallo García,6
Ken Arnold,2
Kendrick Zhang,3
Kenneth Alexander Grodotzki,1
Kenneth Hobson,2
Kenneth Solomon,7
Kent Slate,2
Kerem Erten,2
Kerem Tinmaz,6
Kerry Stead,8
Ketevan Arakhamia-Grant,8
Keti Tsatsalashvili,2
Kevin Bordi,1
Kevin Chor,2
Kevin Chung,2
Kevin Cupid,8
Kevin Davidson,8
Kevin George,2
Kevin Haack,2
Kevin Joel Cori Quispe,8
Kevin Noboa Silva,2
Kevin Pan,1
Kevin Paveto,2
Kevin Qin,2
Kevin Ranidu Silva,8
Kevin Willathgamuwa,2
Kevin Yang,2
Kevin Zhong,8
Khadidja Latreche,8
Khagan Ahmad,2
Khalil Mousavi,3
Khamrakulov Djurabek,2
Khandaker Aminul Islam,5
Khanim Ismayilova,8
Khanya Mazibuko,8
Khayala Abdulla,8
Khumoyun Begmuratov,2
Khvicha Supatashvili,8
Kiborg95,1
Kibrom Weldegebriel Beraki,8
Killian Delaney,8
Kim Nygren,8
Kim Sergey,8
Kim Yew Chan,8
KingChess345,8
Kinga Polak,8
Kingsman132,2
KirAk47,8
Kira Izafatava,8
Kiren Vivek Nasta,2
Kirill Alekseenko,2
Kirill Bazyrtsyrenov,3
Kirill Burdalev,8
Kirill Klukin,2
Kirill Kotlyar,8
Kirill Kozionov,2
Kirill Kuderinov,2
Kirill Otdelnov,8
Kirill Shoshin,8
Kirill Stupak,7
Kirk Ghazarian,2
Kjell Petersson,8
Kjetil Lie,8
Klaudia Kulon,2
Klementy Sychev,3
Klendi Zeneli,8
Kler Çaku,2
Kleyton Lima,2
Klára Kovács,8
Koby Kalavannan,2
KobyKalavannan,2
Koen Leenhouts,6
Komal Kishore Pothuri,8
Konstantin Bazarov,2
Konstantin Begunov,7
Konstantin Borsuk,8
Konstantin Egorov,3
Konstantin Garagulya,8
Konstantin Kodinets,1
Konstantin Loy,3
Konstantin Nikologorskiy,2
Konstantin Peyrer,2
Konstantin Popov,2
Konstantin Sek,3
Konstantin Semianiuk,8
Konstantin Vshivkov,8
Konstantinos Markidis,3
Konstantinos Megalios,7
Konstnatin Andreev,8
Koorosh Bahmani,8
Koosha Jaferian,2
Korun Gulamirian,2
Kosma Pacan-Milej,8
Kostya Kavutskiy,2
Krikor Sevag Mekhitarian,2
Krish Bhandari,8
Krishna CRG,8
Krishna Nathan,2
Kriti Patel,2
Krystian Jędryczka,8
Krzysztof Budrewicz,2
Krzysztof Jakubowski,8
Krzysztof Raczek,2
Kseniya Zeliantsova,4
Kshatriya Vekhande,2
Kukushka Poehala,1
Kumaresh A,1
Kunal M,3
Kush Bhagat,8
Kushagra Mohan,3
Kushan Tyagi,7
Kutay Sakmak,2
Kuzmicz Krystian,1
Kyle Lancman,2
Kyle Qiyu Dong,6
Kyle Zhuang,8
Kyron Griffith,2
LAXMAN RAJARAM,3
LUIS MIGUEL FLORESVILLAR,2
LaPorfia,1
Ladislav Havas,1
Ladislav Langner,3
Lagmantr,2
Laith Kasib,8
Lakshmi C,8
Lala Huseynova,2
Lam Binh Nguyen Huynh,8
Lamel Mc Bryde,8
Lamine Brahami,8
Lance Henderson de La Fuente,8
Lancelot von Naso,1
Larisa Kalinina,8
Larissa Y. Ichimura G. Barbosa,8
Lars Andreassen,8
Lars Meyer,8
Lars Stark,6
Laura  Unuk,2
Laura Viñolas,2
Laurent Fressinet,2
Laurenz Borrmann,8
Laurin Jahnz,2
Lav Pajcin,2
Lawrence Trent,2
Lazaro Lorenzo De La Riva,2
Lazaro Pino,8
Le Thao Nguyen Pham,8
Le Vy Tran,8
Leancy Beatriz Fernandez Bustamante,2
Leandro Alvarez,8
Leandro Fabricio Campelo,8
Leandro Formes De Arruda,8
Leandro Jiménez,8
Leandro Krysa,2
Leandro Tobares,8
Learn2Chess,8
Lee Qing Aun,1
Lefong Hua,2
Leinier Dominguez Perez,4
Lejean-Anușca Mădălina-Maria,8
Lela Javakhishvili,7
Lenaerts Lennert,8
Lenin Guerra Tulcan,2
Lenka Ptacnikova,8
Lennis Martinez Ramirez,1
Leo Crevatin,2
Leo Kalina,2
Leo Valle Luis,2
Leon Livaic,2
Leon Luke Mendonca,2
Leon Mazi,8
Leonardo Cahuapaza Tarapaca,7
Leonardo Duarte,8
Leonardo Estevez,8
Leonardo Gadelha Da Paz,8
Leonardo Liu,1
Leonardo Loiacono,2
Leonardo Maglioni,1
Leonardo Tristan,1
Leonardo Valdés,2
Leonardo Vincenti,2
Leonardo de Miranda Rodrigues,1
Leonel Alejandro Amato,5
Leonid Gerzhoy,3
Leonid Gorin,3
Leonid Guerb,8
Leonid Nozdrachev,2
Leonid Sokolin,8
Leonid Starozhilov,2
Leopold Le Ruyet,1
Leslie Carolin Torres Hernandez,8
Lev Shangin,8
Lev Yankelevich,1
Lev Zverev,6
Levan Pantsulaia,8
Levente Miszler,8
Levente Vajda,8
Levon Aronian,8
Levy Rozman,2
Lewis Martin,8
Li Min Peng,3
Liam Baruch,2
Liam Putnam,2
Liam Vrolijk,8
Lianet Diaz Garcia,8
Licael Ticona,2
Lidong Wang,8
Liem Le,8
Lile Koridze,8
Lili Tóth,8
Lilia Fuentes,8
Lilian Schirmbeck,8
Lilit Mkrtchian,8
Lilla Kassay,8
Lily Jeanette Duarte Cramer,2
Lindolfo Luiz Da Silva,8
Linh Dong,3
Linus Olsson,7
Linxi Zhu,2
Lionel Sierra Vallina,2
Lisa Schut,2
Lisa Sickmann,2
Lisandro Fernandez Reyes,2
Liudmyla Ivanytska,2
Liwia Jarocka,2
Liya Kurmangaliyeva,8
Ljubov Nemkova,8
Lloyd Rubio,8
Loay Sameer,2
Logan Clark Shafer,2
Logman Guliev,8
Loic Travadon,6
Looi Xin Hao,8
Lorand Bela Kis,8
Lord Adrian Soderstrom,2
Lorelei Cornelisse,1
Lorena Beatriz Montejo Bello,8
Lorenz Beyer,2
Lorenzo Lodici,1
Lorenzo Perea Fruet,1
Loris Tavernier,2
Lorner Jesus Acosta Villarroel,8
LosXodos,8
Louis Auribault,6
Louis Vallée,2
Lovro Novosel,8
Loïc Dasprés,2
Lubov Markelova,8
Luca Albertini,2
Luca Ballotti,2
Luca Ernst,8
Luca Moroni Jr,2
Luca Silva,1
Luca Suvorov,6
Luca Varriale,2
Lucas Aguiar Cunha,8
Lucas Aparecido Oliveira Dos Santos,8
Lucas Coro,8
Lucas Costamilan Tomiello,6
Lucas Cumpe,2
Lucas DI NICOLANTONIO,8
Lucas Do Valle Cardoso,2
Lucas Foerster-Yialamas,2
Lucas Fonseca Piccoli,8
Lucas Liascovich,2
Lucas Pereira Mendes Da Silva,2
Lucas Ranaldi,2
Lucas van Foreest,1
Luciano Justi Antunes,8
Luciano de Souza Zallio,2
Lucius Melillo,1
Ludvig Carlsson,2
Luis Alvarez,2
Luis Chan,8
Luis David Jimenez Almeida,2
Luis Eduardo Ballester Llagaria,8
Luis Enrique Valle Maytin,3
Luis Esquivel Golcher,8
Luis Eusebio Oro,8
Luis Felipe Furtado Monteiro,8
Luis Fernández Siles,8
Luis Galego,8
Luis German Salazar Farias,8
Luis Guillermo Antúnez Soler,8
Luis Javier Bernal Moro,2
Luis Manuel Esquivias Quintero,8
Luis Manuel Perez Rodriguez,8
Luis Paulo Supi,4
Luis Roque,8
Luis Sanguinetti,8
Luisa Bashylina,2
Luiz Alexandre Gomes,2
Luiz Araujo,8
Luiz Felizola Lima Pontes,3
Luiz Henrique da Silva Bugança,8
Luka Budisavljevic,7
Luka Karlušić,8
Luka Paichadze,8
Lukas Cernousek,8
Lukas Leisch,8
Lukas Meier,2
Lukas Winterberg,7
Lukasz Jarmula,6
Lukasz Swiatlowski,8
Luke (Lut Yin) Lau,8
Luke Calhoun,8
Luke Miller,8
Luuk van Kooten,8
Lázár Mátyássy,2
M. S. Thejkumar,8
MEHDI HASAN PARAG,2
MF Pablo Alexander Ruiz Aguilar,2
MI Marcelo Playa,2
MIJuanReyesRosa,8
MN Vinicius Saito,1
MYMChessAcademy-inactive,2
Ma. Elayza Villa,3
Maahir M Patel,8
Machteld Van Foreest,3
Maciej Czopor,1
Maciej Klekowski,4
Maciej Sroczyński,2
Maciej Świcarz,2
Madara Golsta,8
Madhvendra Pratap Sharma,2
Mads Vestby-Ellingsen,2
Maftuna Bobomurodova,2
Magdalena Łysiak-Półtorak,2
Magnus Carlsen,8
Mahadevan Mrithyunjay,8
Mahalakshmi M,8
Mahammad Muradli,8
Mahdi Gholami Orimi,6
Mahel Boyer,6
Mahitosh Dey,1
Mahmoud Alhadad,2
Mai Narva,3
Maka Purtseladze,2
Make_it_shine060,8
Makhsum Bozorov,2
Maksim Chigaev,8
Maksim Ivannikov,2
Maksim Tsaruk,2
Maksim Volkov,8
Maksim Zhukov,2
Maksims Golubovskis,8
Maksym Dubnevych,2
Maksym Goroshkov,2
Malcolm Pein,8
Malek. Koniahli,5
Malik Curriah,8
Malko Martel Bruniaux,2
Malte Colpe,8
Maly Alexey,2
Malyi Viacheslav,2
Mamedov Edgar,2
Mamikon Gharibyan,8
Manea Alexandru,1
Manfred Brod,8
Manfred Freitag,3
Manh Duc Nguyen,3
Manoj Mishra,1
Manolache Marius,2
Manu David,8
Manuel Asis Campos Rosas,8
Manuel Cristóbal,2
Manuel Enrique Campos Gómez,4
Manuel Petrosyan,2
Manuel Vidal del Río,3
Manush Shah,8
Manvel Arakelyan,2
Manvel Pogosian,8
Marat Denishev,6
Marat Gilfanov,2
Marat Shakirov,8
Marc Balague Camps,2
Marc Kirszenberg,8
Marc LLari,2
Marc Lonoff,8
Marc Morgunov,8
Marc Sanchez Ibern,2
Marc-Andria Maurizzi,8
Marcel Beulen,8
Marcel Petersen,2
Marcel Wildi,8
Marcel Winkels,8
Marcell Szabo,2
Marcelo Jorquera,1
Marcelo Ripari,6
Marcelo Villalba,8
Marcin Krzyżanowski,2
Marcin Molenda,8
Marcin Sieciechowicz,2
Marcius Brandão,8
Marckens Jean Louis,2
Marco Baldauf,8
Marco Cattaneo,1
Marco Cordeiro,2
Marco Corvi,2
Marco Dobrikov,2
Marco Gallana,8
Marco Lantini,2
Marco Materia,2
Marco Riehle,2
Marcos Lianes,2
Marcos Rodriguez Fontecha,8
Marcos Vinicius Torsani,2
Marcus Harvey,2
Marek Karas,2
Marek Madej,2
Marek Miča,2
Marek Pniaczek,2
Marek Zakrzewski,2
Margarita Fakhretdinova,8
Margarita Novikova,1
Margarita Potapova,2
Margarita Zvereva,2
Maria Angelica Carrillo Marval,8
Maria Belen Sarquis,3
Maria Florencia Fernández,2
Maria Fominykh,8
Maria Gevorgyan,8
Maria Komiagina,1
Maria Larina,1
Maria Malicka,8
Maria Teresa Jimenez Salas,2
Maria-Alexandra Ciocan,8
Mariam Janiashvili,8
Mariam Mkrtchyan,2
Mariana Silva,8
Marianna Grineva,2
Mariano Ortega Amarelle,6
Marianta Lampou,2
Marichal Gonzalez,8
Marie Sebag,8
Mariia Berdnyk,8
Mariia Dolinskaya,2
Marija Kuznecova,1
Marina Korneva,8
Marina Niyazgulova,2
Mario Alexis Arias Gaviria,2
Mario Andres Fernández Sánchez,1
Mario Ferro,8
Mario Gavilán Díaz,2
Mario Hofstadler,2
Mario Muskardin,3
Mario Sibilio,8
Mario Yber Lopez,3
Mario Zlico Rivera,8
Marisa Zuriel,3
Marius Deuer,8
Marius Fromm,8
Marius Nicula,8
Mariya Kholyavko,8
Mariya Nosacheva,2
Mariya Yakimova,8
Marjona Malikova,7
Mark Berkovich,8
Mark Biernacki,2
Mark Dejmek,6
Mark Josse,8
Mark Kapitsyn,5
Mark Kotliar,1
Mark L Hebden,2
Mark Liubarov,2
Mark Plotkin,2
Mark Smirnov,2
Mark Timmermans,1
Mark van der Werf,6
Marko Fadi,8
Marko Jelcic,8
Marko Nenezic,8
Marko Perestjuk,3
Marko Sokac,1
Marko Srebrnic,2
Markus Ragger,2
Marlon Javier La Villa Rivas,8
Marlon Jodar,3
Maroun Tomb,1
Marta Bartel,8
Marta Elena Jimenez Carrazoni,2
Martha Mateus,8
Martin Bezuch,2
Martin Bitelmajer,8
Martin Brüdigam,8
Martin Chlpík,8
Martin Fierz,8
Martin Hollan,2
Martin Holten Fiskaaen,2
Martin Horak,6
Martin Horcajuelo Rocamora,8
Martin Istvanovszki,2
Martin Matthiesen,8
Martin Mena,2
Martin Molinaroli,8
Martin Oksendal,2
Martin Petrov,8
Martin Portero Rubio,8
Martin Solcan,6
Martin Yatskar,2
Martin Červený,7
Marton Foldes,2
Marton Mihaly Szabo,8
Martyn Kravtsiv,2
Martyna Starosta,2
Marvin Guevara,2
Mary Kiseljova,2
Marya,8
Maryan Kyrychenko,2
Maryana Huda,8
Maryna Petrenko,8
María Eugenia Ramirez,3
María José Campos,2
Masa Maksimovic,8
Masha Klinova,3
Masoud Mosadeghpour,3
Masruri Rahman,6
Massinas Djabri,8
Master,2
Matan Poleg,8
Matan Prilleltensky,2
Mate Ther,2
Matei Acsinte,8
Matei-Valeriu Mogirzan,2
Matej Sebenik,8
Matensien,2
Mateo Rodriguez Polo,8
Mateu Boci,2
Mateus Costamilan Tomiello,2
Mateus Felizardo Viageiro Alice,8
Mateus Nakajo de Mendonça,8
Mateusz Bartel,2
Mateusz Brozyna,1
Mateusz Paszewski,8
Matfey Rogov,3
Matheus Santos,8
Mathias Casalaspro,2
Mathias Womacka,3
Mathieu Ternault,2
Mathis Sabatier,2
Matias Carcamo,3
Matias Jaque,8
Matias Landivar,8
Matt Herman,8
Matt Pon,2
Matt Zavortink,8
Matthew Bailey,1
Matthew Clarke,8
Matthew Guo Diao,8
Matthew O'Brien,8
Matthew Payne,8
Matthew Wadsworth,2
Matthew Wofford,8
Matthia Bach,8
Matthias Bluebaum,2
Matthias Dann,8
Matthias Mattenberger,8
Matthieu Cornette,3
Matvey Galchenko,1
Matvii Bilochenko,2
Matyas Marek,8
Matyas Palczert,3
Matyáš Zeman,8
Matías Ianovsky,8
Matías Michailov,8
Matías Mingo Fernández,8
Matías Pérez Gormaz,8
Maung Maung Kyaw Zaw Hein,8
Mauri Lehtosaari,1
Maurin Möller,7
Maurizio Brancaleoni,2
Maveric Mayta Aiza,2
Max Arnold,8
Max Chen,2
Max Farberov,8
Max Gedajlovic,4
Max Illingworth,8
Max Mottola,2
Max Warmerdam,8
Max Weidenhoefer,2
Maxi Perez,8
Maxim Gavrilov,8
Maxim Lavrov,2
Maxim Lugovskoy,2
Maxim Matlakov,2
Maxim Novik,6
Maxim Omariev,2
Maxim Rodshtein,8
Maxim Vavulin,8
Maxim Ventura,2
Maxime Lagarde,2
Maxime Vachier-Lagrave,8
Maximilian Mostbauer,2
Maximiliano Donoso Aguirre,2
Maximiliano Rossi,2
Maxx Coleman,8
Maya Porozhnyak,2
Mayank Chakraborty,2
Maziar Bagheri,5
Maïli-Jade Ouellet,8
Md Bashiq Imrose,2
Md Imran,8
Md Jamal Uddin,8
Md Omar Ak Hafizon Pg,8
Medet Dzhaparov,2
Medina Paz Miguel 1968,2
Mees van Osch,2
Megan Althea Paragua,2
Mehran Azamikia,2
Mehrdad Sedaghati,2
Meilis Annaberdiev,8
Melih Kaan Can,2
Melih YURTSEVEN,2
Melika Mohammadi,8
Menandro Redor,8
Mergen Kakabayev,1
Meri Arabidze,2
Meri Grigoryan,8
Mersad Khodashenas,3
Mert Acikel,8
Mert Erdoğdu,4
Meruert Kamalidenova,4
MestreSoares,2
Metehan Ozen,8
Michael Aigner,1
Michael Buscar,8
Michael Concio Jr.,2
Michael Fernandez,2
Michael Kleinman,8
Michael Klenburg,2
Michael Kopylov,8
Michael Kotyk,2
Michael Lei Wang,2
Michael Ocido,8
Michael Romero,8
Michael Schulz,1
Michael Song,2
Michael Willim,8
Michal Bodicky,8
Michal Fiedorek,8
Michal Fudalej,8
Michal Koziorowicz,2
Michal Lahav,5
Michal Mazurkiewicz,2
Michal Paterek,8
Michal Provaznik,8
Michal Redzisz,8
Michal Tworuszka,8
Michal Verbovský,1
Michalina Rudzińska,2
Michał Bartel,1
Michał Kopczyński,1
Michał Walentukiewicz,8
Michel Alejandro Diaz Perez,2
Michel Bifulco,1
Michel Coto,2
Michel Liah Ferraz,2
Michel Samuel Lopez Abreu,8
Michel Saucey,8
"Michelle Catherina, P",8
Mieszko Mis,8
Miguel Angel Cruz Gómez,8
Miguel Angel Marino,8
Miguel Angel Mateos Rozas,8
Miguel Angel Montes Orozco,8
Miguel Bestard Borras,2
Miguel Herrera,8
Miguel Lázaro Azcutia,4
Miguel Munoz,2
Miguel Santos Ruiz,1
Mihael Ankerst,2
Mihai Ionescu,2
Mihai-Lucian Grunberg,2
Mihail Rodin,2
Mihailo Djokic,2
Mihailo Vujic,3
Mihnea Costachi,2
Mika Karttunen,1
Mikael Helin,1
Mikayel Manvelyan,2
Mikayel Mkrtchyan,2
Mikayel Rostomyan,8
Mike Hehir,7
Mike Ivanov,6
Mike Sailer,1
Mike Zaloznyy,2
Mikelis Vingris,2
Mikhael Garakov,8
Mikhail Antipov,3
Mikhail Bilous,7
Mikhail Bryakin,2
Mikhail Chernov,8
Mikhail Demidov,2
Mikhail Golubev,8
Mikhail Gusev,2
Mikhail Kazakov,2
Mikhail Kobalia,8
Mikhail Korovin,3
Mikhail Lifanov,8
Mikhail Markov,8
Mikhail Mozharov,8
Mikhail Panarin,3
Mikhail Panin,2
Mikhail Pesotskiy,6
Mikhail Popov,2
Mikhail Spizharny,2
Mikhail V. Kuznetsov,2
Mikhail Yashmetov,6
Mikheil Mchedlishvili,1
Mikkel Jacobsen,8
Mikkel Loftgaard,2
Miklós Galyas,8
Mikołaj Gbiorczyk,8
Mikołaj Nowak,1
Mikołaj Tomczak,2
Milad Khodabandeh,3
Milagros Brizzi,8
Milan Dobrijevic,2
Milan Jocev,1
Milan Mostertman,8
Milena Kawka,2
Milena Vujcic,8
Milind Maiti,8
Miller Domínguez Rincón,8
MillyNeuf,2
Miloje Ratkovic,2
Milos Krstic,8
Milos Milosevic,3
Milos Perunovic,8
Milos Stankovic,2
Milosz Rudnicki,7
Milton Pantzar,2
Mina Wael Sabry,2
Mindhunter08,3
Minh Hoang Pham,2
Minh Tran Tuan,8
Minh Tu Le,8
Mirac Melih Topuz,1
Miragha Aghayev,2
Miran Oganian,2
Miras Assylov,6
Miraziz Matyakubov,2
Mircea-Emilian Parligras,2
Mire Deniz Doğan,2
Mirko Sajin,1
Miroslav Baturin-Vinogradov,2
Miroslav Gruca,8
Miroslav Miljkovic,8
Miroslav Savic,8
Miroslav Simonovic,2
Miroslav Vlasenko,1
Miroslav Žufić,8
Mirosław Lewicki,8
Mitch Fishbein,2
Mitra Hejazipour,2
Mitrabha Guha,1
Miłosz Szpar,3
Mladen Gajic,3
Mobina Alinasab,2
Mohamed Anees M,8
Mohamed Ezat,8
Mohamed Haddouche,8
Mohamed Nouali,3
Mohamed Salem Yahi,1
Mohamed Tissir,8
Mohammad Fahad Rahman,2
Mohammad Mahdi Alizadeh,2
Mohammad Mehdi Abbasi Abeluie,2
Mohammad Mohammadian,2
Mohammad Nubairshah Shaikh,8
Mohammadamin Molaei,8
Mohammadhossein Shamsi,8
Mohammed Seder,2
Mohsen Gabr,1
Moiphatlakanyi,2
Moisés Antonio Castro Silva,2
Moksh Amit Doshi,8
Momchil Petkov,2
Momin Fayzan,5
Monika Marcińczyk,8
Monika Rozman,2
Monserrat Morales F.,2
Moritz Gressmann,2
Moritz Weishäutel,3
Mostafa Sakhaei,8
Moulaye Brahim Hemam,2
Mounika Akshaya Bommini,8
Mouse-Sleep,2
Mr. Sai Han Thiha,2
Mrudul Dehankar,8
Mubassar Uddin,8
Muhammad Kamalsyah,8
Muhammad Khusenkhojaev,8
Muhammad Shahzeb,8
Muhammed Shuaau,2
Muhittin Büker,8
Mukhammadali Abdurakhmonov,2
Mukhammadzokhid Suyarov,1
Mukhiddin Madaminov,2
Mukund Hemant Agarwal,8
Mummana Venkata Ruthvik,2
Mumtozbegim Mansurova,2
Munkhgal Gombosuren,1
Munkhzul Turmunkh,2
Murad İbrahimli,8
Musa Zakirov,1
Mushini Ajay,8
Mustafa Berkay Özdöver,8
Mustafa Yilmaz,8
Myhajlo Pliukha,2
Myhaylo Zhukovskyi,2
Mykhailo Dorokhin,1
Mykhailo Shinkarev,2
Mykhaylo Kepeshchuk,8
Mykhaylo Oleksiyenko,2
Mykola Bortnyk,2
Mykola Korchynskyi,2
Myroslava Hrabinska,8
Máté Gyenes,2
NIKOLAOS AGGELIS,2
Nabí Isaías Pérez Torres,8
Nad Titus Petre,1
Nadezhda Antonova,8
Nadezhda Kostina,8
Nadya Toncheva,2
Nafisa Muminova,1
Nahun Gavarrete,2
Nail Bashirli,3
Nameer Issani,3
Namitbir Singh Walia,3
Nan Hlyan,8
Nana Dzagnidze,8
Nancy Flores Mirabal,2
Nandhidhaa PV,2
Nanditha V,2
Narayan Venkatesh,2
Narek Ghimoyan,2
Narmin Khalafova,1
Nasir Akylbekov,5
Nasrin Babayeva,8
Nasyrova Ekaterina,2
Natacha Benmesbah,8
Natalia Zhukova,8
Natalie Wisniowski,2
Nataliya Buksa,2
Nate Solon,8
Nathan Felipe Filgueiras,2
Nathaniel Graham,8
Nathaniel Mathurin,8
Nathaniel Mullodzhanov,2
Natácio Gonçalves Bezerra,8
Natã Gonçalves,3
Naveen Jain,8
Nayaka Budhidharma,8
Nayem haque,2
Nazar Firman,2
Nazar Sokhor,2
Nderim Saraci,2
Nebojsa Djordjevic,2
Nebojsa Misailovic,7
Nebojsa Ristic,1
Necmettin KORKMAZ,3
Neelash Saha,1
Neelotpal Das,8
Neeraj Harish,8
Nehir Tokat,2
Neil Bhavikatti,2
Neil Doknjas,8
Neil Moses,2
Nelli Aleksanyan Cadir,8
Nellija Maklakova,8
Nelson Carlos Munoz Misselis,8
Nelson III Mariano,8
"Nelson M, Ii Lopez",2
Nemanja Zivkovic,8
Nemo Zhou,8
Nery Junior José Antônio,8
Nesa Modric,8
Neuris Delgado Ramirez,8
Neven Hercegovac,2
Newansa M Esandi,8
Nguyen Ngoc Truong Son,1
Nguyen Quang Anh,2
Nguyen Thi Mai Hung,8
Nhat Minh To,8
Nhung Hong Nguyen,2
Niccolò Casadio,2
Nicholas Figorito,2
Nicholas Ilic,2
Nicholas Ladan,2
Nicholas Paltrinieri,8
Nick F Panico,1
Nick Maatman,8
Nick Matta,8
Nick Raptis,1
Niclas Huschenbeth,8
Nico Georgiadis,1
Nico Stelmaszyk,2
Nico Zwirs,2
Nicodim-Cosmin Stepanencu,8
Nicodim_Cosmin Stepanencu,8
Nicola Altini,2
Nicolai Ianocichin,8
Nicolai Maxime Østensen,2
Nicolas Brunner,2
Nicolas Checa,8
Nicolas Cogan,8
Nicolas De La Colina,2
Nicolas Kulik,2
Nicolas Perossa,2
Nicolás Abarca,3
Nicolás Arturo Batista Rosas,7
Nicolò Napoli,2
Nihal Sarin,6
Niilo Man Nissinen,8
Nijat Abasov,3
Nika Venskaya,8
Nika Volkov,8
Nikash Vemparala,8
Nikhil Dixit,2
Nikhil M,8
Nikita Afanasiev,1
Nikita An. Kalinin,8
Nikita Fedotov,8
Nikita Filindash,8
Nikita Khoroshev,2
Nikita Klepikov,8
Nikita Kraiouchkine,2
Nikita Kuznecovs,8
Nikita Matinian,2
Nikita Meshkovs,2
Nikita Shandrygin,2
Nikita Vitiugov,8
Nikithebest,2
Niklas Schmider,8
Niklesha Tharushi,2
Nikola Djukic,2
Nikola Nestorovic,8
Nikolai Aliavdin,4
Nikolai Grebennikov,8
Nikolai Kabanov,3
Nikolai Kushch,8
Nikolai Vlassov,2
Nikolajs Katišonoks,8
Nikolaos Poupalos,2
Nikolaos Skiadopoulos,8
Nikolaos Spyropoulos,8
Nikolas Koutlas,8
Nikolas Theodorou,8
Nikolas Wachinger,8
Nikolay Kleimenov,1
Nikolay Maevskiy,2
Nikolay Milchev,2
Nikolay Pavlov,2
Nikolay Plamenov Yordanov,2
Nikoloz Kumsiashvili,8
Nikoloz Petriashvili,2
Nikolozi Kacharava,2
Nils Grandelius,8
Nils Richter,2
Nilson Cardenas,8
Nima Hosseinzadeh,3
Nimay Agrawal,2
Nimmy A. George,8
Nimrod Veinberg,8
Nino Batsiashvili,8
Niranjan Navalgund,2
Nisha Mohota,2
Nisim Iliaguev,2
Nita Lucian,2
Nitai Leve,3
Nitin Senthilvel,8
Nitish Belurkar,2
Nitish Nathan,2
Nitzan Steinberg,8
Noah Fecker,8
Noah Kim,1
Noah Thomforde-Toates,2
Noam Vitenberg,2
Nodar Lortkipanidze,2
Nodirbek Abdusattorov,6
Nodirbek Yakubboev,2
Nomin Radnaev,8
Norman Weinstein,2
Novak Čabarkapa,1
Novendra Priasmoro,8
Noël Studer,8
Nurai Sovetbekova,8
Nurali Bolashakov,6
Nurgazy Zheenbekov,8
Nurgyul Salimova,6
Nuriddin Iunusov,3
Nusrat Jahan Alo,8
Néstor Cofré Archibold,2
Obolenskikh Dmitry,2
Ochirbat Lkhagvajamts,2
Octavio Aaron Bazan Romero,2
Oda Kofoed Skramstad,2
Odin Blikra Vea,2
Ognean Mihnea,2
Ognjen Matko,8
Ojasva Singh,2
Okan Bulgurlu,2
Oladapo Adu,2
Olaf Michalski,8
Oleg Artemenko,2
Oleg Badmatsyrenov,2
Oleg Bykovskiy,8
Oleg Gamayev,2
Oleg Ivanov,2
Oleg Karpeshov,8
Oleg Kozlov,8
Oleg Papayan,2
Oleg Rychkov,1
Oleg Terletsky,8
Oleg Vastrukhin,8
Oleg Yaksin,7
OlegKrivonosov,2
Oleiny Linares Napoles,8
Oleksandr Bortnyk,2
Oleksandr Dovgaliuk,8
Oleksandr Kuzhilniy,2
Oleksandr Matlak,8
Oleksandr Prokhorov,8
Oleksandr Shymanskyi,2
Oleksandr Vasynda,2
Oleksandr Yevchenko,2
Oleksandr Yurovskykh,2
Oleksandr Zhukovskyi,8
Oleksii Karvatskyi,8
Oleksii Molchanov,2
Oleksii Nakonechnyi,3
Oleksiy Solovchuk,8
Olexandr Shevchuk,7
Olexiy Bilych,2
Olga Artemyeva,3
Olga Babiy,8
Olga Badelka,8
Olga Belka,5
Olga Girya,8
Olga Iljushina,7
Olga Karavaeva,8
Olga Kuznetsova,7
Olga Matveeva,8
Olga Petrukhina,8
Olga Prudnykova,2
Olga Sikorova,8
Olga Yushko,8
Olga Zhuravleva,2
Oliver Dimakiling,8
Oliver Stork,8
Oliver Wartiovaara,3
Olivier Kenta,2
Oliwia Kiolbasa,3
Olzhas Khamzin,5
Om Kadam,6
Omar Garcia Blanco,2
Omar Molina Mendoza,8
Omer Akkara,2
Omer Reshef,3
Omid Noroozi,2
Omran Alhosani,2
Omya Vidyarthi,2
Ondrej Toman,2
Onegust,4
Onno Elgersma,2
Or Bronstein,1
Orest Vovk,2
Ori Kobo,8
Ori Taichman,2
Ori Yaniv,8
Oriana Isabel Aponte,8
Oriol Serra Canals,1
Oriyat Obidjonov,2
Orkhan Eminov,3
Ortik Nigmatov,8
Os Misael King,8
Oscar Ardila,2
Oscar Gerardo Sanchez Enriquez,3
Oscar yosimar Acosta cruz,8
Osiel Alberto Alonso Orta,8
Oskar Ogłaza,8
Oskar Wieczorek,2
Otto Dmitry Garkauskas,7
Owen McCoy,1
PAULO CÉSAR COSTA,8
PKBQK666,1
Pablo Albores,2
Pablo Barrionuevo,8
Pablo Cruz Lledo,2
Pablo Diaz Mino,2
Pablo Garcia Cardenas,7
Pablo Glavina,8
Pablo Ismael Acosta,1
Pablo Lalanne,3
Pablo Ollier,8
Pablo Pena,2
Pablo Salinas Herrera,6
Pablo Zarnicki,6
Paco Rubio Tent,6
Padmini Rout,8
Panagiotis Hristodoulou,8
Pankaj Joshi,5
Pantata007,8
Panterov,1
Paolo Ciuffoletti,8
Papp Levente,1
Papp Petra,2
Pappu Murthy,8
Parham Maghsoodloo,8
Paris Prestia,2
Pariston Hill,2
Parva Behzad Nazif,8
Patrascu Catalin,8
Patricia de Leon,8
Patrick Aizpurúa,7
Patrick Gelbenegger,2
Patrick Gong,8
Patrick Lacey,8
Patrick Lamotte,8
Patrick Perry,2
Patrick Zelbel,8
Patrik Aalto,2
Patrik Stevik,2
Patryk Brozynski,2
Patryk Chylewski,3
Patryk Cieslak,2
Patryk Mrozowski,7
Patryk Stanisz,2
Patty Castillo,8
Pau Marin Ferragut,2
Paul Burke,8
Paul Cristian Rusan,1
Paul G M Lam,8
Paul Makarov,8
Paul Powell,8
Paul Richter,8
Paul Rohwer,2
Paul Zwahr,2
Paulina Cagara,1
Paulius Juknis,2
Paulius Meskenas,2
Paulius Pultinevicius,8
Paulius Pultinevičius,4
Paulo Bersamina,2
Paulo Dias,2
Paulo Fanha,2
Paulo Jodorcovsky Werjivker,2
Pavel Anisimov,2
Pavel Chernomordik,1
Pavel Eljanov,2
Pavel Kiselev,8
Pavel Martynov,3
Pavel Miroshnichenko,2
Pavel Plotnikov,2
Pavel Politov,8
Pavel Ponkratov,1
Pavel Salman,2
Pavel Skatchkov,8
Pavel Smirnov,8
Pavel Tregubov,3
Pavel-Alexandru Nastore,6
PavelShkapenko,2
Pawel Flis,2
Pawel‚ Dudzinski,2
Paweł Kowalczyk,2
Paweł Kukuła,1
Paweł Sowiński,2
Pedro Espinosa,2
Pedro Filipe Rego,2
Pedro Gil Ferreira Da Silva,8
Pedro Gines,8
Pedro Henrique Alves do Nascimento,8
Pedro Martinez,2
Pedro Seixas,8
Pere Garriga Cazorla,7
Petar Benkovic,8
Petar Bošnjak,1
Peter Carroll,8
Peter D Suich,8
Peter Jackson,8
Peter Keller,3
Peter Large,8
Peter Lizak,2
Peter Prohaszka,2
Peter Roberson,2
Peter Sadilek,8
Peter Svidler,8
Peter Williams,2
Petr Hollan,2
Petr Kostenko,8
Petr Matyukov,8
Petr Mikhalchenko,1
Petr Palachev,2
Petr Sprenar,8
Petra Kejzar,8
Petro Golubka,1
Petros Trimitzios,2
Pham Tran Gia Phuc,1
Phenix2k,2
Phileas Mathieu,8
Philip J Crocker,3
Philipp Sonnenschein,3
Phriex,2
Phuong Hanh Luong,8
Pia Cramling,8
Pier Luigi Basso,2
Piero Mazzilli,6
Pierre Barbot,8
Pierre Laurent-Paoli,8
Pierre Villegas,8
Pikachess999,8
Piotr Brodowski,1
Piotr Brzezina,2
Piotr Dobrowolski,3
Piotr Dudzinski,3
Piotr Kejna,2
Piotr Lopusiewicz,8
Piotr Piesik,8
Piotr Sabuk,2
Piotr Sygulski,8
Piotrek Mickiewicz,6
Plamen Stefanov,2
Platon Galperin,2
Polina A Smirnova,2
Polina Gutkovich,8
Polina Shuvalova,2
Polivanov Anatoliy,8
Poobesh Anand,8
Poompong Wiwatanadate,8
Pouria Darini,2
Pournami S,8
Pouya Idani,8
Prachiti Chandratreya,2
Praggnanandhaa Rameshbabu,8
Pragnya H G,1
Prakhar Bajaj,8
Pranav Anand,2
Pranav Prem,8
Pranav Sairam,8
Pranav Sathish,8
Pranav Senthilkumar,2
Pranav Swaminathan,8
Pranav V,4
Pranesh M,2
Praveen Balakrishnan,2
Praveen Thipsay,3
Premnath Ramanathan,2
PrinceMurad09,2
Prithu Gupta,6
Priyansh Garg,2
Prraneeth Vuppala,2
Przemyslaw Koc,1
Przemyslaw Liwak,2
Przemyslaw Skalik,8
Punin Andrii,2
Purusottam Chaulagain,8
Péter Bálint,1
Qi Pang,2
Qi b Chen,8
Qianyun Gong,4
Qilin Bao,8
Qingyu Yuan,2
Quang Long Le,8
Quentin Fontaine,8
Quiet_Desperation,8
Quoc Hy Nguyen,8
RICHARD POLACZEK,8
RU_B9,8
Raahul V S,8
Rachid Schrik,8
Radisa D Nikolic,2
Radislav Atanassov,8
Radmila Kovacevic,2
Radomir Garic,8
Radoslaw Szczepanek,8
Radoslaw Wojtaszek,8
Radosław Barski,8
Radosław Dzierżak,2
Raehanna Brown,8
Rafael Escalante Ramirez,8
Rafael Ienasoaie,8
Rafael Leitao,2
Rafael Merino García,8
Rafael Miranda,8
Rafael Muniz,8
Rafael Teixeira,2
Rafael Vahanyan,8
Rafael Ventura dos Santos,2
Rafail Antoniou,2
Rafal Buraczewski,8
Rafal Szyszylo,1
Rafal Zgadzaj,1
Rafał Lewandowski,8
Rafał Tymrakiewicz,1
Rahul Mynala,2
Rainbow2014,8
Raja Harshit,3
Raja Rithvik R,8
Rajat Makkar,8
Rakesh Kulkarni,8
Rakshitta Ravi,2
Ralph Federick Tan,2
Ramil Faizrakhmanov,3
Ramiro Corona Monraz,8
Ramiro Domínguez Gonzalez,3
Ramon Jr. Manon-og,8
Ramu Kandi,8
Ramyres Santana Coelho,2
Ramón Alberto Hernández Fernández,8
Randal Ferguson,8
Randheer Thogata,8
Randi-Ioan Gales,2
Ranesh Ratnesan,8
Ranindu Dilshan Liyanage,8
Raphael Alonso,2
Raphael Felix,2
Raphael Kracht,2
Raphael Lagunow,4
Raphael Mayaud,6
Ras Malaku Lorne,2
Raset Ziatdinov,8
Rashad Zeynalli,2
Rasmus Skytte,2
Rasmus Svane,2
Rastko Svicevic,8
Rathanvel VS,8
Rathnakaran Kantholi,1
Ratko Bulajic,1
Ratko Novak,8
Rauf Mamedov,8
Raul Adrian Habiaga,5
Raunak Sadhwani,8
Ravan Aliyev,8
Raven Sturt,1
Ray Robson,8
Raymond Gao,2
Raymond Kaufman,8
Razvan Preotu,3
Read Samadov,8
Rebeca Garcia Hernandez,8
Rebeca Jiménez Fernández,8
Rebecca Selkirk,8
Reefat Bin Sattar,8
Reegan Palmer,8
Reem Sherman,2
Regita Desyari Putri,3
Reinaldo Vera,8
Reinis Paikens,8
Remy Rushbrooke,2
Renato Andrade Santos,8
Renato Quintiliano,8
Renato Terry,6
Rene Claure,2
Rene Humberto Perera Alfonso,8
Rene' Phillips,8
Renzo Jhonathan Rengifo Blancas,3
Revnov,8
Reyaansh Chakrabarty,8
Reza Mahdavi,4
Rhys Arnold,2
Rian Kapriaga,8
Ribeiro Domingues Ribeiro,2
Ricando Smith,8
Ricardo Bedin Franca,2
Ricardo D Darruda,3
Ricardo Kropff,8
Ricardo Maruchi Desideri,6
Richard Alejandro Rueda Rojas,8
Richard Bethke,1
Richard Bitoon,8
Richard Leyva Proenza,3
Richard Mladek,2
Richard Persson,1
Richard Pert,2
Richard Shtivelband,8
Richard Stalmach,2
Richard Tuhrim,2
Richard Vedder,8
Richard Yi,8
Richard Zienert,2
Rick Frischmann,3
Rick GC,1
Rick Sun,2
Rijad Burovic,1
Rinat Jumabayev,8
Rinoa Mariel Sadey,8
Rishabh Chandrashekhar Gokhale,2
Rishi Sardana,8
Rishi Vijayakumar,3
Rithwik Mathur,8
Ritvars Reimanis,2
Ritvik Krishnan,8
Riza Bregu,2
Rob Schoorl,2
Robby Kevlishvili,2
Robert Akopian,2
Robert Aloma,8
Robert Baskin,3
Robert Díaz Villagrán,1
Robert Eames,8
Robert Ernst,8
Robert Gabriel,6
Robert Guevara,2
Robert Hovhannisyan,2
Robert Hungaski,1
Robert Krzesaj,8
Robert Kula,2
Robert L. Hess,1
Robert Mcligeyo,8
Robert Piliposyan,3
Robert Rabiega,8
Robert Ramirez,1
Robert Rieger,8
Robert Safin,7
Robert Sava,2
Robert Tustanowski,5
Robert-Ionut Creanga,2
Roberto Al Avila Bautista,8
Roberto Alfaya Marcelo,2
Roberto Carlos Gomez Ledo,8
Roberto De Abreu,8
Roberto Fabregas,8
Roberto Florin Neagu,2
Roberto Garcia Pantoja,4
Roberto Gimeno,2
Roberto Ignacio Alarcon Bahamondez,8
Roberto James,2
Roberto Junio Brito Molina,2
Roberto Martin del Campo,8
Roberto Mogranzini,8
Roberto Oscar Villabrille,8
Robinson Perez,8
Roc Boix Redorta,2
Rochelle Wu,8
Rodion Radzhabov,3
Rodolfos Stamatiou,3
Rodrigo Akira Terao,8
Rodrigo Cesar Cagliumi,8
Rodrigo Disconzi,8
Rodrigo Espinoza Villanueva,1
Rodrigo Mendoza Acuna,8
Rodrigo Román,2
Rodrigo Vasquez,2
Rodrigo da Silva Borges,8
Roee Aroesti,8
Roee Zemach,2
Roel Hamblok,3
Roeland Pruijssers,3
Rogelio Jr Antonio,8
Roger Bernadó Lopez,3
Roger Derichs,7
Rogerio Paulo Muller Fernandes,8
Rohan Ahuja,2
Rohan Rajaram,2
Rohit S,2
Rohith Krishna,2
Rohun Trakru,1
Rokas Klabis,3
Roland Margl,3
Roman Bashilin,8
Roman Dehtiarov,2
Roman Ganzhurov,2
Roman Gavrilin,4
Roman Goldin,8
Roman Jiganchine,2
Roman Kezin,8
Roman Komov,3
Roman Kowalysko,2
Roman Kozelov,3
Roman Kuzmin,8
Roman Leinov,2
Roman Lovkov,8
Roman Mitra,8
Roman Novoselov,8
Roman Oganisian,8
Roman Ovetchkin,8
Roman Pyrih,2
Roman Ryabukhin,2
Roman Rychkov,2
Roman Shogdzhiev,2
Roman Shton,2
Roman Tomaszewski,8
Roman Yanchenko,2
Ronak Hiwale,2
Ronaldo Alonso Moreira,8
Ronan Cunha Freitas,8
Ronan Le Goff,2
Ronen Har-Zvi,8
Rose Atwell,2
Rosh Jain,2
Roshan Idnani,3
Roshan Sethuraman,4
Rostyslav Malynovskyi,2
Roth Müller,2
Roven Vogel,8
Roxangel Obregón,8
Roxanny Matute,8
Roy Vagman,2
Roza Idrisova,2
Ruben Akhayan,2
Ruben Fernandez Lopez,2
Ruben Gideon Köllner,2
Rubens Cezila,8
Rubens Gazineu,8
Ruby Tamono,8
Rubén Domingo Núñez,8
Rucha Pujari,5
Rudi Olenik Campa,2
Rudik Makarian,2
Rudolf Jun,3
Ruifeng Li,2
Rumen Tashkov,8
Rupesh Jaiswal,8
RupeshReddyY,8
Rushan Bogaudinov,2
Ruslan Gadzhiev,2
Ruslan Gnechko,8
Ruslan Kashtanov,6
Ruslan Kavyev,2
Ruslan Momunaliev,1
Ruslan Murtazin,2
Ruslan Musalov,2
Ruslan Nezamyatin,8
Ruslan Soltanici,8
Rustam Khusnutdinov,6
Rustam Rustamov,2
Rustem Gorbenko,2
Ruther Barredo,8
Ruzgar Odabasi,2
Ryan Amburgy,2
Ryan Hamley,8
Ryan Harper,2
Ryan Lane,2
Ryan Porter,6
Ryan Young,2
Ryo Chen,2
Ryszard Eggink,2
Ryukchess81,8
Rômulo Cardoso,8
S Dharia Parnali,8
S R,8
S.L. Narayanan,2
SALVA-DALI,2
SHAPIRO VIKTOR,8
SHARAN RAO,4
SIOJ,8
SKLGgonkom,7
Saadat Bashirli,2
Sabina Foisor,2
Sabir Umarov,8
Sabreen Oraby,8
Sabrina Vega,8
Sachi Jain,8
Saeed Laily Mohamed,8
Safin Benyahia,8
Safin Safarullakhan,4
Safiye Oyku Ince,8
Sahaj Grover,3
Sahana Aravindakshan,1
Saharsh Santosh,8
Sahebali Atanejhad,8
Sahib Singh,2
Sahil Tickoo,2
Sai Agni Jeevitesh J,2
Sai Krishna G V,2
Sai Nirupama Kotepalli,8
Saidakbar Saydaliev,8
Sakshi Chitlange,8
Salem AR Saleh,8
Salih Eke,2
Salih Zeydan,8
Salomeja Zaksaite,8
Saloni Sapale,8
Sam B Martin,8
Sam Copeland,8
Sam Schmakel,8
Sam Sevian,1
Sam Shankland,8
Sambit Panda,8
Samdan Samdanov,7
Sameer Mujumdar,8
Samid Eduardo Escalona Landi,8
Samiha Sharmin Shimmi,8
Sammed Shete,8
Samson Benen,8
Samuel Fieberg,2
Samuel Heymann,8
Samuel Jesus P Goncalves,2
Samuel Malka,7
Samuel Weber,2
Samuel Zenelaj,2
SamuelGhimpu2003,8
Samvel Ter-Sahakyan,8
Samy Shoker,8
San Thit Lwin,2
Sanan Sjugirov,8
Sandeep Sethuraman,2
Sandi Stojanovski,2
Sanjana Vittal,2
Sankalan Shah,8
Sankalp Gupta,2
Sankalp Kukreja,8
Santiago  Rodriguez,8
Santiago Avila Pavas,8
Santiago Guevara,2
Santiago Lopez Rayo,1
Santiago Ospina Castro,3
Santiago Quiñones García,8
Santiago de Jesus Casares Ugueto,8
Saparmyrat Atabayev,3
Sara Adel,8
Sara Moncada Correa,2
Sarah Sima Derlich,8
Sarasadat Khademalsharieh,8
Saravana Krishnan P,8
Sargis Manukyan,2
Sargis Sargissyan,3
Sarocha Chuemsakul,7
Sarp Sahin,2
Sarthak Gattani,2
Sarveshwaran V,2
Sasa Pantelic,8
Sascha Wiegmann,2
Sasha-Matei Craciun,2
Sasikiran Krishnan,8
Sasvatha A,1
Satbek Akhmedinov,2
Sathvik Adiga,2
Satria Duta Cahaya,2
Sauat Nurgaliyev,2
Sauli Titta,1
Savio Joseph Benher,2
Savitha Shri B,2
Savva Vetokhin,2
Sayed Javad Alavi,6
Saša Vidović,8
Sean Senft,7
Sebasti&aacute;n Mar&iacute;n,8
Sebastian  Zsombor Peczely,2
Sebastian Almagro Mazariegos,8
Sebastian Angulo Perez,2
Sebastian Bazzano,8
Sebastian Bogner,4
Sebastian Granara Barreto,8
Sebastian Mihajlov,8
Sebastian Półtorak,2
Sebastian Schnell,2
Sebastian Suarez,2
Sebastien Azar,2
Sebastien Joie,8
Sebastien Maze,2
Sediney Mari da Silva junior,3
Sehyun Kwon,8
Seit-Amet Karaev,1
Sekk,8
Semen Grebeniuk,2
Semen Kazmin,1
Semen Khanin,2
Semen Mitusov,3
Semen Novozhilov,2
Semetey Tologontegin,2
Semion Sapocinic,2
Semyon Puzyrevsky,2
Senthil Maran,2
Seo Jungmin,2
Sepehr Golsefidy,2
Serafin Moral Garcia,8
Serafym Oliinyk,7
Serban Cristian,8
Serdar Murat Yildiz,2
Sergei Azarov,3
Sergei Iskusnyh,8
Sergei Ljukin,8
Sergei Lobanov,4
Sergei Mihajlovskij,8
Sergei Zhigalko,8
Sergey And. Korshunov,2
Sergey Dmitriev,1
Sergey Drygalov,8
Sergey Eliseev,3
Sergey Fazulyanov,8
Sergey Grigoriants,8
Sergey Karjakin,3
Sergey Kharitonov,8
Sergey Nefedov,1
Sergey Pavlov,8
Sergey Rodchenkov,8
Sergey Sergienko,8
Sergey Shipov,7
Sergey Shtyka,2
Sergey Sklokin,2
Sergey Slugin,8
Sergey Vasenev,3
Sergey Vokarev,2
Sergey Volkov,8
Sergeyev Alexander,8
Serghei Gostev,8
Sergi Mingarro Carceller,8
Sergi Obon Temprano,2
Sergio Adan Bermudez,1
Sergio Barrientos Chavarria,4
Sergio Cáceres,8
Sergio Garcia Fuentes,8
Sergio German,2
Sergio Guerrero Olmos,8
Sergio Hernández Leon,8
Sergio Joshafatt Morales Garcia,8
Sergiy Zavgorodniy,4
Serhan Berat Özdemir,3
Sethuraman S.P,8
Setu Madhav Yellumahanthi,3
Seyed Abolfazl Moosavifar,2
Seyed Kian Ghoreishi Amiri,2
Seyed Poormosavi,2
Shaaketh Sivakumar,2
Shaashwath Sivakumar,8
Shahdad Teimouri Yadkuri,2
Shahin Lorparizangeneh,3
Shahruh Turayev,2
Shailesh Dravid,8
Shakhriyar Mamedyarov,8
Shakhzod Vokhidov,8
Shambavi Hariharan,8
Shamil Arslanov,3
Shamsiddin Vokhidov,3
Shane Melaugh,2
Shanmukha Meruga,2
Shant Sargsyan,2
Sharapov Evgeny,2
Sharath Radhakrishnan,2
Sharvaanica A S,2
Sharvesh Deviprasath,8
Shashikant Kutwal,3
Shawn Martinez,8
Shawn Rodrigue-Lemieux,8
Shelev Oberoi,2
Sherali Pattnaik,2
Sherif Khater,2
Sherzod Khodjimatov,1
ShimanovAlex,1
Shiva Kalka,4
Shiyam Thavandiran,8
Sho Glashausser,8
Shota Azaladze,2
Shreyans Shah,8
Shreyas Royal,2
Shubh Laddha,2
Shubhi Gupta,8
Shukhrat Makhmudov,8
Shyaamnikhil P,2
Shyam Gandhi,5
Shyam Sundar,2
Siar Yaran,3
Sibo (Ricky) Wu,8
Siddharth Arun,1
Siddharth Jagadeesh,8
Siddharth Singh,2
Siem van Dael,2
Sihan Tao,2
Silvius Tiberius,3
Sim Maerevoet,2
Simao Poscidonio Dias,2
Simen Agdestein,4
Simeon Todev,2
Simon Fule,4
Simon Lamaze,8
Simon Max Skembris,2
Simon Williams,1
Simona Limontaite,7
Simone Pozzari,8
Sina Movahed,4
Sipke Ernst,8
SirMittensofMittensville,3
Siva Mahadevan,8
Sivanesan Nithyalakshmi,1
Sjoerd van Roon,7
Skat2704,8
Skye Attieh,8
Slaven Pastar,2
Slobodan Filipovic,2
Snehal Bhosale,8
Snowflake,2
Sofia Blokhin,8
Sofia Pogorelskikh,8
Sofia Valente,2
Sofiia Hryzlova,8
Sofio Gvetadze,8
Soham Kamotra,2
Solomon Ruddell,1
Soltan Muradov,8
Sondre Melaa,2
Sooraj M R,2
Sophie Morris-Suzuki,8
Sophie Nikoladze,8
Soren Bech Hansen,3
Soumya Swaminathan,8
Sounak Bagchi,2
Sourath Biswas,1
Sravan Renjith,2
Sreyas Payyappat,3
Sricharan Pullela,2
Srihari L,2
Srihari L R,2
Srinath Narayanan,2
Srinath Rao,3
Sriram Krishnakumar,2
Sriram Sarja,8
Srishti Pandey,2
Srithan Saypuri,8
Srivastan Karthikeyan,8
Stamatis Kourkoulos-Arditis,8
Stanislav Bukreev,2
Stanislav Kovalevsky,1
Stanislav Mikheev,8
Stanislav Ritvin,8
Stanislav Tsyhanchuk,8
Stanisław Osiecki,3
Stanisław Żyłka,8
Stanley Badacsonyi,2
Stanoje Jovic,2
Stany Ga,8
Stavroula Tsolakidou,3
Stefan Colijn,8
Stefan Eilers,1
Stefan Lima,8
Stefan Mladenovic,8
Stefan Tabak,8
Stefanos Kazantzoglou,2
Stelios Halkias,8
Stepan Osinovsky,8
Stepan Papacek,8
Stephan Becking,2
Stephen Capp,3
Stephen Dishman,2
Stephen Jessel,1
Stephen Willy,8
Steve Harrington,8
Steven Cooklev,3
Steven Javier Rojas Salas,2
Steven Zierk,2
Stéphane Bressac,2
Stöttner Lukas,8
Suan Bruno Fernandes Lira,8
Sudarshan Sriniaiyer,8
Suduva sachmatai,8
Sujana Lohani,8
Suleyman Suleymanlı,2
Sully McConnell,1
Sultai Chyngyz,2
Sultana sharmin Shirin,8
Sultanbeibarys Dumanuly,2
Sumer Ash Shaik,1
Sune Berg Hansen,8
Supratit Banerjee,2
Suren Poghosyan,5
Suresh Harsh,2
Susanna Gaboyan,8
Sushrut Dahal,1
Suvradeepta Das,8
Suvrajit Saha,3
Suyog Wagh,2
Sven Tica,1
Sverre Lye,2
Svetlana Vifleemskaia,8
Svyatoslav Korneev Leskova,2
Svyatoslav Lisenkov,2
Swara Lakshmi Nair,3
Swati Mohota,2
Swayams Mishra,2
Sweafty,2
Sylvain Carre,2
Sylvain Lorans,8
Sylvain Ravot,8
Szalay Karoly,2
Szymon Gumularz,2
Sébastien Bouchet,8
Símon Þórhallsson,2
Sıla Çağlar,2
Sławomir Kurpiewski,1
Sơn Đặng,2
T S S Peiris,1
Tabaré Bustelo,8
Taffin Khan,8
Tagir Salemgareev,8
Taha Ozkan,2
Tahsin Tajwar Zia,1
Tal Levitan,2
Talaibek Osmonbekov,8
Talibov Shiroghlan,1
Talu Mircea,2
Tamas Banusz,6
Tamas Gunes Ongut,2
Tamas Vanczak,8
Tamas-Kristof Balla,8
Tamaz Mgeladze,2
Tamerlan Bekturov,8
Tangi Migot,2
Tania Sachdev,8
Tanisha Boramanikar,8
Tanitoluwa Adewumi,2
Tanmay Jain,5
Tannaz Azali,8
Tanraj Sohal,2
Tansel Turgut,8
Taqwa Hamouri,2
Taran Idnani,2
Tarasova Viktoriya,4
Tarik Selbes,8
Tarini Goyal,8
Tariq Yue,8
Taron Shagbazyan,4
Tarun Kanyamarala,8
Tatev Abrahamyan,8
Tatiana Bogumil,8
TatjanaVasilevich,2
Taylan Ruzgar,2
Tea Gueci,2
Ted Belanoff,2
Tehni4arce,1
Teimour Radjabov,8
Teimur Toktomushev,8
Tejas Rama,2
Tejaswini Ganesan,5
Teodor Anton,8
Teodor-Cosmin Nedelcu,2
Teodor-Mihnea Voicu,2
Teodora Injac,8
Teoman Guney Ersoz,2
Terrence Tang,2
Terry Luo,2
ThaKanielOutis,8
Thandalam Shanmugam Ravi,2
Thanh Nghia Nguyen,8
Tharushi T.H.D. Niklesha,8
TheCairnTerrier,5
TheFutureStar2005,8
TheMandalorian37,2
The_filthy,2
The_risk_taker100,2
Thee-Chessboy,8
Theo Bressy,2
Theo Stijve,2
Theodora Koutsogiannopoulou,2
Theodore Slade,2
Thet Naung,8
Thi Minh Oanh Nguyen,7
Thibault Fantinel,2
Thien Ngan Nguyen,2
Thomas,8
Thomas Bauer,1
Thomas Beerdsen,2
Thomas Carroll,2
Thomas Christensen,3
Thomas Decker,6
Thomas Diem,8
Thomas Eggleston,6
Thomas Kahlert,8
Thomas Kung,8
Thomas Michalczak,8
Thomas Morais,2
Thomas O`Sullivan,8
Thomas Rendle,1
Thomas Thiel,8
Thomas Villiers,2
Thorbjørn Bromann,8
Thore Perske,2
Tiago Batista Oliveira,8
Tiago Carvalho Mangialardo,8
Tiago Cunha Navarro,8
Tiago Pereira Rodrigues,2
Tibor Bodi,8
Tien Thanh Thuy Nguyen,2
Tigran Mukhutdinov,2
Tigran Nazaretyan,2
TigranHH,8
Tihomir Yanev,2
Tikhon Popov,2
Tikhonov Viacheslav,2
Tim Grutter,2
Tim Kett,3
Tim Lammens,8
Timofey Iljin,2
Timofey Smirnov,8
Timothe Razafindratsima,2
Timothy Chien En Lim,8
Timur Fakhrutdinov,3
Timur Gareyev,8
Timur Kocharin,2
Timur Radionov,8
Timur Yonal,2
Titas Stremavicius,7
Tiến Trần Mạnh,8
Tobias Kolb,3
Tobias Kölle,2
Tobias Kügel,3
Tobias Lang Nilsen,2
Tobias Rizzo,8
Tobias Schmidt,3
Tobias Voege,2
Todd Andrews,2
Todd Bryant,2
Tom Bus,8
Tom Decuigniere,6
Tom Friedel,8
Tom O'Gorman,8
Tomas Danada,2
Tomas Kapitanchuk,8
Tomas Kraus,8
Tomas Laurusas,8
Tomasz Głuszko,2
Tomasz Jankowiak,8
Tomasz Jaskolka,2
Tomasz Mika,8
Tommi Luukkonen,8
Toms Kantans,8
Tomáš Vaněk,1
Tony Kukavica,7
Toomas Valgmae,7
Tor Fredrik Kaasen,2
Torben Søraas,3
Torbjorn Ringdal Hansen,2
Tori Porat,2
Tran Nam Giang,8
Treebeard54,3
Trickster_Pony,8
Trickster_fam,8
Triin Narva,8
Trisha Kanyamarala,2
Tristan Breuil,2
TrueCagnusMarlsen,2
Tsvetan Stoyanov,2
Tuan Minh Le,8
Tudor Henry Edward,4
Tudor-Gabriel Danila,2
Tufan Can Uzuner,1
Tuffer Guy,2
Tuguldur Soninbayar,2
Tuna Özateş,2
Tunahan Makaraci,2
Tunar Davudov,4
Turkan Mamedjarova,8
Tyhran Ambartsumian,2
Tykhon Cherniaiev,2
Tyler Tanaka,6
Tymon Ochedzan,8
Tymur Keleberda,2
Tyrell Harriott,1
Tyrhone James Tabernilla,2
Tyron Milare,2
Tyson Brady,8
UKR_Master,8
Udith Jayasundara,7
Uffe Vinther-Schou,8
Ufuk Sezen Arat,2
Ughur Ilyasli,2
Ugur Doga Yazici,3
Uliana Dudkina,4
Uliana Kusakina,1
Uliana Yeshchenko,2
Ulises Hernández Bermúdez,8
Ulrich Schulze,8
Ulrich Zenker,8
Ulrich Zimmermann,8
Ulviyya Fataliyeva,8
Ulysse Bottazzi,2
Umid Aslanov,2
Ummi Fisabilillah,8
Umut Anil Dogan,2
Umut Ata Akbas,8
Umut Erdem Gündüz,4
Unknown_IM,3
Uriel Vazquez Espino,6
Utku Cengiz Acar,2
Uurtsaikh Agibileg,2
Uwe Kleibel,8
Uygar Durucay,8
V Toshali,8
VINOD KUMAR SHARMA,8
Vache Hovakimyan,2
Vaclav Finek,2
Vadim Biliy,2
Vadim Bobkov,7
Vadim D. Berg,2
Vadim Galchenko,3
Vadim Vdovin,3
Vadym Petrovskyi,2
Vahan Nalbandyan,2
Vahap Sanal,2
Vahe Baghdasaryan,2
Vahe Danielyan,6
Vaibhav Raut,2
Vaibhav Suri,8
Vaishali R,2
Valdenicio Marcelino de Lima,8
Valdis Troņenkovs,8
Valentin Dragnev,2
Valentin Mitev,8
Valentin Nicot,8
Valentina Golubenko,8
Valentina Gunina,8
Valentyn Hulka,2
Valentyn Prokofiev,4
Valeria Viana,8
Valerie Ruchinskaya,8
Valerio Carnicelli,2
Valeriy Grinev,7
Valeriy Yavorovsky,8
Valery Kazakouski,8
Valery Kazantsev,8
Valery Lisik,2
Valery Skatchkov,8
Valery Sviridov,3
Valiantsin Yezhel,2
Valter Gyurjinyan,2
Valuebet2000,8
Vandan Alankar Sawai,8
Vanek_Runets,5
Vantika Agrawal,8
Vardan Danielian,8
Varun Krishnan,2
Varuzhan Akobian,8
Vasif Durarbayli,2
Vasil Trickov,8
Vasile Carafizi,8
Vasileios Fragkos,1
Vasilii Titarov,2
Vasilij Malyshev,8
Vasiliy Korchmar,6
Vasiliy Lyakh,8
Vasily Volovich,2
Vasyl Ivanchuk,8
Veaceslav Slovineanu,8
Vedant Goswami,8
Vedant Nitin Vekhande,2
Vedant Panesar,2
Vedant Rupeshbhai Varasada,8
Vedat Ali AKSU,8
Vedic Panda,8
Velavaa Ragavesh,2
Velimir Ivic,4
Vepaly Halynyazow,8
Vera Juergens,2
Veronika Minina,8
Veronika Shubenkova,1
Viachaslau Zarubitski,2
Viacheslav I. Neklyudov,2
Viacheslav Mikhailov,2
Viacheslav Rozhkov,8
Viani Antonio D'cunha,2
Vicente Cano Giménez,8
Victor Bologan,1
Victor Cuenca,8
Victor Fernández Barrera,8
Victor Labussiere,6
Victor Mikhalevski,2
Victor Trushelyov,8
Vidar Grahn,2
Vidip Kona,2
Vidit Gujrathi,8
Vignesh N.R,3
Vignir Vatnar Stefansson,2
Vihaan Dawda,4
Vihaan Jammalamadaka,2
Vihaan Karthikeya N,8
Vijay Srinivas Anandh,2
Vijayalakshmi Subbaraman,2
Vikram Rajmohan,8
Viktor Berezin,8
Viktor Dmitrenko,8
Viktor Gazik,3
Viktor Ianov,8
Viktor Komliakov,5
Viktor Neustroev,8
Viktor Parfenov,6
Viktor Poddubnyi,8
Viktor Romanchuk,8
Viktor Skliarov,2
Viktoriya Loskutova,8
Vilka Sipilä,1
Villarreal Agustin,2
Vilmos Balint,2
Vince Angelo Medina,1
Vince Gergő Turcsányi,2
Vincent Keymer,8
Vincent Riff,3
Vincent Rothuis,8
Vinicius Rego,7
Vinicius Taishun Lima,8
Vinicius Tiné Martins,8
Vinnie,2
Vinuka Wijerathna,3
Vinzent Spitzl,2
Viorel Iordachescu,8
Virgile Breuil,2
Visakh NR,6
Vishal Kobla,8
Vishnu Prasanna,8
Vishnusankar Jonnalagadda,2
Vishva Nanugonda,2
Vishwa Shah,8
Vitalii Chaika,8
Vitalii Gryshko,2
Vitaliy Bernadskiy,8
Vitaliy Garbuz,2
Vitaliy Kiselev,2
Vitaly Kunin,8
Vitaly Rodchenkov,8
Vitaly Teterev,8
Vitor Ferreira,2
Vitorio Chemin,8
Vittorio Cinà,8
Vitus Bondo Medhus,2
Vivaan Saraogi,2
Vivaan Vishal Shah,3
Vjacheslav Weetik,6
Vlad Lymar,2
Vlad-Cristian Jianu,8
Vlada Sviridova,2
Vladimir Abrosimov,2
Vladimir Baklan,8
Vladimir Belous,8
Vladimir Belov,2
Vladimir Bilic,2
Vladimir Bugayev,8
Vladimir Burmakin,8
Vladimir Bychkov,8
Vladimir Chernikov,8
Vladimir Damjanovic,6
Vladimir Danilov,2
Vladimir Demin,3
Vladimir Dobrov,6
Vladimir Fedoseev,6
Vladimir Grabinsky,8
Vladimir Hamitevici,1
Vladimir Lukovic,1
Vladimir Makhnev,1
Vladimir Malakhov,8
Vladimir Mikhailovsky,2
Vladimir Predein,4
Vladimir Sakun,3
Vladimir Seliverstov,8
Vladimir Shahinyan,2
Vladimir Shlyakhetsky,3
Vladimir Tasic,5
Vladimir Zakhartsov,2
Vladimir Zemerov,1
Vladimir-Alexandru Cnejev,3
VladimirKramnik,8
Vladimír Bochnička,8
Vladislav Artemiev,8
Vladislav Chizhikov,2
Vladislav Efremov,8
Vladislav Gontcharov,2
Vladislav Kovalev,8
Vladislav Nevednichy,2
Vladislav Onufrienko,8
Vladislav Rekhson,1
Vladislav Sheremetev,2
Vladislav Voitovich,1
Vladyslav Baziuk,2
Vladyslav Fishchuk,8
Vladyslav Lukiianchuk,8
Vladyslav Sydoryka,2
Vo Quoc Bao Tran,4
Vojislav Milanovic,2
Vojtěch Plát,3
Vojtěch Zwardon,1
Volen Dyulgerov,8
Volkan Sevgi,1
Volkan Yirik,8
Volodar Murzin,8
Volodya Torosyan,2
Volodymyr Medvedyk,8
Volodymyr Onyshchuk,2
Volodymyr Vetoshko,8
Volodymyr Vusatiuk,2
Volodymyr Yaniuk,2
Vrashank Chouhan,8
Vsevolod Ovchinnikov,2
Vsevolod Rytenko,2
Vugar Asadli,8
Vugar Manafov,2
Vugar Rasulov,2
Vuk Damjanovic,2
Vuk Djordjevic,2
Vuk-Tadija Barbarić,8
Vyom Malhotra,2
Víctor Manuel Mago Perez,8
Víctor Rivas García,8
W_Amadeus,2
Wagner Guimarães,8
Wagner da Silva Borges,8
Walter Cuevas Araya,2
Wanderlei Lukachewski Junior,2
Ward Al-Tarboush,2
Warre De Waele,8
Warsia Khusbu,8
Wee Zhun Teh,8
Wei Xuan Timothy Chan,3
Wei Yi,8
Welf Aumann,8
Wellington Albuquerque Jr.,2
Wesley So,6
Wiktor Golis,8
Wiktoria Cieślak,2
Wiktoria Śmietańska,8
Wilfredo Sariego Figueredo,8
Will Moorhouse,8
Willi Skibbe,5
William Alfaro Caracas,2
William Coe,8
William Ferreira Da Cruz,2
William Ge,3
William Graif,3
William Hernandez Gonzalez,3
William Jorge Froes Yano,2
William Olsson,8
William Safranek,2
William Schill,8
William Yen,2
Wilsaida Diaz,8
Wilson Morales,7
Wilson Spaqi,1
Wilver Vargas Rodriguez,6
Winston Joseph Silva,8
Witold Klepek,2
Wizard_of_Odds,2
Wladimir Zampronha,3
Wojciech Przybylski,2
Wojciech Śmieszek,2
Wolfgang Zahn,2
"Wolfram Heinig, Dr.",2
WonderChampion,2
Wouter Terlouw,2
Xavier Martinez Pla,4
Xavier Mompel Ferruz,7
Xeniya Balabayeva,8
Xiahan (Luna) Lu,8
Xiangyi Liu,8
Xiao Cheng,2
Xiao Tong,2
Xiaobing Gu,8
Xu Xiangyu,8
Xu Yi,2
Xueyi Li,8
Yaacov Norowitz,2
Yagiz Kaan Erdogmus,3
Yago De Moura Santiago,6
Yago Labussiere,7
Yahli Sokolovsky,2
Yahor Silich,2
Yahya Chelly,8
Yair Parkhov,8
Yakubjon Xalmatov,8
Yamac Samani,8
Yan Derige Kane,8
"Yang, Kaiqi",2
Yanira Vigoa Apecheche,7
Yankı TAŞPINAR,2
Yannick Kambrath,8
Yans Richard Girones Barrios,2
Yaroslav Demchenko,2
Yaroslav Remizov,2
Yaroslav Shevchenko,7
Yash Bharadia,8
Yashas Devappa,8
Yasin Emrah Yagiz,6
Yasser Quesada Perez,3
Yassine Sentissi,8
Yehor Marynychenko,2
Yelfry Torres,8
Yelyzaveta Hrebenshchykova,2
Yerkin Kozganbay,8
Yerlan Rakhimgaliyev,8
Yerlan Tleukhanov,8
Yevgeny Khazan,2
Yevhenii Yelisieiev,2
Yevheniia Toroptseva,2
Yi Liu,8
Yichen Han,2
Yidong Chen,6
Yihan Meng,2
Yihe Fu,8
Yilin Li,8
Yinn Long Wong,2
Yiping Lou,8
Yoann Robert,8
Yoav Milikow,2
Yoel Estarling Polanco Nunez,8
Yonathan Uritsky,8
Yoon-Young Kim,8
Yoseph Theolifus Taher,1
Yosha Iglesias,8
Yotam Shohat,2
Youhe Huang,1
Youness Fareh,8
Yovann Gatineau,2
Yu Yangyi,2
Yudel Romero Arzuaga,2
Yulia Efremova,2
Yulian Malovanyi,3
Yuliia Osmak,1
Yuliya Khegay,8
Yulya Pishchal,1
Yunier Leyva Rivera,8
Yuniesky Quesada,4
Yuri Korsunsky,8
Yuri Kozin,8
Yuri Yakovich,8
Yuri Zhizmer,2
Yurii Khodko,2
Yuriy Dovzik,8
Yuriy Kuzubov,7
Yuriy Shtompel,1
Yury Piskov,2
Yusuf Baran Cevizci,8
Yusuf Eren Kavri,8
Yuxu Zhou,2
Yvain Bruned,2
ZAHAR HILKEVICH,7
Zacarias M Ruben D,8
Zach Bekkedahl,8
Zach Dukic,8
Zachary Calderon,2
Zachary Liu,2
Zachary Tanenbaum,3
Zahar Efimenko,8
Zaidan Zulkipli,2
Zaim Marian,2
Zala Urh,2
Zane Nasir,1
Zarikovs1999,8
Zarina Nurgaliyeva,2
Zarina Shafigullina,8
Zaur Bayramov,8
Zaur Gasanov,8
Zaur Mammadov,3
Zaur Tekeyev,3
Zaw Ye Htut,3
Zayne-Eddine El Zein,2
Zbigniew Pakleza,1
Zdravko Vukovic,8
Zeinep Sultanbek,8
Zenia Corrales Jiménez,2
Zephyr5000,2
Zhamsaran Tsydypov,8
Zhangir Bizhigitov,2
Zhanibek Amanov,3
Zhansaya Abdumalik,8
Zhaoqi Liu,8
Zhi Yang Ooi,8
Zhongyi Tan,2
Zhouqiao Zhao,3
Zi Han Goh,2
Ziaur Rahman,8
Ziya Mammadov,8
Zlatko Lisjak,8
Zmiyevik2200,2
Zoe Varney,8
Zoey Tang,2
Zoran Jovanovic,2
Zoran Novoselski,8
Zoran Velickovic,8
Zou Chen,2
Zozek Salah Mohammed Mohammed,8
Zsigmond Szajbely,3
Zsoka Gaal,8
Zsolt Korpics,2
Zurab Javakhadze,6
Zurab Tqebuchava,3
Zuzanna Kaminska,1
Zuzanna Siekańska,8
Zviad Izoria,8
Zvonko Stanojoski,2
abelmat,8
anahita zahedifar,2
anon102030,1
anon132639,2
anon219,1
anon481216,8
anon569,8
anon6121824,2
anushurvan graf,8
arjwezhrtdrz,3
artichaud,8
asghar golizadeh,2
ataberk eren,6
avinashramesh4,2
bait_or_mate,2
barte bongo,8
beautroll,1
bgfbfbgfbgfgf,8
boris abrashkin,8
bratkoo,1
broskolis,1
buddika amarasinghe,8
c_r_e_e_p_e_r,2
caropawn10,2
champ2005,8
delphin11,8
dragonkiller15,8
edison ruge,1
edmund player,8
elamier fathy,6
esapunov,2
farzad abdi,8
freshfoodcompany,2
giftedcreation,1
goofypenguin96,2
guillaume philippe,2
harvsp123,8
heavenlyview,4
hermionegrangermagic,2
hleol,2
horripile,8
hungrycaterpillar4,6
infinitegiantkiller,2
jesús manuel vargas pereda,8
jonaszmb,2
jovencata,8
kadir erden,1
kakorrhaphiophobie,2
kamran SHIRAZI,2
kaponerde,8
kenneth odeh,8
keshka01,8
khoipham,8
kireet panuganti,3
kirillshevchenko,2
kuanysh1981,8
kyaw myat aung,8
letsgoband,2
lifeissofun,8
londonkid,2
luizwas,8
malakismayil,6
mapleaff,2
marabu44,1
martinique24,8
mattcolins2025,2
mauro vargas,8
melissa_guez,8
mohamadmiran khademi,8
moshe katzir,8
natelleka,2
nobodyperfect13,8
paradise10,2
parintele_chess,1
patzer-reloaded,2
pawel jaracz,6
poneis_malditos,1
quesfr,3
rajesh nayak,8
ram1zan,2
realmadridtv,2
redbaron8888,1
rockero68,8
rolly parondo,2
samarth Rao 1664 Leavud Rating,2
sau6on,8
scandalgod,8
sebas sanchez,8
serena-maria,2
shakked tifferet,2
smshk35,2
sofiko tereladze,8
starplatinum2030,2
tapu2,8
thechesscorner 64,2
thisunaa,2
timator,2
tymon czernek,1
u51616516516,8
username0932589,3
username903258295,8
username9325890235,2
vesal hamedi nia,8
vinclat,2
willc-h99,8
winniethepooh04,8
x-0140074626,8
x-0147207515,5
x-0380506783,2
x-0414717230,4
x-0618534659,2
x-2689883172,2
x-2789446229,2
x-3704738925,8
x-3738459472,8
x-3890803203,1
x-4329803912,8
x-4335209008,8
x-4605984566,8
x-5318413958,2
x-5466030055,2
x-5727544656,4
x-5963514717,2
x-6698680654,8
x-7171385435,8
x-7526947335,2
x-7554193269,8
x-7648210036,2
x-8127726737,8
x-8649330435,8
x-9616587394,2
x-9960558865,1
yaguigor,2
yedael stepak,7
zbigniew wieczorek,2
Ágoston Juhász,6
Álvaro Valdés,8
Çiğdem Onur,8
Óscar Salgado López,2
Ömer Faruk Özer,8
İlhan Serhat Salman,2
Łukasz Licznerski,2
Łukasz Luba,1
Štefan Mazúr,3
Štěpán Hrbek,2
Аrtеm Odеgоv,2
Абдилхаир Абилмансур,8
Азат Габдрахманов,4
Александр Брюхович,8
Александр Ледаков,8
Александр Потапов,8
Александр Слижевский,3
Александр Холин,8
Алексей Владимирович Комиссаров,8
Алексей Мокшанов,3
Алексей Терзи,2
Алишер Бегмуратов,2
Алёна Гармаш,8
Андрей Геннадьевич Ермолаев,8
Андрей Хромкин,8
Андрій Шанковський,3
Анна Новикова,8
Артём Синявский,2
Білецький Дмитро,2
Вадим Карпов,2
Валерий Свиридов,8
Варвара Полякова,2
Варвара Саулина,8
Виталий Сергеев,8
Владимир Масловский,3
Владимир Матвеев,7
Володимир Михальський,2
Гор Глиджян,2
Григорий Гусаров,2
Гульдона Каримова,2
Гурвич Виталий,1
Даниил Постников,8
Данил Найдин,3
Данила Павлов,2
Дарья Трапезникова,2
Дарья Хохлова,8
Даши Дамбаев,8
Денис Денисенко,2
Димитрий Король,8
Дмитрий Коненкин,1
Дмитрий Мазанченко,2
Евгений Бурмакин,8
Евгений Лагунов,8
Егор Здоров,2
Егор Филипец,2
Егор Яковлев,8
Екатерина Кабанова,8
"Захаров Александр Шахматная школа ""Этюд""",8
Зубарев Александр,8
Иван Бабиков,2
Иван Ураев,8
Игорь Князев,2
Игорь Немцев,2
Илья Дерябин,8
Илья Чеклецов,7
Ислом Синдаров,2
Касимов Бауыржан,8
Кирилл Копёнкин,8
Кляшторный Владислав,1
Любовь Гордык,2
Максим Матюнин,2
Максим Щекачихин,2
Маргарита Филиппова,3
Марья Ефименко,3
Матфей,2
Матфей Юрасов,3
Микола Боднар,2
Михаил Экдышман,1
Наталья Зайнуллина,8
Нечитайло Нікіта,8
Никита Довбня,6
Никита Майоров,8
Николай Гриценко,1
Николай Оглоблин,2
Николай Хныкин,8
Олег Губанов,8
Олег Кислов,3
Павел Егоров,8
Павел Торопов,2
Платон Гальперин,8
Предраг Радибратовић,1
Рамиль Садыков,1
Рамиль Хасангатин,2
Роман Аухатов,8
Роман Назин,8
Руслан Габдушев,8
Руслан Пахомов,6
Рустам Кайырбеков,8
Сергей Максутов,8
Сергей Надеев,3
Сергей Ярый,2
Соловьев Александр,6
Спартак Высочин,3
Темирлан Балтабаев,2
Улугбек Тилляев,3
Феликс Алиханов,1
Феликс Тульчинский,2
Шубин Кирилл,3
Эдуардо Гербелли Нето,3
Эмир Шаршенбеков,1
Юрий Горячкин,8
Яков Гинзбург,3
Ян Дьомін,2
אהרן בגראטיוני,1
꧁༺ɖǟɦǟʍɖɨ ֆǟռʊɖʊʟǟ༻꧂,8
