Node,Community
1b31-O,0
2305,0
ALEJANDRO NEEDLEMAN,0
ALEXJR20,0
Aarav Dengla,0
Aarit Kapil,0
Aaron Grabinsky,0
Aaron Mendes,0
Aashman Gupta,0
Abhimanyu Mishra,0
Abigail Zhou,0
Adam Collins,0
Adam Gaisinsky,0
Adam Mekhane,0
Adham Kandil,0
Adhvaith Rajanish,0
Adi Menahem,0
Adrian Antonio Garcia Garcia,0
Adrian Keatinge-Clay,4
Adrian Suarez Uriel,0
Adriana Nikolova,0
Adriano Gaspar de Lima Salguero,0
Adrien Anciaux,0
Adán Rios Escobar,0
Agustin Meza Astrada,0
Ahmad Al khatib,0
Aidan Odenthal,0
Airat Sadubayev,0
Aisen Mestnikov,0
Ajay Karthikeyan,0
Ajay Krishna S,0
Aksel Bu Kvaloy,0
Alan Petukhov,0
Alba De Lomas Busquets,0
Albert Fishman,0
Alberto Atoyan,0
Alberto Fabris,0
Alberto Guzman Moneo,0
Alberto Martin Fuentes,0
Alberto Santos Flores,0
Alberto Vela Frago,0
Aldiyar Zhauynbay,0
Alejandro Mora Muñoz,0
Alejandro Uzcategui Rodriguez,0
Aleksandar Vrbljanac,0
Aleksander Kumala,0
Aleksandr Domalchuk-Jonasson,0
Aleksandr Lenderman,0
Aleksandr Rakhmanov,0
Aleksandr Usov,0
Aleksandra Lach,0
Aleksejs Adamovics,0
Aleksey Grebnev,0
Aleksey Sorokin,0
Alessio Boraso,0
Alex Fishbein,0
Alex King,0
Alex Truskavetsky,0
Alex Villa Tornero,0
Alexander Donchenko,0
Alexander Gutenev,0
Alexander Herbrig,0
Alexander Jasinski,0
Alexander Khlebovich,0
Alexander Kopylov,0
Alexander Moskalenko,0
Alexander Reprintsev,0
Alexander Rustemov,0
Alexander Rutten,0
Alexander Zlatin,0
Alexandr E. Volodin,0
Alexandr Provotorov,0
Alexandra Shvedova,0
Alexandre Guerreiro,0
Alexandre Qashashvili,0
Alexandros Papasimakopoulos,0
Alexej Cherepov,0
Alexey Jarovinsky,0
Alfia Nasybullina,0
Alfie Onslow,0
Alicja Sliwicka,0
Alisa Genrietta Yunker,0
Alisa Nur-Mukhametova,0
Amani Alazmi,0
Amaya Agarwal,0
Amin Tabatabaei,0
Amir Mohammad Hamidi,0
Anant Adury,0
Anastasia Grozdanovic,0
Anastasios Mihailidis,0
Anastasios Pavlidis,0
Anatoliy Shapkin,0
Anatoly Donchenko,0
Anatoly Krutko,0
Andras Dankhazi,0
Andre Bold,0
Andre Kunz,0
Andre Meylan,0
Andrei Belozerov,0
Andrei Matsenko,0
Andrei Negrean,0
Andrei Skvortsov,0
Andrej Ljepic,0
Andres Felipe Gallego Alcaraz,0
Andrew Brown,0
Andrew Jing,0
Andrew Titus,0
Andrew Wu,0
Andrey Ivanov,0
Andrey Klymchuk,0
Andrin Wüest,0
Andrzej Krzywda,0
Anil Berk Erdogan,0
Anna Kubicka,0
Anna Shukhman,0
Annamaria Marjanovic,0
Anthony Wirig,0
Antoaneta Stefanova,0
Antonio Loiacono,0
Antonio Naranjo Moreno,0
Antonios Hadzimanolis,0
Anusha Subramanian,0
Aradhya Garg,0
Aram Chekh Adam Khedr,0
Arda Altun,0
Arhan Chethan Anand,0
Arif Abdul Hafiz,0
Arjun Adireddy,0
Arman Erzhanov,0
Arman Geivondian,0
Arman Mikaelyan,0
Armen Proudian,0
Armin Mušović,0
Arnav Maheshwari,0
Arseniy Shturman,0
Arseny Alavkin,0
Arslan Otchiyev,0
Artak Manukyan,0
Artem Koval,0
Artem Timofeev,0
Artem Uskov,0
Artemii Khanbutaev,0
Arthur Nader,0
Artur Roenko,0
Arturo Benitez,0
Artyom Manukyan,0
Arun Dixit,0
Arvids Andrejevs,0
Arystan Isanzhulov,0
Arystanbek Urazayev,0
Asal Salimova,0
Ashritha Eswaran,0
Ashwath Kaushik,0
Ashwin Damaraju,0
Asif Solomon,0
Assel Lesbekova,0
Ata Secer,0
Atilla Kuru,0
Atousa Pourkashiyan,0
Attila Jr. Forgacs,0
Attila Turzo,0
Austin Mei,0
Austin Tang,0
Avi Kaplan,0
Ayushh Ravikumar,0
Azat Sharafiev,0
BOZNENA PIDDUBNA,0
Badrinath S,0
Balaji Guttula,0
Baptiste Roux,0
Barad Yeganegi,0
Barnabas Kovacsy,0
Bartlomiej Turski,0
Bartosz Przybylski,0
Ben Finegold,0
Ben Li,0
Bence Leszko,0
Bendeguz Bodrogi,0
Benik Agasarov,0
Benjamin Tang,0
Bennet Biastoch,0
Benny Aizenberg,0
Bernhard Stillger,0
Bibek Thing,0
BikingBrian,0
Björn Andersson,0
Blanka Ejsymont,0
Blazej Grot,0
Bodhana Sivanandan,0
Bogdan Belyakov,0
Borna Derakshani,0
Bovie Mei Liu,0
Brayan Angel Amaya,0
Brewington Hardaway,0
Broderick Bauml,0
Burak Ozalp,0
Bánk Szalay-Őcsák,0
Caleb Levi,0
Calix Marchand,0
CalmdownCalabreso,0
Can Haktan Unat,0
Carles Diaz Camallonga,0
Carles Martín Barceló,0
Carlos Alarcia,0
Carlos Eduardo Cardozo Munar,0
Carlos Javier Bernabéu López,0
Chafik Talbi,0
Charles Storey,0
Chess_Boxer123,0
Chessgod9oninsta,0
Chinguun Sumiya,0
Chris L Chambers,0
Christophe Sochacki,0
Christos Krallis,0
Clement Kuhn,0
Coiote53,0
Colin Federer,0
Collin Colbow,0
Costica-Ciprian Nanu,0
Cptn2,0
Cristian Camilo Soto,0
Cristobal Jose Blanco Acevedo,0
Cyril Ponížil,0
Damian Lewtak,0
Damir Ismagilov,0
Dana Kochavi,0
Daniel Centron Antuna,0
Daniel Girsh,0
Daniel Madson de Medeiros Amorim,0
Daniel Melamed,0
Daniel Quizon,0
Daniel Shubin,0
Daniel Wang,0
Daniel Yang,0
Daniil Lintchevski,0
Danylo Biletskiy,0
Danylo Shkuran,0
Dariusz Dziewonski,0
Dau Khuong Duy,0
David Bernat,4
David Camacho,0
David Galstyan,0
David Gasparyan,0
David Gavrilescu,0
David Gordon,0
David Gorodetzky,0
David Höffer,0
David Paravyan,0
David Rodríguez López,0
David Shapiro,0
David Zakaryan,0
Dawid Niekraś,0
Deniz Ozen,0
Derlei Alex Florianovitz,0
Dexter_Dyke,0
Deyan Kostov,0
Diana Lomaia,0
Diego Cacheiro Blanco,0
Diego Sashaki Haraguchi,0
Dilshad Mohammed,0
Dimitar Mardov,0
Dimitris Makridis,0
Dinara Wagner,0
Dinesh Rajan M,0
Dino Ballecer,0
Dion Krivenko,0
Dmitrij Osetrov,0
Dmitriy Khegay,0
Dmitry Kononenko,0
Dmitry MIschuk,0
Dmitry Petukhov,0
Dmitry Ponomarev,0
Dmitry Semenenko,4
Dobre Claudiu Cristian,0
Dobrivoj Popovic,0
Dolzhykova Kateryna,0
Dorian Kang,0
Dorina Demeter,0
Dorsa Sadat Khalafvand,0
DraG0s3L,0
Dragomirescu Calin,0
Dragos Ceres,0
Duc Dung Nguyen,0
Dumitru-Daniel Dinu,0
Dzmitry Kalinin,0
Edgar Hayrapetyan,0
Edoardo Di Benedetto,0
Eduard Andreev,0
Eduard Khatoev,0
Efren Andres Ramos Espinoza,0
Ege Köksal,0
Egor Pakhomov,0
Ekaterina Goltseva,0
Elbek Alikulov,0
Elena Verbova,0
Elham Amar,0
Elis Denele Dicen,0
Elliot Papadiamandis,0
Elnaz Kaliakhmet,0
Elnur Aliyev,0
Emanuel Vaglio,0
Emilia Sprzęczka,0
Emirhan Tarlabasi,0
Emmanuel Carter,0
Emre Mecit,0
Enkhtuul Altan-Ulzii,0
Enrique Fernando Asensio Ramos,0
Enrique Tejedor Fuente,0
Enzo Federzoni,0
Eric Feng,0
Eric Liu,0
Eric Rosen,0
Eric Sos Andreu,0
Erik R. Gasparyan,0
Ernestina Adam,0
Ernesto javier Fernandez Guillen,0
Esteban Horacio Deichmann,0
Ethan Bashkansky,0
Ethan Saya,0
Ethan Vaz,0
Ettore Stromboli,0
Eugenia Karas,0
Evan Ai,0
Evan S. Rosenberg,0
Evgeniya Doluhanova,0
Evgeny Ermolaev,0
Evgeny Melikhov,0
Evsuld Myagmarsuren,0
Fabian Jahnz,0
Fabian Platzgummer,0
Facundo Vazquez,0
Farid Orujov,0
Fatih Baltic,0
Federico Perez Ponsa,0
Federico Sellitti,0
Felix Guo,0
Felix Hindermann,0
Ferenc Jr. Gombocz,0
Ferenc Langheinrich,0
Fernando Mata,0
Fidel Corrales Jimenez,0
Filip Boe Olsen,0
Filip Ochedzan,0
FloMaster111,0
Florian Grafl,0
Francesco Bettalli,0
Francesco Sorcinelli,0
Francisco Allysson da S. Muniz,0
Francisco Javier Muñoz,0
Francisco Montoliu Cervero,0
Frederick Waldhausen Gordon,0
Fy Antenaina Rakotomaharo,0
Fyodor Myshakov,0
Gabriel Garmendia,0
Gahan MG,0
Garnik Nersesyan,0
Gasan Guliev,0
Gastón Needleman,0
Gaurang Bagwe,0
Gawain Maroroa Jones,0
Gedeon Hartge,0
Gellert Karacsonyi,0
Genaro Alvidrez,0
Genivan Genkeswaran,0
Georgijs Germanovs,0
Gergely Antal,0
Gia Huy Banh,0
Gilbert Elroy Tarigan,0
Giorgi Sibashvili,0
Glaucio Cella,0
Gleb Scheglov,0
Gnel Melikyan,0
Goltsev Dmitry,0
Greg Shahade,0
Griffin McConnell,0
Grigor Dilanyan,0
Grigoriy Oparin,0
Guannan Song,0
Gudmundur Kjartansson,0
Guillaume Garde,0
Guillermo Camacho Martínez,0
Gumersindo Fernandez Garcia,0
Gunnar Lund,0
Gustas Morkunas,0
Gustavo Eduardo Nunez V,0
Habib Adnan,0
Hajiyev Kanan,0
Harika Dronavalli,0
Harry Bryant,0
Harshavardhan GB,0
Hassan Gaafar,0
Hayk Yeritsyan,0
Helvert Hernández,0
Henry Jhonhader Panesso Rivera,0
Henryk Samborski,0
Himal Lama,0
Hrant Melkumyan,0
Hugo Wernberg,0
Hugo de Melo Lux,0
Hui Li,0
Husnorakhon Khusnitdinova,0
IULIAN NECULA,0
Ian Harris,0
Igor L. Vakhlamov,0
Ihor Vypkhaniuk,0
Ilan Schnaider,0
Ilja Haitin,0
Iljya Grigorjev,0
Ilya Grigorjev,0
IndianGrandmaster13,0
Indy Southcott-Moyers,0
Inigo Riveiro,0
Iren Lyutsinger,0
Irina Bulmaga,0
Irina Mikhaylova,4
Irina Petrova,0
Isak Storme,0
Israel Caspi,0
Itay Sitbon,0
Ivan Jakić,0
Ivan Mesquita V. Gonçalves,0
Ivan Povshednyi,0
Ivashentseva Dominika,0
Iñigo López Mulet,0
Jacek Stopa,0
Jack Mizzi,0
Jack Rodgers,0
Jacob Chiang,0
Jagadeesh Siddharth,0
Jai Sankar Subramanian,0
Jaime Vaglio,0
Jake Shanty,0
Jakob Pfreundt,0
Jakub Fus,0
Jakub Pulpan,0
Jakub Seemann,0
Jaloliddin Ilkhomi,0
James Chirilov,0
Jan Boder,0
Jan Jodilyn Fronda,0
Jan Murawski,4
Jan Subelj,0
Jan Vykouk,0
Jan Zienkiewicz,0
Jana Mukhina,0
Jann-Christian Tiarks,0
Jannatul Ferdous,0
Javier Buenafé Moya,0
Javohir Bozorov,0
Jay Walker,0
Jean Meunier-Pion,0
Jeevan Karamsetty,0
Jens E Ingebretsen,0
Jens Hirneise,0
Jeremy Ellison,0
Jernej Skuhala,0
Jesse Zafirakos,0
Joa Max Bornholdt,0
Joachim Mouhamad,0
Joachim100x,0
Joaquin Ignacio Miranda Camus,0
Joar Olund,0
Joel Banawa,0
Johannes Steindl,0
John Curtis,0
John Michael Silvederio,0
John Z Abraham,0
Jonas Gallasch,0
Jonas Hacker,0
Jonas Wyss,0
Jonathan Dourérassou,0
Jorah Soojay,0
Jorge Leon Oquendo,0
Jose Antonio Garrido Diaz,0
Jose Camacho Collados,0
Jose Gabriel Cardoso,0
Jose Garcia Molina,0
Josefine Heinemann,0
Joseph Bellissimo,0
Joseph Girel,0
Joseph Levine,0
Joshua Grabinsky,0
Joshua Posthuma,0
Joshua Xia,0
Joydeep Dutta,0
Juan Alberto Gomez Aguirre,0
Juan Andres Guerrero,0
Juan Antonio Urbina Perez,0
Juan Pablo Demaría,0
Juan Pablo Gamboa,0
Juan Plazuelo Pascual,0
Julian Proleiko,0
Jwalanthi Ram,0
Jyotshnav Talukdar,0
Kaan Kucuksari,0
Kacper Drozdowski,0
Kacper Kacprzak,0
Kacper Karwowski,0
Kacper Tomaszewski,0
Kanan Garayev,0
Kanan Heydarli,0
Kanishka Bhatia,0
Karen Gutierrez,0
Karsten Hansch,0
Karsten Schuster,0
Kassa Korley,0
Katarzyna Dwilewicz,0
Kayden Troff,0
Keaton Kiewra,0
Keith Arkell,0
Ken Arnold,0
Kent Slate,0
Kerem Erten,0
Kevin Bordi,0
Kevin Noboa Silva,0
Kevin Paveto,0
Kevin Qin,0
Kevin Willathgamuwa,0
Khagan Ahmad,0
Khumoyun Begmuratov,0
Kingsman132,0
Kiren Vivek Nasta,0
Kirk Ghazarian,0
Kler Çaku,0
Kleyton Lima,0
Koby Kalavannan,0
KobyKalavannan,0
Konstantin Loy,0
Koosha Jaferian,0
Kshatriya Vekhande,0
Kyle Lancman,0
Kyron Griffith,0
LUIS MIGUEL FLORESVILLAR,0
Ladislav Havas,0
Lagmantr,0
Lala Huseynova,0
Laura  Unuk,0
Laurin Jahnz,0
Lav Pajcin,0
Leancy Beatriz Fernandez Bustamante,0
Leandro Krysa,0
Lefong Hua,0
Leo Kalina,0
Leon Livaic,0
Leonardo Loiacono,0
Leonardo Vincenti,0
Leonel Alejandro Amato,0
Leonid Nozdrachev,0
Liam Baruch,0
Liam Putnam,0
Licael Ticona,0
Lily Jeanette Duarte Cramer,0
Linxi Zhu,0
Lisa Schut,0
Lisandro Fernandez Reyes,0
Liudmyla Ivanytska,0
Logan Clark Shafer,0
Lorenz Beyer,0
Loris Tavernier,0
Louis Vallée,0
Luca Albertini,0
Luca Ballotti,0
Luca Varriale,0
Lucas Cumpe,0
Lucas Foerster-Yialamas,0
Lucas Liascovich,0
Lucas Ranaldi,0
Ludvig Carlsson,0
Luis German Salazar Farias,0
Lázár Mátyássy,0
MF Pablo Alexander Ruiz Aguilar,0
Madhvendra Pratap Sharma,0
Mads Vestby-Ellingsen,0
Magdalena Łysiak-Półtorak,0
Mahmoud Alhadad,0
Maka Purtseladze,0
Makhsum Bozorov,0
Maksim Ivannikov,0
Maksim Zhukov,0
Maksym Goroshkov,0
Malko Martel Bruniaux,0
Malyi Viacheslav,0
Mamedov Edgar,0
Manuel Petrosyan,0
Marc LLari,0
Marc Sanchez Ibern,0
Marcel Petersen,0
Marcell Szabo,0
Marcin Krzyżanowski,0
Marckens Jean Louis,0
Marco Corvi,0
Marco Riehle,0
Marcos Vinicius Torsani,0
Marcus Harvey,0
Marek Karas,0
Marek Miča,0
Marek Zakrzewski,0
Maria Florencia Fernández,0
Maria Teresa Jimenez Salas,0
Marianna Grineva,0
Mariia Dolinskaya,0
Mario Alexis Arias Gaviria,0
Mario Hofstadler,0
Mariya Nosacheva,0
Mark Liubarov,0
Mark Plotkin,0
Mark Smirnov,0
Mark Timmermans,0
Marko Srebrnic,0
Markus Ragger,0
Marta Elena Jimenez Carrazoni,0
Martin Hollan,0
Martin Mena,0
Martin Oksendal,0
Marvin Guevara,0
Mary Kiseljova,0
Master,0
Mate Ther,0
Mateu Boci,0
Mathias Casalaspro,0
Mathieu Ternault,0
Matvii Bilochenko,0
Maveric Mayta Aiza,0
Max Chen,0
Maxim Lugovskoy,0
Maximilian Mostbauer,0
Maximiliano Donoso Aguirre,0
Maximiliano Rossi,0
Maya Porozhnyak,0
Mayank Chakraborty,0
Md Bashiq Imrose,0
Mees van Osch,0
Megan Althea Paragua,0
Mehran Azamikia,0
Melih Kaan Can,0
Michael Concio Jr.,0
Michael Kotyk,0
Michal Koziorowicz,0
Michel Coto,0
Miguel Bestard Borras,0
Mihail Rodin,0
Mihailo Vujic,0
Mihnea Costachi,0
Mikayel Manvelyan,0
Mikayel Mkrtchyan,0
Mike Zaloznyy,0
Mikelis Vingris,0
Mikhail Bryakin,0
Milan Dobrijevic,0
MillyNeuf,0
Mina Wael Sabry,0
Miragha Aghayev,0
Mircea-Emilian Parligras,0
Mire Deniz Doğan,0
Miroslav Baturin-Vinogradov,0
Miroslav Simonovic,0
Mobina Alinasab,0
Mohammad Mahdi Alizadeh,0
Mohammad Mehdi Abbasi Abeluie,0
Mohammed Seder,0
Moiphatlakanyi,0
Moisés Antonio Castro Silva,0
Monserrat Morales F.,0
Moritz Gressmann,0
Moulaye Brahim Hemam,0
Muhammed Shuaau,0
Mukhammadali Abdurakhmonov,0
Munkhzul Turmunkh,0
Myhajlo Pliukha,0
Mykhailo Shinkarev,0
Mykola Bortnyk,0
Nahun Gavarrete,0
Nancy Flores Mirabal,0
Nandhidhaa PV,0
Nanditha V,0
Narek Ghimoyan,0
Natalie Wisniowski,0
Nataliya Buksa,0
Nathaniel Mullodzhanov,0
Natã Gonçalves,0
Nazar Sokhor,0
Nderim Saraci,0
Nebojsa Ristic,0
Nehir Tokat,0
"Nelson M, Ii Lopez",0
Nguyen Quang Anh,0
Nhung Hong Nguyen,0
Niccolò Casadio,0
Nicholas Figorito,0
Nicholas Ilic,0
Nicholas Ladan,0
Nico Stelmaszyk,0
Nicola Altini,0
Nicolai Maxime Østensen,0
Nicolas Kulik,0
Nicolas Perossa,0
Nikhil Dixit,0
Nikita Khoroshev,0
Nikita Kraiouchkine,0
Niklesha Tharushi,0
Nikolay Maevskiy,0
Nikolay Milchev,0
Nikolay Plamenov Yordanov,0
Nikoloz Petriashvili,0
Nikolozi Kacharava,0
Nils Richter,0
Nimay Agrawal,0
Nisim Iliaguev,0
Noah Thomforde-Toates,0
Noam Vitenberg,0
Ochirbat Lkhagvajamts,0
Oda Kofoed Skramstad,0
Okan Bulgurlu,0
Oleg Artemenko,0
Oleg Badmatsyrenov,0
Oleg Gamayev,0
Oleg Ivanov,0
OlegKrivonosov,0
Oleksandr Kuzhilniy,0
Oleksandr Shymanskyi,0
Oleksandr Vasynda,0
Olexiy Bilych,0
Olga Kuznetsova,0
Olivier Kenta,0
Omar Garcia Blanco,0
Omer Akkara,0
Omran Alhosani,0
Ondrej Toman,0
Ori Taichman,0
Oscar Ardila,0
Pablo Albores,0
Pablo Cruz Lledo,0
Papp Petra,0
Paris Prestia,0
Pariston Hill,0
Patrick Gelbenegger,0
Patrik Aalto,0
Patrik Stevik,0
Patryk Brozynski,0
Patryk Mrozowski,0
Pau Marin Ferragut,0
Paulius Meskenas,0
Paulo Bersamina,0
Paulo Fanha,0
Pavel Miroshnichenko,0
Pavel Salman,0
Pawel‚ Dudzinski,0
Pedro Espinosa,0
Pedro Martinez,0
Peter Lizak,0
Peter Prohaszka,0
Petr Hollan,0
Petr Palachev,0
Phriex,0
Pier Luigi Basso,0
Piotr Brzezina,0
Plamen Stefanov,0
Polina Shuvalova,0
Prachiti Chandratreya,0
Pranav Senthilkumar,0
Praveen Balakrishnan,0
Premnath Ramanathan,0
PrinceMurad09,0
Priyansh Garg,0
Przemyslaw Liwak,0
Punin Andrii,0
Qingyu Yuan,0
Radmila Kovacevic,0
Rafael Ventura dos Santos,0
Rafail Antoniou,0
Rahul Mynala,0
Rakshitta Ravi,0
Ralph Federick Tan,0
Ramil Faizrakhmanov,0
Ramyres Santana Coelho,0
Raphael Alonso,0
Raphael Felix,0
Raphael Kracht,0
Rasmus Skytte,0
Raymond Gao,0
Remy Rushbrooke,0
Ribeiro Domingues Ribeiro,0
Richard Stalmach,0
Richard Tuhrim,0
Rishabh Chandrashekhar Gokhale,0
Riza Bregu,0
Robby Kevlishvili,0
Robert Akopian,0
Robert Hovhannisyan,0
Robert Kula,0
Robert Piliposyan,0
Robert Safin,0
Robert Sava,0
Roberto Florin Neagu,0
Roberto Gimeno,0
Roc Boix Redorta,0
Rodrigo Román,0
Roee Zemach,0
Roel Hamblok,0
Rohit S,0
Roman Dehtiarov,0
Roman Kowalysko,0
Roman Leinov,0
Roman Pyrih,0
Roman Rychkov,0
Roman Yanchenko,0
Ronak Hiwale,0
Rose Atwell,0
Rostyslav Malynovskyi,0
Roy Vagman,0
Ruben Fernandez Lopez,0
Rushan Bogaudinov,0
Ruslan Kavyev,0
Ruslan Musalov,0
Rustam Rustamov,0
Rustem Gorbenko,0
Ruzgar Odabasi,0
Ryan Young,0
Ryo Chen,0
S.L. Narayanan,0
Samuel Fieberg,0
Samuel Zenelaj,0
Sandeep Sethuraman,0
Santiago Lopez Rayo,0
Sargis Manukyan,0
Sarp Sahin,0
Sarthak Gattani,0
Sasvatha A,0
Sathvik Adiga,0
Sauat Nurgaliyev,0
Sauli Titta,0
Savva Vetokhin,0
Sebastian  Zsombor Peczely,0
Sebastian Angulo Perez,0
Sebastian Półtorak,0
Sebastian Schnell,0
Sebastian Suarez,0
Sebastien Azar,0
Semyon Puzyrevsky,0
Senthil Maran,0
Serafym Oliinyk,0
Serdar Murat Yildiz,0
Sergey And. Korshunov,0
Sergey Shtyka,0
Sergey Vokarev,0
Seyed Abolfazl Moosavifar,0
Seyed Kian Ghoreishi Amiri,0
Seyed Poormosavi,0
Shahdad Teimouri Yadkuri,0
Shanmukha Meruga,0
Shant Sargsyan,0
Sharapov Evgeny,0
Sharath Radhakrishnan,0
Shelev Oberoi,0
Sherif Khater,0
Shubh Laddha,0
Siddharth Singh,0
Siem van Dael,0
Sihan Tao,0
Simon Lamaze,0
Simon Max Skembris,0
Slobodan Filipovic,0
Snowflake,0
Sounak Bagchi,0
Srihari L R,0
Sriram Krishnakumar,0
Srishti Pandey,0
Stanislav Bukreev,0
Stanley Badacsonyi,0
Stefanos Kazantzoglou,0
Stephan Becking,0
Steven Javier Rojas Salas,0
Steven Zierk,0
Stéphane Bressac,0
Suleyman Suleymanlı,0
Sultai Chyngyz,0
Sultanbeibarys Dumanuly,0
Supratit Banerjee,0
Suresh Harsh,0
Sverre Lye,0
Svyatoslav Korneev Leskova,0
Svyatoslav Lisenkov,0
Swati Mohota,0
Sylvain Carre,0
Sławomir Kurpiewski,0
Sơn Đặng,0
Talu Mircea,0
Tamaz Mgeladze,0
Tangi Migot,0
Taran Idnani,0
TatjanaVasilevich,0
Ted Belanoff,0
Teodor-Cosmin Nedelcu,0
Teodor-Mihnea Voicu,0
Teoman Guney Ersoz,0
Terrence Tang,0
Thandalam Shanmugam Ravi,0
The_risk_taker100,0
Theo Stijve,0
Theodora Koutsogiannopoulou,0
Thien Ngan Nguyen,0
Thomas Morais,0
Thomas Villiers,0
Tien Thanh Thuy Nguyen,0
Tigran Mukhutdinov,0
Tikhonov Viacheslav,0
Tim Grutter,0
Timofey Iljin,0
Timothe Razafindratsima,0
Timur Kocharin,0
Tobias Kölle,0
Tobias Lang Nilsen,0
Tobias Voege,0
Todd Bryant,0
Tomasz Głuszko,0
Tomasz Jaskolka,0
Tori Porat,0
Tristan Breuil,0
TrueCagnusMarlsen,0
Tuffer Guy,0
Tuguldur Soninbayar,0
Tykhon Cherniaiev,0
Tyrhone James Tabernilla,0
Tyron Milare,0
Udith Jayasundara,4
Ufuk Sezen Arat,0
Ughur Ilyasli,0
Uliana Kusakina,0
Umid Aslanov,0
Umut Anil Dogan,0
Vache Hovakimyan,0
Vaclav Finek,0
Vadim D. Berg,0
Vahan Nalbandyan,0
Vaibhav Raut,0
Valentyn Hulka,0
Valerio Carnicelli,0
Valiantsin Yezhel,0
Valter Gyurjinyan,0
Varun Krishnan,0
Vasily Volovich,0
Vedant Nitin Vekhande,0
Velavaa Ragavesh,0
Viacheslav I. Neklyudov,0
Vidar Grahn,0
Vignir Vatnar Stefansson,0
Viktor Skliarov,0
Vilka Sipilä,0
Vince Gergő Turcsányi,0
Vinnie,0
Vinzent Spitzl,0
Virgile Breuil,0
Vitalii Gryshko,0
Vitor Ferreira,0
Vitus Bondo Medhus,0
Vlada Sviridova,0
Vladimir Bilic,0
Vladimir Danilov,0
Vladimir Shahinyan,0
Vladimir Zakhartsov,0
Vladimir Zemerov,0
Vladislav Chizhikov,0
Vladislav Nevednichy,0
Vladislav Sheremetev,0
Vladislav Voitovich,0
Volodya Torosyan,0
Volodymyr Vusatiuk,0
Volodymyr Yaniuk,0
Vsevolod Rytenko,0
Vuk Djordjevic,0
Vyom Malhotra,0
Walter Cuevas Araya,0
Ward Al-Tarboush,0
William Ferreira Da Cruz,0
Witold Klepek,0
Wizard_of_Odds,0
Wojciech Przybylski,0
Wojciech Śmieszek,0
Wouter Terlouw,0
Xiao Cheng,0
Xiao Tong,0
Yankı TAŞPINAR,0
Yevhenii Yelisieiev,0
Yevheniia Toroptseva,0
Yihan Meng,0
Yulia Efremova,0
Yuri Zhizmer,0
Yurii Khodko,0
Yury Piskov,0
Yuxu Zhou,0
Zachary Calderon,0
Zaidan Zulkipli,0
Zaim Marian,0
Zane Nasir,0
Zayne-Eddine El Zein,0
Zenia Corrales Jiménez,0
Zephyr5000,0
Zmiyevik2200,0
Zoran Jovanovic,0
Zsolt Korpics,0
Zuzanna Kaminska,2
Zvonko Stanojoski,0
avinashramesh4,0
caropawn10,0
freshfoodcompany,0
goofypenguin96,0
guillaume philippe,0
hermionegrangermagic,0
infinitegiantkiller,0
jonaszmb,0
kakorrhaphiophobie,0
kamran SHIRAZI,0
letsgoband,0
mattcolins2025,0
paradise10,0
realmadridtv,0
serena-maria,0
shakked tifferet,0
thisunaa,0
username9325890235,0
x-0380506783,0
x-2689883172,0
x-5318413958,0
x-5963514717,0
x-7526947335,0
x-7648210036,0
x-9616587394,0
yaguigor,0
Óscar Salgado López,0
İlhan Serhat Salman,0
Štěpán Hrbek,0
Алексей Терзи,0
Варвара Полякова,0
Гор Глиджян,0
Григорий Гусаров,0
Гульдона Каримова,0
Данила Павлов,0
Дарья Трапезникова,0
Денис Денисенко,0
Дмитрий Мазанченко,0
Егор Здоров,0
Иван Бабиков,0
Игорь Князев,0
Максим Матюнин,0
Микола Боднар,0
Михаил Экдышман,0
Николай Оглоблин,0
Предраг Радибратовић,0
Рамиль Хасангатин,0
Сергей Ярый,0
Темирлан Балтабаев,0
Феликс Тульчинский,0
1d51-0,4
Abilmansur Abdilkhair,0
Adrián Villuendas Valero,0
Akinleye Akinseye,3
Alejandro José Iraeta,4
Alejandro Torrente,3
Alessandro Della Corte,4
Alexander Riazantsev,0
Alexey Evdokimov,3
Alfonso Llorente Zaro,0
Alibek Ishbaev,3
Anish Gandhi,3
Ansumana Kamara,2
Antonios Kalogridis,0
Armin Kekic,0
Arvind Jayaraman,4
Aryan Achuthan,4
Avigdor Bykhovsky,4
Bogusz Piliczewski,3
CAMPO ELIAS GUZMAN,4
Can Alp Cansun,0
Carlos Souza,3
Chris Duncan,0
Christiansen Sava,4
Claudius Gottstein,4
Clément Rabineau,3
Daniel Taboas Rodriguez,4
Daniel Yoshito Ikejiri,4
Darvi Abraham Crispin Ferreras,4
Dhulipalla Bala Chandra Prasad,4
Dmitry Kryakvin,4
Ekaterina Smirnova,0
Emilio Hernandez,2
Enrico Vianello,4
Fernando Arauz Alonso,4
Flavio Wisniacki,4
Hamad Alblooshi,4
Igor Vujačić,4
Jesus Alberto Molina Sumoza,3
Jim Blackwood,4
José Martínez,0
Julien Sohier,2
Kate Nikanova,2
Leandro Alvarez,3
Leonardo Estevez,3
Liwia Jarocka,4
Luis Galego,3
Marco Baldauf,3
Mario Andres Fernández Sánchez,4
Mateus Felizardo Viageiro Alice,3
Matthew Bailey,0
Michael Fernandez,4
Michael Lei Wang,4
Monika Rozman,4
Natacha Benmesbah,3
Nicolas Cogan,3
Obolenskikh Dmitry,0
Omer Reshef,2
Pedro Seixas,3
Polina A Smirnova,4
Radisa D Nikolic,4
Ras Malaku Lorne,0
Ritvars Reimanis,4
Rodrigo Cesar Cagliumi,3
Sergi Obon Temprano,0
Svetlana Vifleemskaia,4
Swayams Mishra,0
Tabaré Bustelo,3
Vicente Cano Giménez,4
Victor Fernández Barrera,4
Vijayalakshmi Subbaraman,3
Villarreal Agustin,0
Vitaly Kunin,3
Vladimir Bychkov,3
Vladislav Efremov,3
Wanderlei Lukachewski Junior,4
Warsia Khusbu,3
Wilfredo Sariego Figueredo,3
Yaacov Norowitz,0
Yanira Vigoa Apecheche,3
Yuri Korsunsky,3
arjwezhrtdrz,4
kenneth odeh,3
nobodyperfect13,4
timator,4
x-4335209008,4
Максим Щекачихин,4
1g41-0,3
2good4u734,3
Aakanksha Hagawane,3
Aaradhya Das,3
Afonso Rodrigues,3
Agustin Fuentes,3
Ahn Hongjin,2
Aiaru Altynbek,2
Aisha Zakirova,3
Akshaya Kalaiyalahan,3
Alain Fayard,3
Alan Morris-Suzuki,3
Alan Zhang,3
Aleexeey Sueetin,3
Alejandro Chinchilla,3
Alejandro Pacheco,3
Aleksandr Ivanov,3
Alex Krstulovic,2
Alexander Chernyavsky,3
Alexander Gelman,3
Alexander Khripachenko,3
Alexandra Alieva,3
Alexandra Prado,3
Alexey Kornyukov,3
Alfonso Lopez,3
Algol Jorajuria,3
Ali Alper Celik,3
Alina Kashlinskaya,3
Alma Jaqueline Mora Velasco,3
Almas Rakhmatullaev,2
Alopekos,3
Altay Eynullayev,3
Alvar Alonso Rosell,3
Alvaro Donatti,3
Amelia Hernandez,3
Ameyalli Avila Fraire,3
Amina Kairbekova,2
Anahi Ortiz Verdezoto,3
Anastasia Travkina,2
Anastasya Paramzina,3
Anatoliy Emeliantsev,3
Anatoly Moskvin,2
AndreGVH,3
Andreas Brenke,3
Andres Elias May Sanchez,3
Andres Ferriz Barrios,2
Andrew Green,3
Andriy Prydun,3
Andrés Delgado,3
Aniruddha Deshpande,3
Ankush Khandelwal,3
Ann Lindsay Chumpitaz Carbajal,3
Anna Kantane,3
Anna Styazhkina,2
Anthony Hughes,3
Antoine Bournel,3
Anton Barash,3
Anton Korobov,3
Antonio Distaso,3
Apolo de Souza Sá,2
Ardelean George-Catalin,3
Arghyadip Das,3
Arif Rahman Saragih,3
Arina Kiseleva,3
Arkady Gitelson,3
Armin Farmani Anosheh,3
Aron Pasti,3
Arsal Gardezi,3
Artem Chernobay,3
Arthur De Winter,3
Arthur Olinto de Souza,3
Artjoms Tolmacevs,3
Artyom Zubritskiy,3
Atilla Eynullayev,3
Augustin Droin,2
Avery Yu,3
Ayaulym Kaldarova,3
Aydin Suleymanli,2
Aziz Degenbaev,2
BabyAnton,3
Bahman Kargosha,3
Baira Kovanova,3
Batbaatar Yuruultei,3
Batyrkhan Muratov,3
Beatriz Frattini,3
Beloslava Krasteva,3
Bence Papp,3
Benedikt Huber,3
Bjorn Andersson,2
Blažo Kalezić,2
Boris Ferrufino,3
Brahian Diaz Herquinio,3
Brett Passen,3
Byambaa Uyanga,3
Calin Gheorghiu,3
Carlos Alberto Martinez Molina,3
Carlos David Gomez,3
Carlos Morales,3
Carlos Sandoval Mercado,3
Christopher Chabris,3
Christopher Pace,3
Clemens Rietze,2
Clement Cristian Daianu,3
Cornelis Klaver,3
Cyrielle Monpeurt,3
Cécile Haussernot,2
D D L N Dandeniya,2
Daniel Mieles Palau,3
Daniel Pacheco,3
Danielian Elina,2
Darko Dimitrijevic,3
David Ale Hernandez Santos,3
David Alexandru,3
David Gertler,3
David Hernandez,3
David Ottosen,3
David Riemay,3
Dawid Czerw,3
Dejan Jakovljevic,3
Deniel Safarov,2
Denis Garrido,3
Deniz Arman,2
Deysi Cori,4
Dhananjay S,3
Diajeng Theresa Singgih,3
Diego Calens,3
Diego Mariano Belmonte,3
Dion Su,3
Dmitrij Kazmin,3
Dmitriy Bocharov,3
Dmitry Bagrationi,2
Dmitry Gordievsky,3
Dmitry Lavrik,3
Dragan Zivic,3
Ebru Kaplan,3
Eden Diano,3
Edmund C Player,3
Eduard Ashiev,3
Eduardo DaMatta,3
Efstathios Gazis,3
Elbert Fang,3
Eldar Gasanov,3
Eleni Pica,3
Eline Roebers,2
Elisa Cassi,3
Elizabeth Toro Castañeda,3
Ellen Kakulidis,3
Elzbieta Vine,3
Emmanuel Jiménez García,3
Enis Zuferi,3
Enkhrii Enkh-Amgalan,3
Enrique Butti,3
Enrique Osuna Vega,3
Enrique Álvarez Fernández,3
Erik Blomqvist,3
Ernur Amangeldy,3
Eugene Yanayt,3
Evgeniy Najer,3
Evgeny Romanov,3
Farid Mustafayev,3
Ferzan Azizoglu,3
Florian Fuchs,2
Francisco Miguel Terron Elena,3
Franck Steenbekkers,3
Franco Rodrigo Quiroz Alva,3
GABRIEL SCHOENFELD,3
GO A HEAD,3
Gabriel Carckeno Do Carmo,3
Gabriela Antova,3
Gara Balajaev,3
Garrett Smith,3
Garry Anatholy Hernandez Ojeda,3
Gary Ng,3
George Danzer,3
Gerald Loew,3
Giovanni Carreto,3
Guido Caprio,3
Guilherme Andrade,3
Guillaume Lamard,3
Guillermo Vazquez,3
Gukesh D,3
Gulenay Aydin,2
Gunay Mammadzada,3
Halldor Gretar Einarsson,3
Halsagar Chincholimath,3
Harshal Shahi,3
Helmut Hürter,3
Henry Roger Lopez,3
Hernan Ramon Filgueira,3
Hristos Marinakis,3
Hugo ten Hertog,3
Humberto L. Blanco Ronquillo,3
Ido Gorshtein,4
Ignacio Gago,3
Igor Vershinin,3
Ilan Vardi,3
Ilia Fofanov,3
Ilimbek Esenbek Uulu,3
In Hei Henry Ho,3
Ind1anStar-inactive,3
Irene Sukandar,3
Isaac Wiebe,3
Italo Romero,3
Iulian-Ioan Taras,3
Ivan Andrade,3
Ivan Excender Soriano Quispe,3
Iyán González Guedes,3
J,3
Jaan Ehlvest,3
Jacob Dreelinck,2
Jacques Blit,2
Jahangir Nifdaliyev,3
Jaime Rodriguez Santiago,3
Jakub Suder,3
James Altucher,3
James Marshall,3
Jan Enrique Zepeda,3
Jan Petr,3
Javier Antonio Contreras Torres,3
Jeff Quirke,3
Jere Lindholm,3
Jesus Daniel Diaz Guerrero,2
Jesús Manuel Vargas Pereda,3
Jevgenija Leveikina,3
Jinela de la Caridad Rodríguez Rivero,2
Jiri Stocek,3
Joao Avalos,3
Joaquin Castro Castro,3
John Funderburg,3
John Merriman,3
Johnathan Bakalchuk,3
Jonathan Bodemar,3
Jonathan Subervi,3
Jonny Cueto,3
Jose Felix Calvo Gonzalez,3
Joseph Zeltsan,3
José Remolar,3
JozefKneht,3
Juan Alejandro Gutiérrez Carmona,3
Juan Alejandro Núñez Hirales,3
Julia Elizabeth Sloan,3
Julio Benedetti,3
Justin Blackman,3
Justin Sarkar,3
K K Dinujaya Kodithuwakku,3
Kaiser Luiz Mafra,3
Kaiyu Ning,3
Kamil Szadkowski,3
Kamila Hryshchenko,2
Kazim Gulamali,3
Kelsey Liu,3
Ketevan Arakhamia-Grant,3
Khalil Mousavi,2
Kim Nygren,2
Kinga Polak,3
Kirill Shoshin,3
Konstantin Semianiuk,3
Koorosh Bahmani,3
Krishna CRG,3
Krzysztof Jakubowski,3
Lakshmi C,3
Lam Binh Nguyen Huynh,3
Larisa Kalinina,3
Laurenz Borrmann,3
Lazaro Pino,3
Leandro Fabricio Campelo,3
Lee Qing Aun,2
Lenka Ptacnikova,3
Leonardo Duarte,3
Lili Tóth,3
Lilia Fuentes,3
Lorelei Cornelisse,2
Luca Ernst,3
Lucas Aguiar Cunha,3
Lucas Aparecido Oliveira Dos Santos,3
Luciano de Souza Zallio,2
Luis Fernández Siles,3
Luis Guillermo Antúnez Soler,3
Luis Manuel Perez Rodriguez,3
Lukas Cernousek,3
Luke Miller,3
Luuk van Kooten,3
M. S. Thejkumar,3
MIJuanReyesRosa,3
Madara Golsta,3
Malik Curriah,3
Manfred Brod,3
Manu David,3
Marc Lonoff,3
Marcel Wildi,3
Marcin Molenda,3
Maria Angelica Carrillo Marval,3
Maria Komiagina,2
Mariam Janiashvili,3
Mariana Silva,3
Marina Korneva,3
Mario Ferro,3
Mario Sibilio,3
Marius Deuer,3
Marius Nicula,3
Mark Berkovich,3
Mark Josse,3
Martin Bitelmajer,3
Martin Chlpík,3
Martin Portero Rubio,3
Maryna Petrenko,3
Matei Acsinte,3
Matheus Santos,3
Matt Herman,3
Matthew Clarke,3
Matthew Guo Diao,3
Matthew Wofford,3
Matthia Bach,3
Matthias Mattenberger,3
Matías Ianovsky,3
Max Farberov,2
Max Gedajlovic,2
Maxim Rodshtein,3
Md Imran,3
Michael Ocido,3
Michal Fiedorek,3
Michal Redzisz,3
Michel Saucey,3
"Michelle Catherina, P",3
Mikołaj Gbiorczyk,3
Milad Khodabandeh,3
Milagros Brizzi,3
Milena Vujcic,3
Minh Tran Tuan,3
Mirac Melih Topuz,2
Miroslav Žufić,3
Mohamed Nouali,2
Mohamed Tissir,3
Monika Marcińczyk,3
Mounika Akshaya Bommini,3
Mrudul Dehankar,3
Mubassar Uddin,3
Nabí Isaías Pérez Torres,3
Nadezhda Kostina,3
Nasrin Babayeva,3
Nate Solon,3
Nayaka Budhidharma,3
Neelotpal Das,3
Neil Doknjas,3
Nelli Aleksanyan Cadir,3
Nelson III Mariano,3
Nesa Modric,3
Nick Maatman,3
Nikhil M,3
Nikita Klepikov,3
Nikita Kuznecovs,2
Nimmy A. George,3
Nitin Senthilvel,3
Nurgazy Zheenbekov,3
Nusrat Jahan Alo,3
Ognjen Matko,3
Olaf Michalski,3
Oleg Karpeshov,3
Oleksandr Prokhorov,3
Oleksandr Yevchenko,3
Oliver Stork,2
Or Bronstein,3
Oriana Isabel Aponte,3
Osiel Alberto Alonso Orta,3
Pankaj Joshi,3
Pantata007,3
Pappu Murthy,3
Parva Behzad Nazif,3
Paul Burke,3
Paul G M Lam,3
Pavel Skatchkov,3
Peter Carroll,3
Petr Matyukov,3
Piotr Lopusiewicz,3
Pranav Sairam,3
Qianyun Gong,2
Quiet_Desperation,3
RICHARD POLACZEK,3
Radoslaw Szczepanek,3
Rafael Ienasoaie,3
Rafael Muniz,3
Rafal Buraczewski,3
Rafał Lewandowski,3
Randal Ferguson,3
Ranindu Dilshan Liyanage,3
Rastko Svicevic,3
Rathanvel VS,3
Rathnakaran Kantholi,2
Raymond Kaufman,3
Rebeca Jiménez Fernández,3
Rebecca Selkirk,3
Reefat Bin Sattar,3
Reinaldo Vera,3
Rene Humberto Perera Alfonso,3
Rene' Phillips,3
Ricando Smith,3
Ricardo Maruchi Desideri,3
Rinoa Mariel Sadey,3
Robert Rabiega,3
Robert Tustanowski,2
Roberto Garcia Pantoja,2
Roberto Martin del Campo,3
Rodrigo Mendoza Acuna,3
Rodrigo da Silva Borges,3
Roman Goldin,3
Roman Kezin,3
Roman Oganisian,3
Ronan Cunha Freitas,3
Ronen Har-Zvi,3
Rubens Gazineu,3
Ruby Tamono,3
Ruslan Kashtanov,3
S R,3
Sabreen Oraby,2
Sabrina Vega,3
Sachi Jain,3
Safin Benyahia,3
Sahaj Grover,2
Salomeja Zaksaite,3
Sam B Martin,3
Sam Copeland,3
Sambit Panda,3
Samiha Sharmin Shimmi,3
Samson Benen,3
Samuel Heymann,3
Sankalan Shah,3
Sankalp Kukreja,3
Sasa Pantelic,3
Sebasti&aacute;n Mar&iacute;n,3
Sergei Ljukin,3
Sergey Kharitonov,3
Sergey Rodchenkov,3
Sethuraman S.P,3
Setu Madhav Yellumahanthi,3
Shaashwath Sivakumar,3
Sharvesh Deviprasath,3
Shawn Martinez,3
Shiyam Thavandiran,3
Sho Glashausser,3
Shubhi Gupta,3
Shyam Gandhi,2
Sibo (Ricky) Wu,3
Siddharth Arun,3
Simone Pozzari,3
Siva Mahadevan,3
Skye Attieh,3
Snehal Bhosale,3
Sofiia Hryzlova,2
Soltan Muradov,3
Sophie Nikoladze,3
Soumya Swaminathan,3
Sriram Sarja,3
Stanislav Tsyhanchuk,2
Stelios Halkias,3
Stepan Osinovsky,3
Stepan Papacek,3
Stephen Capp,2
Stephen Willy,2
Sultana sharmin Shirin,3
Sylvain Lorans,3
Sylvain Ravot,3
Talaibek Osmonbekov,3
Tamas-Kristof Balla,3
Tannaz Azali,3
Tatev Abrahamyan,3
Teimour Radjabov,3
Tejaswini Ganesan,3
Thanh Nghia Nguyen,3
TheCairnTerrier,3
Thomas Kung,3
Thorbjørn Bromann,3
Tiago Carvalho Mangialardo,3
Tiago Cunha Navarro,3
Timur Gareyev,3
Tobias Rizzo,3
Tommi Luukkonen,3
Tran Nam Giang,3
Trickster_fam,3
Triin Narva,3
Turkan Mamedjarova,3
Valentina Gunina,3
Valeria Viana,3
Valerie Ruchinskaya,3
Valery Skatchkov,3
Vandan Alankar Sawai,2
Vanek_Runets,2
Vasile Carafizi,3
Vedant Rupeshbhai Varasada,3
Vedat Ali AKSU,3
Vedic Panda,3
Viacheslav Rozhkov,3
Victor Trushelyov,3
Viktor Dmitrenko,3
Viktor Komliakov,2
Viktor Neustroev,3
Viktor Poddubnyi,3
Viktoriya Loskutova,3
Vincent Rothuis,3
Vishnu Prasanna,3
Vittorio Cinà,3
Vlad-Cristian Jianu,3
Vladimír Bochnička,3
Vladyslav Fishchuk,2
Vladyslav Lukiianchuk,3
Volen Dyulgerov,2
Vrashank Chouhan,3
Wagner da Silva Borges,3
Willi Skibbe,3
Wilsaida Diaz,3
Yahya Chelly,3
Yerlan Tleukhanov,3
Yidong Chen,3
Yilin Li,3
Yuliya Khegay,3
Zarikovs1999,3
Zeinep Sultanbek,3
Zhamsaran Tsydypov,3
Zlatko Lisjak,3
anon569,3
ataberk eren,1
beautroll,2
boris abrashkin,3
delphin11,3
dragonkiller15,3
harvsp123,3
melissa_guez,3
sau6on,3
scandalgod,3
sebas sanchez,3
tymon czernek,2
Çiğdem Onur,3
Алексей Владимирович Комиссаров,3
Алёна Гармаш,3
Варвара Саулина,2
Даниил Постников,3
Даши Дамбаев,3
Егор Яковлев,3
Илья Чеклецов,4
Никита Довбня,3
Aadit Bhatia,0
Aakaash Meduri,0
Aaravamudhan Balaji,0
Aaron Noah Koellner,0
Adriana Sermukhamedovа,0
Ajay Santhosh Parvathareddy,4
Alejandro Adrián Riline Orso,0
Alejandro Garcia Garcia,4
Alex Chua,4
Alex Fier,0
Alexander Tretiakov,0
Alexandr Kostiukov,4
Alexandra Botez,0
Alexandra Obolentseva,0
Alexei Gubajdullin,0
Alexei Saveliev,0
Alexey Radchenko,0
Alikhan Daulet,0
Alimzhan Zhauynbay,0
Alisher Abdsattar,0
Amir Hossein Doroodgar,4
Anderson Esmeraldas,0
Andrej,2
Andrej Sukovic,0
Anita Gronnestad,4
Anuar Tureshbayev,0
Artem Galaktionov,0
Artem Padalka,4
Artiom Stribuk,0
Arun Kataria,0
Asylbek Abdyjapar,0
Atanas Dimitrov,4
Batbold Nyamsuren,4
Benjamin Bujisho,0
Catur Adi Sagita,0
Cayden Yang,2
Chelsie Monica Ignesias Sihite,0
Christopher Garzón Zapatanga,0
Coachpoker,0
Dale Haukenfrers,0
Damir Majer,0
Daniel Rangel,0
Davide Cappai,0
Diana Omurbekova,0
Djuro Skaric,0
Dmitry Fomkin,0
Eduardo Peralta,0
Enzo Leto,4
Eytan Rozen,0
Felix Ynojosa,0
Floryan Eugene,0
Francisco Fiorito,0
Gabriel Gähwiler,0
Gastón Martin,0
GracefulYear,0
Hamidreza Ebrahimi Herab,0
Hector Jose Linares Orellana,0
Hong Jun Lai,0
Ilay Zakin,0
Inga Charkhalashvili,4
Ivan Paquico Rodriguez,0
Ivan Tisma,4
Jan Helmer,0
Joao Batista Dias,0
John Derek Heinichen,2
Jonathan Yedidia,0
Juan Luis Pertiñez,0
Julian Antonio Rojas Alarcon,0
Juliana Figueira Theophilo Silva,4
Kacper Ugorek,0
Karsten Schulz,0
Kavyev_Ruslan,4
Kenneth Alexander Grodotzki,0
Keti Tsatsalashvili,0
Kevin Haack,0
Klaudia Kulon,0
Konstantin Nikologorskiy,0
Krzysztof Budrewicz,0
Leonardo Maglioni,0
Levente Miszler,4
Lisa Sickmann,4
Loay Sameer,0
Maciej Świcarz,0
Mahitosh Dey,2
Marc Balague Camps,0
Marco Materia,0
Marcos Lianes,0
Mariam Mkrtchyan,0
Matensien,4
Mateus Costamilan Tomiello,0
Max Weidenhoefer,0
Medina Paz Miguel 1968,0
Mikhail Demidov,4
Mikołaj Nowak,0
Minh Hoang Pham,0
Mirko Sajin,2
Mitra Hejazipour,0
Mouse-Sleep,4
Mummana Venkata Ruthvik,0
Myhaylo Zhukovskyi,0
Narayan Venkatesh,0
Nikola Djukic,0
Oleg Vastrukhin,0
Oleg Yaksin,4
Omid Noroozi,2
Patryk Chylewski,0
Pavel Plotnikov,0
Peter D Suich,4
Péter Bálint,0
Reinis Paikens,4
Roman Mitra,4
Saadat Bashirli,0
Sahana Aravindakshan,0
Samuel Weber,0
Samy Shoker,4
Semen Grebeniuk,0
Sergey Sklokin,0
Sharvaanica A S,0
Shyam Sundar,0
Sricharan Pullela,0
Stanoje Jovic,0
Sweafty,0
Tanraj Sohal,0
Tea Gueci,0
TheMandalorian37,0
Titas Stremavicius,0
Tom Bus,4
Tomas Danada,0
Valeriy Grinev,4
Viacheslav Mikhailov,4
Vidip Kona,0
Vladimir Abrosimov,0
Vojtěch Zwardon,0
Wolfgang Zahn,4
WonderChampion,0
Yoseph Theolifus Taher,0
Zachary Liu,0
Zaur Bayramov,0
Zsoka Gaal,4
anahita zahedifar,0
giftedcreation,2
willc-h99,4
yedael stepak,0
Łukasz Luba,2
2Tilted,4
Abhijeet Gupta,4
Adam Zielonka,4
Adrian Abad,4
Albert Postnikov,4
Alex Goldin,4
Alexander Zubov,4
Alexandra Samaganova,3
Alexey Kolmagorov,4
Alexey Reshetnikov,4
Alvaro Blanco Fernandez,3
Anish Giri,4
Anishka Vikram,4
Anna Khachatryan,4
Antonio Carlos Bambino Filho,4
Armen_ChessMate,4
Bach Ngoc Thuy Duong,3
Bao Nghia Dong,4
Barchinoy Shokirjonova,4
Bastien Dubessay,4
Benjamin Gledura,4
Caio Poeta,3
Carlo Pauly,3
Carlos Andres Perdomo,4
Cephas Clinton Fomevor,3
Cesar Ugarte,4
Chris Wu,4
Ciorgovean Iustin,4
Claudio Paduano,3
Denis Khismatullin,4
Denis Lazavik,4
Devina Devagharan,0
Diego Garcia,3
Dmitry Gurevich,4
Egehan Yildiz,4
Egor Lashkin,4
Elmar Atakishiyev,4
Elvin Wilson,3
Elvira Berend,4
Emilio Cordova,4
Eric Zhang,3
Erik Golubovic,4
Eugene Hua,4
Florescu Codrut Constantin,4
Garv Gaur,4
Gary Leschinsky,0
Gergana Peycheva,4
Gerson Príncipe,4
Grzegorz Gajewski,3
Guill. Vallin,4
Harsha Bharathakoti,4
Hovik Hayrapetyan,4
Hugo Guillemette,4
Igor Kovalenko,0
Igor Lutz,3
Illia Nyzhnyk,0
Ivan Stankovic,4
Ivan Zemlyanskii,4
Jahandar Azadaliyev,0
Jakob Postlmayer,0
Javier Habans Aguerrea,4
Jia Haoxiang,4
Joshua Christie,4
Josue Araujo Sanchez,3
Julio Alfredo Chiappero,3
Jval Saurin Patel,4
Kasun Wimalasuriya,4
Keith Jeffrey Khumalo,4
Kenneth Solomon,4
Kirill Kozionov,4
Kirill Otdelnov,3
Konstantinos Megalios,4
Leon Luke Mendonca,4
Lev Shangin,3
Linus Olsson,4
Lorand Bela Kis,4
Lovro Novosel,4
Lucas Fonseca Piccoli,3
Luis Alvarez,4
Luiz Alexandre Gomes,4
Luiz Henrique da Silva Bugança,3
Mahammad Muradli,4
Maly Alexey,4
Manolache Marius,0
Manvel Pogosian,4
Margarita Potapova,0
Martin Červený,4
María José Campos,4
Matan Prilleltensky,0
Matyas Marek,4
Maurin Möller,4
MestreSoares,4
Muhittin Büker,3
Murad İbrahimli,4
Mykhaylo Kepeshchuk,4
Nicolas Checa,4
Nika Venskaya,4
Nikolai Kushch,3
Noël Studer,4
Nurai Sovetbekova,4
Olexandr Shevchuk,3
Olga Matveeva,3
Olga Petrukhina,4
Ori Kobo,4
Patrick Aizpurúa,4
Paul Powell,3
Pere Garriga Cazorla,4
Petar Benkovic,4
Pranav Anand,0
Pranav Prem,4
Randi-Ioan Gales,2
Ranesh Ratnesan,3
Read Samadov,4
Roberto Al Avila Bautista,4
Roven Vogel,4
Rudik Makarian,0
Rumen Tashkov,3
RupeshReddyY,3
Salem AR Saleh,4
Sara Moncada Correa,4
Sarocha Chuemsakul,4
Sergey Drygalov,4
Serghei Gostev,4
Sina Movahed,2
Stefan Mladenovic,0
Sudarshan Sriniaiyer,3
Thet Naung,4
Thi Minh Oanh Nguyen,4
Uurtsaikh Agibileg,4
Valentin Nicot,4
Valentina Golubenko,4
Valentyn Prokofiev,4
Vantika Agrawal,4
Vardan Danielian,4
Vasiliy Lyakh,4
Vidit Gujrathi,4
Viktor Berezin,4
Vinicius Rego,4
Vladislav Gontcharov,0
Yago Labussiere,4
Yunier Leyva Rivera,4
Yuriy Kuzubov,0
bait_or_mate,4
esapunov,4
username903258295,4
vesal hamedi nia,4
x-0414717230,4
Владимир Матвеев,4
Никита Майоров,3
Adriano Rodrigues,3
Akeem Brown,3
Aleksander Hnydiuk,3
Alexander Hernandez Jimenez,3
Alexander Oye-Stromberg,3
Alexey Chos,3
Alisher Karimov,3
Alkhoori Eisa Mohmood,3
Anatoly Bykhovsky,3
Angel Aberbach,3
Ankit Gajwa,3
Ante Leon Starcevic,4
Antonio Lopez Del Alamo,3
Antonio Pedro Freixial Vasques,3
Aref Vasli,3
Argimiro Aponte,3
Arnold Mayeregger,3
Artavazd Hayrapetyan,3
Artemy Gogolev,3
Arturs Bernotas,3
Arvinder Preet Singh,3
Asad Rahman,3
Ashok Ramadoss,3
Aung Thant Zin,3
Ayelen Martinez,3
Boris Grbac,3
Bragi Thorfinnsson,3
Brian Jiang,3
Cedomir Micic,3
Chris Baker,3
Chris J Gant,3
Cohen Young,3
Cristian Maidana,3
Daniel Aguiar De Sousa,3
Daniel Orlando Piscicelli,3
Danila Sutormin,3
Danis Kuandykuly,3
Dantelle Joubert,3
Daouda Ethmane,3
David Lariño Nieto,2
David Levine,3
David Temirkanov,3
Denis Popov,3
Denis Trifonov,3
DenizG123,3
Diego Flores Quillas,3
Dmitrij Skurikhin,3
Dominick Orzech,3
Dominik Orzech,3
Edwin Adrian Navia Alvarez,3
Elena Semenova,3
Emilia Dyalog,3
Emilia Zavivaeva,3
Emma,3
Equitable Brown,3
Erez Kupervaser,3
Esat Baglan,3
Everson de Moura Araujo,3
Evgeny Alekseev,3
Farzad Abdi,3
Felipe Lobo,3
Fernando Bolaños Soza,3
Fernando Díaz,3
Flávio Bezerra,3
GUSTAVO MANUEL LARREA LLORCA,3
Gabriel Lenoir,3
Geo Castellanos Hernandez,3
Giovanna Arbunic Castro,3
Girard RAMASINDRAIBE,3
Gisela Roque Sola,3
Hanan Mordechai,3
Harald Schmidt,3
Harold Wanyama,3
Heimo Löbler,3
Henrique Barbosa Veloso,3
Héctor Elissalt Cardenas,3
ILoveMauritania,3
Ignacio Sainz Aguirre,3
Ilya Gruzman,3
In Vau,3
Inge Sandstad Skrondal,3
Irina Krush,3
Isaque Goncalves Santos,3
Ivan Martynenko,3
Jakub Lizak,3
Jason,3
Jeromino Real Pareyra,3
Jeronimo Hernandez Jimenez,3
Jesus Arturo Silva Hernández,3
Jhoel Garcia,3
Joao Otavio Benevides Demasi,3
Johannes Carow,3
Jorge Soto Vega,3
Juan Carlos Mesa Cruz,3
Juan Diego Viasus Cuellar,3
Justin Liang,3
Justin Storm,3
Jáchym Němec,3
Karl-Emil Elmer Nielsen-Refs,3
Kaspar Kappeler,3
Kerry Stead,3
Khayala Abdulla,3
Kibrom Weldegebriel Beraki,3
Krystian Jędryczka,3
Laith Kasib,3
Lamine Brahami,3
Lance Henderson de La Fuente,3
Leonardo Gadelha Da Paz,3
Leslie Carolin Torres Hernandez,3
Lianet Diaz Garcia,3
Luis Manuel Esquivias Quintero,3
Luis Sanguinetti,3
Luke Calhoun,3
Malcolm Pein,3
Marcos Rodriguez Fontecha,3
Marko Fadi,4
Martin Horcajuelo Rocamora,3
Martin Molinaroli,3
Martin Solcan,3
Marya,3
Massinas Djabri,3
Matias Landivar,3
Matyáš Zeman,3
Maziar Bagheri,2
Md Jamal Uddin,3
Md Omar Ak Hafizon Pg,3
Michal Paterek,3
Miguel Angel Cruz Gómez,3
Mikhail Lifanov,3
Mikhail Pesotskiy,1
Milind Maiti,3
Mohamed Ezat,3
Mohsen Gabr,2
Nathaniel Graham,3
Nathaniel Mathurin,3
Nellija Maklakova,3
Nelson Carlos Munoz Misselis,3
Nika Volkov,3
Nikolaos Skiadopoulos,3
Nikolaos Spyropoulos,3
Nomin Radnaev,2
Novendra Priasmoro,3
Omar Molina Mendoza,3
Oskar Ogłaza,3
Panagiotis Hristodoulou,3
Patrascu Catalin,3
Phuong Hanh Luong,3
Poobesh Anand,3
Quentin Fontaine,3
RU_B9,3
Radomir Garic,3
Rafael Miranda,3
Rakesh Kulkarni,3
Ramiro Corona Monraz,3
Ramu Kandi,3
Reegan Palmer,3
Richard Bitoon,2
Roberto Fabregas,3
Roberto Oscar Villabrille,3
Robinson Perez,3
Rochelle Wu,3
Ruther Barredo,3
Rômulo Cardoso,3
Sebastien Joie,3
Sergio Guerrero Olmos,3
Stefan Colijn,3
Stefan Lima,3
Sujana Lohani,3
Tarik Selbes,3
Tatiana Bogumil,3
Tiago Batista Oliveira,3
Tibor Bodi,3
Tomasz Jankowiak,3
Vaibhav Suri,3
Vepaly Halynyazow,3
Vitalii Chaika,3
Vladimir Chernikov,3
Vladimir Grabinsky,3
Volkan Yirik,3
Warre De Waele,3
Xiahan (Luna) Lu,3
Xueyi Li,3
Yair Parkhov,2
Yoel Estarling Polanco Nunez,3
Yuriy Dovzik,3
Zach Bekkedahl,3
Ziya Mammadov,3
Zozek Salah Mohammed Mohammed,3
Zuzanna Siekańska,3
artichaud,3
barte bongo,3
buddika amarasinghe,3
farzad abdi,3
kuanysh1981,3
martinique24,3
mauro vargas,3
parintele_chess,3
x-3704738925,3
x-7554193269,3
x-8649330435,3
zbigniew wieczorek,1
Андрей Хромкин,3
Наталья Зайнуллина,3
Руслан Габдушев,3
Сергей Максутов,3
꧁༺ɖǟɦǟʍɖɨ ֆǟռʊɖʊʟǟ༻꧂,3
4empechement,3
Aditya Varun Gampa,2
Ahmad Asgarizadeh,2
Alder Escobar Forero,3
Aleksandr Devaev,3
Alessia Santeramo,2
AlexZambrano,3
Alexander Motylev,3
Amardeep Bartakke,3
Anastasiya Geller,2
Anastasiya Rakhmangulova,3
Andjela Dimitrijevic,3
Andrew Tang,2
Andrey Esipenko,4
Andrii Palchuk,3
Angel Ruth Nugroho,3
Anna M. Sargsyan,3
Arik Braun,3
Arkadiusz Skawinski,3
Arush Chitre,4
Baadur Jobava,2
Bagyashree Thipsay Sathe,3
Barlo Nadera,3
Bilukhadzh Saidov,3
Bjorn Thorfinnsson,2
Bobur Sattarov,2
Borna Franc,2
Brandon Jiang,2
Bulat Khalikov,2
Carl Magnuson,3
Chess23Wizzard,2
ChessAurochs,3
Christian Braun,3
Christian Jordan,3
Christopher Guzman,0
Cindy Qiao,4
Cirilo Bustamante,2
David Castor,3
David Haydon,0
Davide Podetti,2
Deepan Chakkravarthy,3
Dejan Pikula,3
Denis Pershin,3
Dom1nant1337,3
Dylan Berdayes,3
Eric Hansen,3
Ervin Ozkan,3
Fabian Fichter,3
Fiorella Contreras Huaman,3
Galina Mikheeva,3
Gavin R Lock,3
Germán Della Morte,2
Gerodot71,3
Gevorg Harutjunyan,2
Giannis Kalogeris,2
Gilberto Hernandez Amura,4
Giuseppe Lettieri,3
Gizem Olcayoz,3
Grapsa Grapsa,2
Guilherme de Borba,2
Harmen Jonkman,3
Hector Fiori,3
Hugo Uber Gracia,4
Husain Nakara,3
Ian Eiffel Castillo,3
Igor Miladinovic,2
Igor Musiał,3
Igor Tokuichi Kikuchi Cadilhac,3
InvisibleWarrior2252,3
Irene Xie,3
Irmak Sipahioglu,2
Isabella Lopez Rayo,2
Isuru Alahakoon,3
Iulian Baltag,3
Iulian Sabarez,3
Jacorey Bynum,3
Jan Travesset,3
Jasper Rom,3
Jean Marco Cruz Mendez,3
Jerzy Slaby,2
Joaquin Fiorito,2
Jonathan Hrach,3
Juan Carlos Ricaurte Lopez,3
Judah Nathan Levitan,3
Julian Victor,3
Julius Ohler,3
Justo Reinaldo Chemin,2
Kamil Kozioł,2
Kevin Cupid,3
Kevin Ranidu Silva,3
Kevin Zhong,3
Konstnatin Andreev,2
Kunal M,2
Lamel Mc Bryde,3
Le Thao Nguyen Pham,4
Leon Mazi,3
Leonardo Tristan,2
Lidong Wang,3
Lorner Jesus Acosta Villarroel,3
Lucius Melillo,3
Luis Eusebio Oro,2
Luka Paichadze,2
Ma. Elayza Villa,2
Marcel Beulen,3
Mario Zlico Rivera,3
Martin Brüdigam,3
Martin Fierz,3
Matthias Dann,2
Matías Pérez Gormaz,3
Menandro Redor,3
Mergen Kakabayev,3
Michael Kleinman,3
Mike Sailer,3
Mikhail Mozharov,3
Mikkel Jacobsen,3
Miller Domínguez Rincón,3
Miroslav Gruca,3
Miroslav Vlasenko,2
Nafisa Muminova,2
Natácio Gonçalves Bezerra,3
Neelash Saha,2
Nery Junior José Antônio,3
Newansa M Esandi,3
Nguyen Thi Mai Hung,3
Nikita Vitiugov,3
Niklas Schmider,3
Nikolai Kabanov,2
Olga Babiy,3
Onegust,2
Pierre Villegas,3
Pranav Swaminathan,3
Pranav V,2
Purusottam Chaulagain,2
Qilin Bao,3
Ricardo Kropff,3
Richard Shtivelband,3
Richard Yi,3
Rick Frischmann,2
Rick GC,3
Robert Rieger,3
Rohun Trakru,2
Roman Gavrilin,2
Roman Novoselov,2
Roxangel Obregón,3
Ruslan Gnechko,3
Ryan Hamley,3
S Dharia Parnali,3
Saeed Laily Mohamed,3
Sammed Shete,3
Santiago de Jesus Casares Ugueto,3
Sebastian Bazzano,3
Sebastian Bogner,2
Sergei Mihajlovskij,3
Sergey Karjakin,2
Sergey Nefedov,4
Sergey Slugin,3
Sergi Mingarro Carceller,3
Sherzod Khodjimatov,3
Shiva Kalka,2
Srivastan Karthikeyan,3
Stanisław Żyłka,3
Tansel Turgut,3
TheFutureStar2005,3
Timur Fakhrutdinov,2
Tom Friedel,3
Toms Kantans,2
Tuan Minh Le,4
Uliana Dudkina,2
Ulviyya Fataliyeva,3
Ummi Fisabilillah,3
Uwe Kleibel,2
Uygar Durucay,3
Vasyl Ivanchuk,3
Vladimir Bugayev,3
Vladimir Fedoseev,1
Vladislav Onufrienko,3
Volodar Murzin,3
Wei Xuan Timothy Chan,2
Xeniya Balabayeva,2
Yakubjon Xalmatov,3
Yaroslav Shevchenko,2
Yi Liu,3
Yuniesky Quesada,2
Zhanibek Amanov,2
Zhi Yang Ooi,3
edmund player,3
kadir erden,3
quesfr,2
x-3890803203,2
Алексей Мокшанов,3
Андрей Геннадьевич Ермолаев,2
Андрій Шанковський,2
"Захаров Александр Шахматная школа ""Этюд""",3
Павел Торопов,2
Шубин Кирилл,2
AFRUZA Khamdamova,1
Aaditya Dhingra,1
Aaron Bendayan Claros,1
Adam Kozak,0
Adar TARHAN,2
Adnan Sitnic,1
Ahmad Ahmadzada,1
Ahmed Kandil,1
Alain Prieto Aranguren,1
Alejandro Cosoi Scherzer,1
Aleksa Micic,1
Aleksei Pridorozhni,0
Alex Golding,1
Alexander Katz,2
Alexander Timerkhanov,1
Alexandr A Smirnov,1
Alexandru-Bogdan Banzea,1
Ali Elier,1
Alimzhan Amirkul,1
Alua Nurman,2
Alvaro Bayo,4
Alvaro Rodriguez,4
Angel Gabriel Cordoba Roa,2
Anna-Maja Kazarian,2
Antoni Kozak,0
Antonio Arencibia,1
Arash Tahbaz,1
Artem Dyachuk,1
Artem Omelja,0
Arthur Kruckenhauser,0
Asish Panda,1
Bakhtiyar Nugumanov,3
Boris Itkis,1
Can Baylav,1
Casper Liu,1
Christian Silvestre,1
Christopher Woojin Yoo,1
Cristian Silva Lucena,1
Daniel Garcia Ramos,0
Daniel Lowinger,1
Daniil Plyasunov,0
Danila Poliannikov,0
Daria Zaichenko,2
David Torres Domínguez,2
Denis Makhnev,1
Dinmukhammed Tulendinov,0
Dmitrii Marcziter,1
Dmitry Kirillov,1
Domen Tisaj,1
EREBUNI91,1
Erik Rönkä,2
Fabian Vivas,3
Faustino Oro,2
Felix Rose,1
Francesco Sonis,1
Gennady Kozlov,0
George Stoleriu,1
Giorgio Belli,1
Grigoriy Sharankov,1
Guerau Masague Artero,1
Ilyass Msellek,1
Ivan Martic,1
Jaka Brilej,1
Jakub Luberanski,1
Javier Ruiz Vazquez,1
Jenny Astrid Chirivi Castiblanco,1
Jiri Bouska,1
Joey Grochal,1
Joseph Ryan,1
José Carlos Ibarra Jerez,1
José Francisco Veiga,1
Juan Sebastian Melian,1
Julian Estrada,0
Jun Ying Tan,1
Jung Min Seo,1
József Mátyás Herpai,2
Kalyani Sirin,2
Karina Ambartsumova,4
Katharina Reinecke,1
Kaua Marques Silva,0
Kemel Antonio Gallo García,1
KirAk47,1
Koen Leenhouts,1
Kyle Qiyu Dong,1
Levy Rozman,1
Loic Travadon,1
Lord Adrian Soderstrom,1
Louis Auribault,1
Lucas Costamilan Tomiello,2
Mahel Boyer,1
Maksym Dubnevych,1
Manvel Arakelyan,1
Marco Lantini,1
Margarita Fakhretdinova,1
Mark Dejmek,1
Mark van der Werf,3
Martin Horak,1
Masruri Rahman,1
Matfey Rogov,2
Maxim Novik,1
Medet Dzhaparov,1
Melika Mohammadi,2
Mike Ivanov,1
Mikhail Gusev,1
Miłosz Szpar,2
Mostafa Sakhaei,4
Mukhiddin Madaminov,0
Nadya Toncheva,1
Nazar Firman,2
Nicolò Napoli,2
Nihal Sarin,1
Nitai Leve,2
Nitish Belurkar,1
Nodar Lortkipanidze,2
Nodirbek Abdusattorov,1
Norman Weinstein,1
Nurali Bolashakov,1
Nurgyul Salimova,1
Oleg Terletsky,2
Om Kadam,2
Pablo Salinas Herrera,1
Pablo Zarnicki,1
Paco Rubio Tent,1
Pavel-Alexandru Nastore,3
Piotrek Mickiewicz,1
Prithu Gupta,1
Prraneeth Vuppala,0
Rafael Teixeira,2
Renato Terry,1
Rohan Ahuja,0
Roman Shton,1
Rustam Khusnutdinov,1
Ryan Porter,1
Satbek Akhmedinov,0
Sofia Valente,1
Stanisław Osiecki,1
Tamas Banusz,1
Theodore Slade,0
Thomas Beerdsen,1
Thomas Carroll,1
Thomas Decker,1
Thomas Eggleston,2
Tom Decuigniere,1
Tunahan Makaraci,1
Uriel Vazquez Espino,1
Vahe Danielyan,1
Vasiliy Korchmar,1
Victor Labussiere,1
Viktor Parfenov,1
Visakh NR,4
Vlad Lymar,0
Wilver Vargas Rodriguez,1
Yagiz Kaan Erdogmus,1
Yago De Moura Santiago,1
Zachary Tanenbaum,2
Zurab Javakhadze,3
londonkid,1
malakismayil,1
pawel jaracz,1
starplatinum2030,1
Ágoston Juhász,1
Руслан Пахомов,3
Соловьев Александр,1
AIROPITO7,2
Achyuth Aravindhan,3
Akhilesh Nagare,2
Aleksandar Topalov,3
Aleksandra Maltsevskaya,2
Alex Garrido Outon,2
Ali Mortazavi,4
Amro El Jawich,3
An Nguyen Thi Thanh,3
Andrea Bucci,2
Antonin Ferey,3
Arthur Muromtsev,2
Barış Çınar Şahbudak,3
Beverly Mendoza,3
BobbyFischer1508,3
Bruno Terkiewicz,0
Charles Hua,0
Chess Master,2
Chris Atkeson,2
Cristhian Portal,2
Daniel Abrahams,3
Daniel Beniosev,3
Daniel Ser,3
Daniel Titichoca Daza,3
David Bennett,3
David Schernthaner,4
David Sh. Gevorgyan,2
David Shahinyan,2
Dejan Dinev,2
Derek Zhang,2
Dmitry Maximov,2
Donát Daróczi,3
Ekaterina Miroshnik,2
Erik van den Dikkenberg,2
Filip Luczak,2
Gal Drnovšek,2
Giulia Sala,2
Hanna Wesołowska,2
Harikrishnan A Ra,2
Harilos Karabalis,2
Igor Sorkin,3
Ilia_Jude,2
Ilja Biriukov,3
Imangali Akhilbay,2
Isak Sjoberg,3
Ivo Maris,2
Iwo Karolczuk,2
James Allen,3
Janak Awatramani,2
Jose Antonio Herrera Reyes,4
Juan Manuel Aranda,4
Juan Sebastian,3
Kamaliya Bulatova,3
Karthik Venkataraman,3
Klára Kovács,3
Kuzmicz Krystian,2
Leonardo Liu,3
Leonardo de Miranda Rodrigues,2
Leopold Le Ruyet,2
Levan Pantsulaia,3
Lloyd Rubio,3
Lorenzo Perea Fruet,2
Lucas DI NICOLANTONIO,3
Lucas van Foreest,2
Luis Chan,4
Lukasz Swiatlowski,3
Maria-Alexandra Ciocan,3
Marko Sokac,2
Martin Bezuch,2
Matt Pon,2
Maxi Perez,2
Michal Fudalej,3
Michal Provaznik,3
Michel Bifulco,3
Mikael Helin,2
Mirosław Lewicki,3
Mustafa Berkay Özdöver,2
Noah Kim,2
Os Misael King,3
Owen McCoy,2
Panterov,2
Papp Levente,4
Paulina Cagara,2
Pavel Chernomordik,2
Piotr Brodowski,2
Poompong Wiwatanadate,3
Rafal Szyszylo,2
Robert L. Hess,2
Robert Ramirez,2
Rodrigo Espinoza Villanueva,2
Roxanny Matute,3
Rubén Domingo Núñez,3
Sara Adel,2
Shota Azaladze,2
Sofia Blokhin,2
Sofio Gvetadze,3
Sven Tica,2
Thomas O`Sullivan,3
Vasileios Fragkos,2
Vera Juergens,2
Vince Angelo Medina,0
Vugar Asadli,3
William Jorge Froes Yano,2
Xiaobing Gu,3
Yash Bharadia,2
Yelfry Torres,4
Yulya Pishchal,2
Zhaoqi Liu,3
anushurvan graf,3
bgfbfbgfbgfgf,2
mohamadmiran khademi,2
rajesh nayak,3
redbaron8888,2
Екатерина Кабанова,3
Ислом Синдаров,4
Adham Fawzy,0
Aditya S Samant,0
Alexandr Predke,4
Alexey Tyukhanov,4
Alon Mindlin,4
Angel Eduardo Chahin Godoy,0
Bahadur Khodzhamkuliev,4
Bartosz Sowul,0
Benjamin Walmer,0
ChessPlayer-24,0
Daniel Lopez Gonzalez,4
Daria Yurasova,0
Dariusz Swiercz,0
David Kalashian,0
David Lana,2
Dev Shah,4
Dmitrij Kollars,0
DrKerfuffle,0
Ekaterina Borisova,0
Erdni Urjubdshzirov,0
Euwe1234,0
Farzad Bolourchifard,0
Felix Blohberger,0
FlamingPhoenix123,4
FlySooHigh,0
Frederik Svane,0
Gauri Shankar,0
Georgios Alexandros Kouskoutis,0
German Spata,0
Giga Quparadze,0
Grant Peed,4
Gyula Pap,0
Hamed Wafa,0
Ilja Zaragatski,4
Jan Rubeš,0
Jose Avelino Alvarez Calzadilla,4
Juan Enrique Koch,4
Jurica Srbis,0
Kagan Aydincelebi,4
Kamil Dzida,0
Kamil Plichta,0
Kush Bhagat,4
Laurent Fressinet,0
Leonid Gerzhoy,4
Manuel Asis Campos Rosas,0
Mark L Hebden,0
Masoud Mosadeghpour,0
Matthew Wadsworth,4
Maxime Lagarde,0
Michel Alejandro Diaz Perez,0
Mikayel Rostomyan,0
Milan Jocev,0
Mitch Fishbein,4
Nasir Akylbekov,0
Naveen Jain,4
Nguyen Ngoc Truong Son,0
Nino Batsiashvili,4
Oleksii Nakonechnyi,0
Pablo Diaz Mino,0
Paul Cristian Rusan,0
Pawel Flis,4
Pierre Laurent-Paoli,0
Piotr Sabuk,0
Rashad Zeynalli,0
Roberto Ignacio Alarcon Bahamondez,0
Rudolf Jun,0
SHAPIRO VIKTOR,4
Salih Eke,0
Sandi Stojanovski,4
Sarasadat Khademalsharieh,4
Savitha Shri B,0
Semion Sapocinic,4
Sepehr Golsefidy,0
Sim Maerevoet,0
Taha Ozkan,0
Tania Sachdev,4
ThaKanielOutis,4
Tobias Kügel,0
Viachaslau Zarubitski,0
Vignesh N.R,4
Vladislav Kovalev,2
Vojtěch Plát,0
Yichen Han,0
Zurab Tqebuchava,4
keshka01,4
rolly parondo,0
x-0147207515,0
x-2789446229,4
Adani Clarke,0
Adianet Perez Cruz,0
Aditya Mittal,0
Alain Otero Marino,0
Alikhan Khazhatuly,0
Allahverdi Hamidov,0
Amilal Munkhdalai,0
Amir hosein Kashefi,0
Amirreza Pourramezanali,0
Andrew Hong,0
Ari Brezis,0
Arthur Guo,0
Artom Andriienko,0
Artyom Bogdanov,0
Aslan Aitbayev,0
Bakhtiyar Askarov,0
Bayastan Sydykov,0
Beksultan Moldagali,0
Billy Fellowes,0
Boris Grachev,0
Carlos Axarlian,0
Cristian Adrian Dolezal,0
Cristian Sampaoli,0
Daniel Dardha,0
Diana Preobrazhenskaya,0
Dimo Terziev,0
Erick Zhao,0
Fabiana Gómez,0
Felix Ilinca,0
Gus Huston,0
Hristos Alexiadis,4
Igor Janik,0
Ihor Samunenkov,0
JahandarAzadaliyev,0
John Bartholomew,4
Jorden Van Foreest,0
Joshua Adrian Avila Rodriguez,0
Kacper Klys,0
Karol Kacprzak,0
Luca Silva,0
Luis Enrique Valle Maytin,0
Manh Duc Nguyen,0
Marina Niyazgulova,0
Mauri Lehtosaari,4
Milton Pantzar,0
Miran Oganian,0
Momchil Petkov,0
Mukhammadzokhid Suyarov,0
Munkhgal Gombosuren,0
Musa Zakirov,0
Mykhailo Dorokhin,0
Nico Zwirs,0
Nikita Meshkovs,0
Nitish Nathan,0
Oladapo Adu,2
Olzhas Khamzin,0
Pedro Filipe Rego,0
Phenix2k,0
Piotr Dudzinski,0
Rosh Jain,0
Sahil Tickoo,0
Sjoerd van Roon,0
Tahsin Tajwar Zia,0
Tufan Can Uzuner,4
Ulysse Bottazzi,0
Vedant Panesar,0
Zou Chen,0
hleol,0
x-9960558865,0
Артём Синявский,0
Гурвич Виталий,0
Матфей,0
Adham_Hossam2011,2
Adithya A Chullikkad,3
Ahmad Siar Wahedi,2
Alanna Berikkyzy,2
Alexander Principe,0
Alexander Spichkin,0
Anastasia Bodnaruk,2
Andrii Vachylia,0
Arben Dardha,0
Arshiya Das,2
Ayan Allahverdiyeva,2
Aydin Turgut,0
Bai Adelard,0
Bardiya Daneshvar,0
Bertalan Buzás,0
Bhagyashree Patil,2
Boris Savchenko,0
Bristy Mukherjee,0
Cengiz Hasman,0
Csaba Bognár dr.,2
Daniel Muhammad,0
Davron Sharipov,2
Dejan Tasev,0
Dominique Myers,2
Eduardo Barbosa Mesquita,2
Eduardo Mendez Fortes,0
Ekaterina Fomkina,0
Ernesto Javier Fernandez Guillen,0
Evgeniy Pak,2
Fabian Fiorito,0
Felix Meissner,0
Fernando Valenzuela,2
Fruzsina Szente-Varga,0
Galina Novikova,2
Gulnar Mammadova,0
Harshad S,0
Harshit Ranjan Sahu,0
Hong Ngoc Nguyen,2
Hussain Besou,2
IMinTheWings,2
Ignacio Cavadini,0
Ismael Gimenez,0
Jason Lu,2
Jesús Alberto Coca Cubillos,2
Joel Johnson,2
Juan Sebastian Herrera Betancourt,0
Kenneth Hobson,0
Kevin Pan,0
Kriti Patel,2
Kumaresh A,2
Lancelot von Naso,0
Luisa Bashylina,0
MN Vinicius Saito,0
MYMChessAcademy-inactive,0
Marek Madej,2
Marianta Lampou,4
Michael Klenburg,2
Michał Bartel,0
Michał Kopczyński,2
Mihael Ankerst,0
Mohamed Salem Yahi,2
Nameer Issani,2
Narmin Khalafova,2
Nayem haque,0
Nicholas Paltrinieri,2
Nick F Panico,2
Nita Lucian,0
Novak Čabarkapa,2
Olga Zhuravleva,2
Paweł Kukuła,0
Pranesh M,0
Rafal Zgadzaj,0
Reem Sherman,0
Ritvik Krishnan,2
Rohith Krishna,0
Sarveshwaran V,0
Sherali Pattnaik,2
Shreyas Royal,0
Sully McConnell,0
Sıla Çağlar,2
Taqwa Hamouri,0
Tehni4arce,0
Thomas Bauer,3
Tomáš Vaněk,2
Tyrell Harriott,2
Veronika Shubenkova,2
Xavier Martinez Pla,2
Youhe Huang,2
Yuriy Shtompel,0
Zhansaya Abdumalik,2
c_r_e_e_p_e_r,0
edison ruge,0
luizwas,2
thechesscorner 64,2
Дмитрий Коненкин,2
Иван Ураев,2
Игорь Немцев,0
Эмир Шаршенбеков,0
Alberto Barp,4
Alex Wang,3
Alexander Grischuk,4
Alikhon Avazkhonov,3
Anton Isajevsky,3
Ariel Nicolas Tokman,4
Artin Ashraf,4
Artur Janturin,3
Belka1989,3
Bertalan Szikszai,4
Caio Angelico Silva,3
Cyprian Mulawa,1
César Augusto Blanco Gramajo,3
Dario Alivodic,1
David Howell,1
Domantas Klimciauskas,1
Eduard Kanter,3
Georg Seul,3
Georgios Kanakaris,1
Gerardo Fernandez,3
German Bazeev,4
Grzegorz Nasuta,3
Guillermo Baches Garcia,3
Igor Bjelobrk,4
Ioan Rees,1
Jakub Ocelák,0
Javier Quispe Santacruz,3
Klementy Sychev,2
Leonid Sokolin,3
Luca Suvorov,3
Lukasz Jarmula,3
Maksim Chigaev,4
Marcelo Ripari,1
Marichal Gonzalez,3
Mikhail Golubev,3
Nikolas Koutlas,1
Pablo Barrionuevo,3
Rafael Merino García,3
Ramón Alberto Hernández Fernández,3
Raunak Sadhwani,4
Rinat Jumabayev,4
Robert Hungaski,1
Ronaldo Alonso Moreira,3
Sameer Mujumdar,3
Sergei Iskusnyh,4
Teodora Injac,4
The_filthy,1
Tomas Kraus,3
Vedant Goswami,3
Velimir Ivic,2
Vinicius Tiné Martins,1
Vitaly Teterev,3
Vjacheslav Weetik,1
Vladimir Damjanovic,1
Volodymyr Onyshchuk,2
Yerkin Kozganbay,2
elamier fathy,3
jesús manuel vargas pereda,3
jovencata,3
khoipham,2
Ömer Faruk Özer,3
Aadya Gupta,0
Alena Nikulina,2
ChessyInstinct,0
Dr. Joerg Teumer,4
Florian Gatterer,4
GEOFFREY J COLLINS,0
Hannes Langrock,4
Margarita Novikova,2
Marko Jelcic,4
Martin Istvanovszki,2
Nathan Felipe Filgueiras,0
Neil Bhavikatti,0
Omya Vidyarthi,2
Philip J Crocker,0
Semen Kazmin,0
Aaron Matthes,4
Alen Yeremyan,0
Alexandre Kretchetov,2
Ameet Ghasi,4
Amir Hadzovic,0
Andrei Macovei,0
Anna Afonasieva,4
Anton Smirnov,0
Anton Vasilenok,1
Arash Akbarinia,4
Ariel Erenberg,4
Arturs Neiksans,0
Bharath Subramaniyam.H Harishankkar,0
Cristofer Luke Brezmes,2
Daniel Chan,2
Daniel Kazmaier,2
Daniel Romero Pallares,2
Daniel Tabuenca Mendataurigoitia,0
Diego Sauvageot Ledezma,4
Disguised Hard Worker,2
Drasko Boskovic,2
Elizaveta Malakhova,2
Eric Lawson,2
Ernesto Barrientos Gómez,2
Francisco Silva Gonzalez,0
Hoang Thi Bao Tram,3
Isaac Chiu,0
Iung Alicio de O. Pinheiro,0
Jake Darmanin,2
Jeet Jain,1
Jesus Maria De La Villa Garcia,0
Josep Ruscalleda,2
Joseph Wan,0
Julian Leitgeb,4
Julio Cesar Diaz Rosas,0
Konstantin Bazarov,0
Kostya Kavutskiy,0
Leo Valle Luis,1
Leonardo Valdés,4
Lorenzo Lodici,2
Maciej Klekowski,2
Maria Larina,2
Mariya Kholyavko,2
Maroun Tomb,0
Matvey Galchenko,0
Meruert Kamalidenova,2
Michael Aigner,0
Mika Karttunen,0
Mitrabha Guha,4
Nisha Mohota,0
Oleg Rychkov,0
Olga Prudnykova,2
Oriol Serra Canals,0
Paweł Sowiński,0
Piotr Kejna,0
Przemyslaw Koc,2
Rene Claure,0
Robert Díaz Villagrán,2
Rudi Olenik Campa,0
Ruifeng Li,0
Ruslan Momunaliev,2
Sai Agni Jeevitesh J,0
Sai Krishna G V,2
Sankalp Gupta,0
Semetey Tologontegin,0
Solomon Ruddell,2
Stephen Dishman,0
Szalay Karoly,2
Tiago Pereira Rodrigues,4
Vahap Sanal,0
Vihaan Jammalamadaka,0
Volkan Sevgi,2
Wei Yi,4
William Safranek,2
Adrian Moldovan,4
Adrian Ponce,2
Adrian Winter Atwell,2
Albino Bianchi,3
Alejandro Cuellar Montes,2
Aleksandra Tarnowska,3
Alex Arias Igual,3
Alexander Abramov,3
Alexander Velikanov,3
Alexandr Lauda,2
Alexey Kislinsky,3
Alina Semenova,3
Anagha Aniket Sinkar,4
Andre Mendez Machado,2
Andrey Tkachuk,3
Angie Garcia,3
Antoni Radzimski,2
Anupam M Sreekumar,3
Ari Guz,2
Ariel Pulido Álvarez,3
Arpita Mukherjee,3
Artur Dilmukhametov,3
Artur Hoghmrtsyan,3
Ashton Jin,3
Balaji Daggupati,2
Capablanca_Oujda_2021,3
Chanchal Kumer Ghosh,2
Cristian Vasquez Toledo,3
Damian Śliwicki,2
Daniel Xu,3
David Davtyan,3
Devindya Oshini Gunawardhana,4
Dirk Troltenier,2
Dushyant Sharma,2
Elena Orshonova,3
Eneasz Wiewióra,2
Erick Feitosa Da Silva,3
Evandro Amorim Barbosa,3
Francisco Ferrari Pironti,3
Gabriel Petesch,4
Gabriel Pérez Pérez,2
Gagik Navoyan,2
Harshin Reddy Jagirapu,3
Henrique M A Albergaria Paiva,3
Inayat Bolat,2
Inna Agrest,3
Isha Sharma,3
Jakub Borawski,2
Jason Yeung,2
Javier Recuero Guerra,3
Jean-Christophe Martine,2
Jemal Ovezdurdyeva,3
Jerzy Jesús Perez Leiva,3
Jesse February,2
John Nemeth,3
Juan Carlos Gonzalez Zamora,2
Juan David Lopez Perdomo,3
Juan Jacobo Bolanos Lopez,3
Julia Alboredo,4
Julia Antolak,3
Jéssica Trindade Hubner,3
Kanthecarowin,3
Karl Bowden,3
Kevin Chor,3
Kim Sergey,3
Kirill Kotlyar,3
Klendi Zeneli,3
Kseniya Zeliantsova,2
Kutay Sakmak,2
Laura Viñolas,2
Le Vy Tran,2
Lile Koridze,3
Lindolfo Luiz Da Silva,3
Logman Guliev,3
Luis Felipe Furtado Monteiro,3
Marcelo Villalba,3
Margarita Zvereva,2
Maria Gevorgyan,2
Masa Maksimovic,3
Mert Acikel,3
Metehan Ozen,3
Mikkel Loftgaard,2
Mohamed Haddouche,3
Mohammadhossein Shamsi,4
Muhammad Shahzeb,2
Nail Bashirli,2
Nemo Zhou,3
Niilo Man Nissinen,3
Nikita An. Kalinin,3
Nikita Fedotov,3
Nilson Cardenas,3
Olga Artemyeva,2
Olga Belka,3
Petra Kejzar,3
Pournami S,3
Rafael Escalante Ramirez,3
Rainbow2014,3
Ramon Jr. Manon-og,3
Randheer Thogata,3
Reyaansh Chakrabarty,2
Reza Mahdavi,2
Rucha Pujari,3
Ryan Lane,2
Safin Safarullakhan,2
Saidakbar Saydaliev,4
Salih Zeydan,3
Sarah Sima Derlich,3
Saravana Krishnan P,3
Shambavi Hariharan,3
SirMittensofMittensville,2
Suduva sachmatai,3
T S S Peiris,3
Taron Shagbazyan,3
TigranHH,3
Tomas Kapitanchuk,3
Tudor Henry Edward,2
Tunar Davudov,2
UKR_Master,3
Ulises Hernández Bermúdez,2
Vihaan Dawda,2
Vivaan Saraogi,2
Vladimir Predein,3
Wiktor Golis,2
Yan Derige Kane,3
Yehor Marynychenko,2
Yoon-Young Kim,3
Zacarias M Ruben D,3
Zoe Varney,3
abelmat,3
lifeissofun,3
sofiko tereladze,2
x-0140074626,3
Абдилхаир Абилмансур,2
Александр Брюхович,3
Білецький Дмитро,2
Матфей Юрасов,2
Николай Хныкин,3
Aakash G,3
Adrian Parra,3
Adriano Levano,3
Akhmedov_David,3
Akira Nakada,4
Alejandro Francisco Flores Teillery,3
Alejandro Mateus,2
Alexander Ganichev,3
Alexander Logachiov,4
Alexandre Bouget,3
Anatoly Donskov,2
Andrei Olhovik,4
Andrey Rychagov,3
André Parra Gonzales,3
Anna Cramling,4
Anna Gvanceladze,2
Antoni Szustakowski,2
Artur Avalyan,4
Barath Kalyan M,3
Boris Taborov,3
Bulat Mirzanurov,3
Cervantes Landeiro Thalia,0
Christopher Toolin,3
CoastalJourney,3
Daniel Gong,4
David Cannon,3
David Castañeda,3
Dmitry Tatarinov,4
Dmitry Zilberstein,3
Emerson Veiga,2
Eshan Guha,4
Evgenij Kretov,4
Fabian Pereira,2
Gracjan Grzesik,3
Gustavo Cadena Watch me on twitch fmgustavocadena,4
Henry Edward Tudor,4
Jason Morefield,0
Jessica Hyatt,0
Jonathan Tayar,2
Jorge Zamorano,3
Jose Gabriel Casares Contreras,2
Jovana Srdanovic,3
Juan Sena,3
Liya Kurmangaliyeva,3
LosXodos,3
Maksim Volkov,4
Maksims Golubovskis,3
Mariia Berdnyk,3
Mario Gavilán Díaz,2
Marjona Malikova,2
Marlon Javier La Villa Rivas,3
Martin Matthiesen,3
Maxim Gavrilov,3
Maïli-Jade Ouellet,3
Mert Erdoğdu,2
Miroslav Savic,3
Niclas Huschenbeth,3
Nicolás Arturo Batista Rosas,2
Olga Yushko,2
Otto Dmitry Garkauskas,3
Pablo Garcia Cardenas,4
Pham Tran Gia Phuc,2
Polina Gutkovich,3
Qi b Chen,3
Rachid Schrik,3
Richard Vedder,3
Rodrigo Disconzi,3
Roman Bashilin,3
Roman Ganzhurov,4
Roman Kuzmin,3
Sergei Lobanov,2
Sergio Barrientos Chavarria,4
Sergio Joshafatt Morales Garcia,3
Simen Agdestein,4
Sophie Morris-Suzuki,3
Utku Cengiz Acar,2
Vihaan Karthikeya N,2
Víctor Manuel Mago Perez,3
William Hernandez Gonzalez,2
Yihe Fu,3
Yuri Kozin,3
Yuri Yakovich,3
Азат Габдрахманов,2
Дарья Хохлова,3
Евгений Лагунов,3
Нечитайло Нікіта,3
Aansh Nandan Nerurkar,4
Akshay Indusekar,2
Alban alban1987@hotmail.com,4
Alexander Suvorov,4
Axel Delorme,4
Brandon Jacobson,4
Buyankhishig Batpelden,3
Eyal Noy,4
Fernando Broca,4
Guilherme Rodrigues Gomes,3
Guliskhan Nakhbayeva,3
Iwo Godzwon,2
Jeppe Hald Falkesgaard,2
Jesus Marcial Torres Cueto,4
Jorge Luis Baules Rodriguez,3
Jun Hyeok Lee,4
Kaer_Morhen,3
Kamil Warchoł,4
Kaustubh Kodihalli,2
Lilit Mkrtchian,3
Maahir M Patel,2
Mathias Womacka,2
Mikhail Bilous,4
Nikolai Aliavdin,2
Ricardo D Darruda,4
Rodrigo Akira Terao,3
Samdan Samdanov,4
Sekk,3
Shamsiddin Vokhidov,2
Tom O'Gorman,4
Treebeard54,4
Valdis Troņenkovs,3
William Coe,3
Wladimir Zampronha,2
Yahor Silich,4
Zoey Tang,0
horripile,3
kireet panuganti,3
x-5727544656,2
Adel Rahman,2
Alexander Fikiet,3
Andres Ingunza Curro,3
Anna Jakubowska,2
Bhavik Ahuja,2
Bintang Rasyid,2
Boris Stankovic,2
Boyd McCamon,3
Charlotte Millard,3
Chris Briscoe,3
Daniel Hristodorescu,3
Daniel Kozusek,3
David Lacan-Rus,3
Dominik Horvath,2
Eddy L Levi,3
Fiona Steil-Antoni,2
Gerasimenyuk Mikhail,2
Gonzalo Navarrete,2
Jacek Tomczak,2
Joakim Nilsson,2
Joaquin Rodrigo Jimenez,2
José Renato Ruiz Maranhão,3
Jun Zhao,4
Junior Tay,2
Kjell Petersson,2
Komal Kishore Pothuri,3
Konstantin Sek,2
LaPorfia,3
Learn2Chess,3
Luis Esquivel Golcher,3
Luiz Araujo,3
Marcel Winkels,3
Mark Kotliar,2
Mateusz Paszewski,3
Matias Carcamo,2
Michael Schulz,3
Michel Liah Ferraz,3
Mikhail Chernov,3
Neeraj Harish,3
Pierre Barbot,3
Robert Eames,3
Sakshi Chitlange,4
Santiago Avila Pavas,3
Saša Vidović,3
Sergei Azarov,2
Sergey Dmitriev,3
Shahruh Turayev,2
Shreyans Shah,3
Sivanesan Nithyalakshmi,2
Sourath Biswas,3
Sreyas Payyappat,2
Stefan Tabak,3
Tamas Vanczak,2
Tim Lammens,3
Timofey Smirnov,3
Yinn Long Wong,0
Zach Dukic,2
moshe katzir,3
tapu2,3
Aarav A,4
Abhimanyu Puranik,4
Aghasiyev Kamal,4
Alejandro Ramirez,4
Alexei Kornev,3
Andrei Ioan Trifan,4
Anirudhha Potawad,4
Arifa Rizki Syaputra,4
Arseniy Astafurov,4
Azer Mirzoev,4
Bernardo Vainzoff Sztokbant,4
Bianka Havanecz,4
Chenxuan Ling,4
Daniel Kopylov,4
Daniil Dubov,4
Danila Bilan,4
Davit Maghalashvili,4
Edward Jackson,2
Elena Homiakova,4
Enamul Hossain,4
Ethan Sheehan,4
Evgeny Tomashevsky,4
Eyal Grinberg,3
Fabian Reyes Zavaleta,4
Fernando Viana da Costa,3
Frankie Badacsonyi,4
Gal.la Garcia-Castany Musellas,3
Gerardo Antonio Gracia Alvarez,3
Grigor Grigorov,4
Haowen Xue,4
Henry Soto Hernandez,4
Hong Anh Nguyen,4
Hubert Zieba,4
Igor Lysyj,4
Ivan Cheparinov,4
Jan Gustafsson,4
Jernej Spalir,4
Jiner Zhu,4
Jingyao Tin,4
Jon Viktor Gunnarsson,3
Jorge Bobadilla,4
Joshuaede Cappelletto,4
Juraj Druska,0
Karthikeyan Murali,4
Khvicha Supatashvili,4
Kirill Klukin,0
Kosma Pacan-Milej,4
Leandro Tobares,4
Levente Vajda,3
Mamikon Gharibyan,4
Manush Shah,4
Marie Sebag,4
Matt Zavortink,4
Michael Romero,4
Miguel Lázaro Azcutia,2
Mikhail Markov,4
Miroslav Miljkovic,4
Nana Dzagnidze,4
Nasyrova Ekaterina,4
Olga Girya,4
Onno Elgersma,3
Orkhan Eminov,4
Pavel Smirnov,3
Pedro Gines,4
Peter Sadilek,4
Petr Sprenar,4
Piotr Sygulski,3
Prakhar Bajaj,3
Przemyslaw Skalik,3
Quoc Hy Nguyen,4
Raja Rithvik R,4
Ravan Aliyev,4
Renato Quintiliano,4
Richard Alejandro Rueda Rojas,3
Robert Krzesaj,3
Roberto Alfaya Marcelo,4
Roman Jiganchine,2
Ruslan Nezamyatin,4
Sam Shankland,4
Samvel Ter-Sahakyan,4
Sascha Wiegmann,4
Sergey Grigoriants,4
Shakhzod Vokhidov,4
Sipke Ernst,4
Skat2704,4
Tor Fredrik Kaasen,4
Vasilij Malyshev,4
Vincent Keymer,4
Vladimir Belov,0
Vladimir Malakhov,4
VladimirKramnik,4
Yonathan Uritsky,4
Zaur Gasanov,4
anon481216,4
Вадим Карпов,4
Adrian Martinez Fernandez,0
Aleksei Sarana,0
Alexandra Kosteniuk,0
Ali Rastbod,0
Anastasiia Hnatyshyn,2
Anastasios Tsiolakidis,2
Andre Ventura Sousa,0
Andrew Jiang,2
Andrey Drygalov,0
Andrey Levitskiy,2
Antonia Christodoulaki,0
Ashot Nadanian,2
Babageldi Annaberdiyev,0
Checkmate-100,2
Daniil Rakitin,0
David George Samir,2
Dennis Wagner,0
Divya Deshmukh,0
Dmytro Danylenko,0
Eldiar Orozbaev,0
Evgeniy Khain,0
Evgeny Egorov,0
Geordie Derraugh,0
German Darío Univio Sanchez,2
Gianmarco Leiva,0
Harry Grieve,2
Ian Dzhumagaliev,1
Ilia Martinovici,0
Islam Hajialiyev,0
Ivajlo Enchev,0
Jake Kleiman,0
Jason Liang,0
Jules Moussard,0
Kashish Jain,0
Kelvin Sánchez,0
Khamrakulov Djurabek,2
Lennis Martinez Ramirez,0
Miguel Munoz,2
Miguel Santos Ruiz,0
Mihailo Djokic,0
Mikhail Antipov,2
Neil Moses,0
Nikita Matinian,0
Nikolai Vlassov,0
Nikolay Pavlov,0
Ognean Mihnea,0
Petro Golubka,2
Piotr Dobrowolski,0
Richard Bethke,2
Rodrigo Vasquez,2
Ruben Gideon Köllner,0
Ruslan Gadzhiev,2
Sam Sevian,0
Semen Khanin,0
Semen Mitusov,0
Tobias Schmidt,2
Vadym Petrovskyi,0
Valery Lisik,0
Vladimir Lukovic,0
Vladimir Sakun,0
Vladyslav Baziuk,0
Xu Yi,2
Yulian Malovanyi,0
anon219,2
bratkoo,2
heavenlyview,0
ram1zan,0
Владимир Масловский,0
Рамиль Садыков,0
Улугбек Тилляев,0
Ян Дьомін,0
Aarav Sinha,0
Abdulla Gadimbayli,2
Aleksandra Goryachkina,4
Aleksei Belov,3
Alexey Ponikarovsky,2
Anar Aliakbarov,0
Andrew Greet,2
Antonio Ruperez Benito,2
Antonios Gkavardinas,0
Arnash Bauyrzhan,3
Arnold Essing,4
Arseniy Nesterov,4
Artiom Samsonkin,2
Avital Boruchovsky,4
Cem Kaan Gokerkan,1
Christian Almeida do Nascimento,0
Cristhian Cruz Sanchez,3
Cristian Sanhueza,2
Dagur Arngrimsson,0
Daniel Teidi Awoki,0
Dashgyn Ibadov,2
David Brodsky,2
David Navara,4
Deniel Causo,2
Eltaj Safarli,2
Esper Van Baar,4
Felix Kuznetsov,2
Gehua Wen,4
GiantThresher,2
Gregory Kaidanov,4
Gulrukhbegim Tokhirjonova,2
Héctor L Gil Alba,2
INZLF,2
Iaroslav Martemianov,0
Jakub Kusa,0
Javier Vallejo Diaz,2
Joachim Solberg,0
Jonas Bjerre,4
Jonathan Cruz,4
Kamal Aghasiyev,4
Kirill Bazyrtsyrenov,2
LAXMAN RAJARAM,0
Leinier Dominguez Perez,2
Lionel Sierra Vallina,0
Machteld Van Foreest,2
Mahalakshmi M,4
Maksim Tsaruk,0
Manuel Cristóbal,0
Martin Petrov,4
Matyas Palczert,0
Mersad Khodashenas,0
Milena Kawka,0
Moritz Weishäutel,2
Necmettin KORKMAZ,2
Nima Hosseinzadeh,2
Oriyat Obidjonov,0
Pablo Lalanne,4
Pavel Tregubov,4
Philipp Sonnenschein,2
Pranav Sathish,4
Richard Pert,0
Rohan Rajaram,0
Roland Margl,4
Roman Komov,2
Ruben Akhayan,0
Santiago Ospina Castro,4
Saparmyrat Atabayev,2
Sasha-Matei Craciun,1
Sergiy Zavgorodniy,4
Shahin Lorparizangeneh,2
Siar Yaran,2
Siddharth Jagadeesh,4
Simeon Todev,2
Sravan Renjith,2
Swara Lakshmi Nair,2
Teimur Toktomushev,4
Ugur Doga Yazici,0
Valentin Dragnev,2
Veaceslav Slovineanu,4
Vivaan Vishal Shah,2
Vladimir-Alexandru Cnejev,2
Wiktoria Cieślak,0
Yasser Quesada Perez,2
Zaur Mammadov,2
Zhongyi Tan,4
Łukasz Licznerski,2
Александр Слижевский,4
Алишер Бегмуратов,0
Маргарита Филиппова,2
Олег Кислов,2
Спартак Высочин,2
Феликс Алиханов,2
Akshay Borgaonkar,1
Aleksa Petrovic,0
Alvaro Torres Rebolledo,0
Anastasia Avramidou,0
Andres Iglesias Ferreira,4
Artem Bardyk,1
Artem Sadovsky,0
Chesswizard_2007,1
Dariusz Bieliński,4
Diego Adla,1
Grigory Seletsky,0
HeartAblaze,0
Henning Holinka,1
Henrik Cernov,0
Iniyan P,4
Isaak Parpiev,1
Jakob Weihrauch,1
Jeffinho023,0
Kevin George,1
Krishna Nathan,1
Luca Moroni Jr,1
Patryk Cieslak,1
Peter Roberson,1
Semen Novozhilov,1
Sergio Adan Bermudez,0
Tigran Nazaretyan,1
Tymur Keleberda,1
Vladyslav Sydoryka,0
Yaroslav Remizov,1
Yudel Romero Arzuaga,1
Zi Han Goh,1
anon132639,0
Егор Филипец,0
Alexey Grachev,0
Artur Gabrielian,0
Benjoneliere44,0
Bibisara Assaubayeva,0
Brandon Clarke,0
Chandreyee Hajra,0
Daniel Cremisi,4
David Stevanić,0
Deepak Aaron,2
Dimitrios Ladopoulos,0
Dimitrios Papaioannou,2
Dimitris Alexakis,0
Egor Baskakov,0
Emil Risteski,0
Ergali Suleimen,0
Ermes Espinosa Veloz,2
Gadir Guseinov,0
Georgios Souleidis,0
Gordon McNeill,0
Graham Horobetz,2
Juan Manuel Quiroga Garza,2
Karlen Petrosian,0
Krzysztof Raczek,0
Luis Javier Bernal Moro,0
Mateusz Bartel,0
Mikhail Popov,0
Mikołaj Tomczak,0
Nico Georgiadis,0
Nikolas Wachinger,0
Nodirbek Yakubboev,0
Ortik Nigmatov,2
Patrick Gong,0
Rick Sun,0
Rodolfos Stamatiou,0
SALVA-DALI,0
Sebastien Maze,0
Shane Melaugh,0
Simon Fule,0
Tamas Gunes Ongut,0
Tyhran Ambartsumian,0
Viani Antonio D'cunha,0
Vojislav Milanovic,0
anon6121824,0
kirillshevchenko,0
Евгений Бурмакин,2
Carlos Alvarado,4
Carlos Andres Obregón,4
David Anton Guijarro,4
Dmitry Zacurdajev,3
Erick Garcia,3
Erik Obgolts,4
Evan Sammons,3
Ieuan Ward,3
Ivan Rozum,4
Kaan Ozcan,0
Miguel Angel Marino,3
Mikhail V. Kuznetsov,4
Milos Krstic,2
Parham Maghsoodloo,4
Petar Bošnjak,4
Raphael Mayaud,1
Rian Kapriaga,3
Tiến Trần Mạnh,4
Tomasz Mika,3
Toomas Valgmae,4
Vladimir Burmakin,4
Vsevolod Ovchinnikov,4
Zbigniew Pakleza,4
rockero68,3
Юрий Горячкин,4
Aaron Cooper,2
Ahmed Abbas Khouri,2
Alvaro Alves De Almeida Junior,3
Andrea Ortez,3
Andrey Gonzalez Zharikov,3
Ashley Qian,3
Baptiste Lissillour,3
Berezin Viktor,3
Bruno Morado Rodrigues,3
Christian Toth,3
Diego Zilleruelo,2
Egor Kovalev,3
Emujin Enkh-Amgalan,2
Evan Yin,1
Gabriel Gonzaga Garcia,2
Gennadii Gutman,2
Houji Yao,3
Igorbarbashin,3
Ivana Hrescak,2
Jacek Stachanczyk,3
Jacob Templen Grave,3
Jan Roebers,2
John S. White,3
Jonathan Ady,3
Julien Dubreuil,2
Kateryna Lagno,2
Killian Delaney,2
Lars Andreassen,3
Lewis Martin,3
Lorena Beatriz Montejo Bello,3
Mai Narva,3
Marlon Jodar,3
Maxim Ventura,2
Milan Mostertman,2
Minh Tu Le,3
Moksh Amit Doshi,3
Muhammad Khusenkhojaev,3
Nikash Vemparala,2
Oleg Bykovskiy,3
Oliwia Kiolbasa,2
PKBQK666,2
Paolo Ciuffoletti,3
Radislav Atanassov,3
Robert Aloma,2
Roman Kozelov,2
Roman Lovkov,2
SIOJ,2
San Thit Lwin,4
Sergey Pavlov,3
Stanislav Mikheev,3
Suan Bruno Fernandes Lira,3
Thomas Thiel,3
Tymon Ochedzan,2
Umut Erdem Gündüz,2
VINOD KUMAR SHARMA,3
Yusuf Baran Cevizci,3
Zaw Ye Htut,2
Zdravko Vukovic,3
natelleka,2
Олег Губанов,3
Сергей Надеев,2
Adhiban Baskaran,0
Arman Hakemi,2
David Orlando Oño,0
Ekaterina Ubiennykh,2
Eray Kilic,0
Fabiano Caruana,4
Horacio Saldaño dayer,0
Jakub Chyży,2
Juan Cruz Arias,2
Kacper Polok,2
Kukushka Poehala,0
Leonid Gorin,0
Malek. Koniahli,0
Michal Verbovský,2
Nikola Nestorovic,0
Sanjana Vittal,0
Talibov Shiroghlan,2
Vuk Damjanovic,0
broskolis,2
Aaron Jacobson,0
Ali Farahat,1
Amir Ali Ghafourian,2
Andrei Purygin,2
Artem Alek Fedorov,1
Artemiki Lebedev,2
Bartłomiej Róg,1
Bryan Weisz,2
Claudio Sericano,1
Damir Bulgak,2
Edgard Vinicius Zanette,1
Egor Kurchenko,1
Gil Barak,2
Gil Popilski,1
Havard Haug,1
Ivan Kochiev,2
Ivan Kubatko,2
Julian Colville,2
Kushagra Mohan,2
MI Marcelo Playa,1
Marek Pniaczek,1
Maxim Matlakov,1
Mykhaylo Oleksiyenko,1
Máté Gyenes,1
Niranjan Navalgund,1
Néstor Cofré Archibold,1
Odin Blikra Vea,0
Ojasva Singh,0
Paulo Jodorcovsky Werjivker,1
Sergio German,1
Shaaketh Sivakumar,1
Shamil Arslanov,2
Silvius Tiberius,2
Simao Poscidonio Dias,1
Tal Levitan,0
Thomas Christensen,2
Tim Kett,2
Tudor-Gabriel Danila,1
Vahe Baghdasaryan,2
William Graif,2
"Yang, Kaiqi",1
Yaroslav Demchenko,1
Adam Bremner,4
Alexander J Crump,4
Anni Guo,3
Anton Frank,4
Artem Legenya,3
Artur Tin Lun Dai Lima,4
Ayrat Vafin,4
Boris Bruned,3
Charles Campbell,4
Chuck Adelman,4
Dana Tuleyeva-Aketayeva,4
Dewar B. Feliz Dotel,4
Ellen Nilssen,3
Gabriel Pereyra,3
Grzegorz Kopacz,4
Guillermo José Llanos,4
Harry Cun,4
Ildar Idrisov,0
Jesus Martin Duque,4
Jhustice - Dimonte McDonald,3
Johannes Lerch,2
Joshua Colas,0
Karina Ivanova,4
Karthik Sai Ch,4
Kendrick Zhang,4
Konstantin Egorov,4
Luke (Lut Yin) Lau,4
Marko Perestjuk,3
Mateo Rodriguez Polo,4
Maurizio Brancaleoni,4
Michal Lahav,3
Michał Walentukiewicz,4
Mohamed Anees M,3
Nadezhda Antonova,3
Nicolai Ianocichin,4
Patrick Lamotte,3
Paulius Pultinevicius,4
Pavel Kiselev,4
Raul Adrian Habiaga,2
Roberto James,0
Rogerio Paulo Muller Fernandes,4
Roth Müller,4
Roza Idrisova,4
Sabina Foisor,0
Santiago Quiñones García,3
Serban Cristian,4
Slaven Pastar,0
Suvradeepta Das,4
Tariq Yue,3
Tyson Brady,4
Ulrich Zimmermann,4
Veronika Minina,4
Vijay Srinivas Anandh,4
Yashas Devappa,3
Yvain Bruned,4
x-5466030055,4
Bartlomiej Niedbala,0
Jacopo Motola,0
Jan Kokoszczynski,1
Platon Galperin,0
Richard Zienert,0
Srihari L,0
x-0618534659,2
Aditya Arutla,2
Adrian Gschnitzer,1
Albert Bokros,2
Aleksandras Jegorovas,4
Alex Bullen,4
Connor Clarke,2
Dimitrios Pappelis,4
Dmitrijus Chocenka,2
Gabriela Vargas,3
Lucas Pereira Mendes Da Silva,2
Mahadevan Mrithyunjay,2
Stanislav Kovalevsky,2
Vikram Rajmohan,4
Eivind Grunt Kreken,0
Erdenetulga Rentsen,4
Fernando López Gracia,2
Florian Mostbauer,0
Francisco Orantes Taboada,4
Gabriel Arteaga,0
Ilya Gutkin,4
Jose Mendez,0
Joshua Daniel Ruiz Castillo,0
Khandaker Aminul Islam,0
Krikor Sevag Mekhitarian,0
Maxim Lavrov,4
Mihai-Lucian Grunberg,4
Mikhail Kazakov,0
Mikhail Panin,4
Nicolas Brunner,4
Nicolas De La Colina,0
Patrick Perry,0
Paulo Dias,0
Soham Kamotra,0
Sondre Melaa,0
Stefan Eilers,0
Vasilii Titarov,4
Vladimir Tasic,4
Yamac Samani,4
marabu44,4
patzer-reloaded,4
Валерий Свиридов,0
Abdimalik Abdisalimov,4
Akbarali Abdukhakimov,3
Akira Watanabe,3
Akmal Fayzullaev,3
Alejandro Alvarado Diaz,4
Aleksey Prokhorov,4
Alessandro Manzone,3
Alex Huang,4
Alexander Alexikov,3
Alexandre Pinto De Miranda,3
Andreea Navrotescu,3
Andrew Metrick,3
Andrija Obad,2
Ari Ziegler,3
Batsaikhan Tserendorj,2
Bella Khotenashvili,4
Brian McLaren,3
CarlosjPineror,4
Chamal Gedgaf,3
Christophe Claverie,3
Conrad Thake,3
Cristiano G Souza,4
Dan Shapiro,3
Daniel Barria,3
Daria Voit,3
David Zakarian,3
Dejan Djordjevic,3
Dmitry Vyatkin,3
Dmitry Zenin,3
Edgardo J. Almedina Ortiz,3
Eduardo Iturrizaga Bonelli,3
Eduardo Marra,3
Fernando Offermann,3
Filip Dowgird,2
Frederico Matsuura,3
GERARDO MARIN,3
Gan-Erdene Sugar,3
Helgi Gretarsson,3
Henry Tirado Veliz,3
Igor A Gulkov,4
Igor Gulkov,4
Ivan Ramirez Martin,4
Jan-Dietrich Wendt,3
Javier Freile Martin,3
Jesse Kraai,3
Jhon Snow,4
Johann Hjartarson,3
Jonathan Carlstedt,2
Josselyne Penafiel Mendoza,3
Kamil Grycel,3
Katarina Ostojic,3
Kavikondala Nagendra Gopal,3
KingChess345,3
Kirill Burdalev,3
Konstantin Borsuk,3
Kushan Tyagi,4
Ljubov Nemkova,3
Mariya Yakimova,3
Marko Nenezic,3
Matthew Payne,2
Matías Michailov,3
Matías Mingo Fernández,3
Mikheil Mchedlishvili,4
Milosz Rudnicki,3
Mohammadamin Molaei,4
Nemanja Zivkovic,3
Nikita Afanasiev,2
Nitzan Steinberg,4
Oleg Kozlov,3
Oleiny Linares Napoles,3
Oleksiy Solovchuk,4
Olga Iljushina,4
Olga Sikorova,3
Oliver Dimakiling,4
Oscar yosimar Acosta cruz,3
Pablo Ismael Acosta,4
Patricia de Leon,3
Paul Richter,3
Peter Jackson,3
Petr Kostenko,3
Quang Long Le,3
Ratko Bulajic,3
Roberto Mogranzini,3
Roman Ovetchkin,3
Ryan Harper,2
Sai Nirupama Kotepalli,3
Sergey Shipov,4
Stanislav Ritvin,3
Stephen Jessel,4
Szymon Gumularz,3
Taffin Khan,3
Tagir Salemgareev,3
Tamerlan Bekturov,3
Thee-Chessboy,3
Tomas Laurusas,3
Valdenicio Marcelino de Lima,3
Valeriy Yavorovsky,3
Valery Kazakouski,4
Valery Kazantsev,3
Viktor Ianov,4
Vladimir Seliverstov,3
Víctor Rivas García,3
Wilson Morales,4
Yoann Robert,4
Álvaro Valdés,3
Александр Ледаков,3
Abdou Ahmed Alem,3
Adam Müller,2
Advaith Karthik,3
Aleksandr Turutin,3
AleksibFan,3
Alexander A. Chernov,3
Alexander Manfroi,2
Alfredo Cecilio Miserendino,3
Alireza Aghaei,3
Alper Olcayoz,2
Andrei Shishkov,4
Aqib Javaid Butt,3
Armand Sahetchian,3
BozeKat,3
Cesar Quinones,3
Christopher Debray,3
Claudia Amura,3
Colombiano07,1
Cristhian Montero,3
Cristi Machidon,3
Cumali Unver,4
Daniel Beletic,3
Daniel Fridman,3
Daniel Marcolino,3
Danilo Cesar de Luna Alves Campelo,3
Darko R Mitrovic,4
David Arenas,3
Denis Palkovich,3
Dirk Paulsen,3
Elshan Moradiabadi,4
Epameinondas Kourousis,4
Eric Hon,3
ErnestoGuevaraLynch,3
Erzhan Zhakshylykov,3
Evan Rabin,3
Evelina Zavivaeva,3
Fabio Colonetti,3
Florian Jenni,2
Francisco De Assiss Medeiros Jr,4
Frank Buchenau,3
Georgios Papidakis,3
Girish Koushik,3
Glek_Igor,3
Harikrishna Pentala,4
Henryk Seifert,3
Hrair Simonian,3
Igor Khenkin,3
Ivan Vihor Krsnik Cohar,0
Jani Bogoevski,3
Jaroslav Sobek,3
Jay Bonin,3
Jenny Qi,4
Jorge Carlos Antonio,4
Jose Augusto Correa,3
Jura Ochkoos,3
Kadir Soria Delgado,3
Lars Meyer,3
Lejean-Anușca Mădălina-Maria,3
Lilian Schirmbeck,3
Lilla Kassay,3
Lubov Markelova,3
Marc Kirszenberg,3
Marcius Brandão,3
Mariano Ortega Amarelle,3
Matan Poleg,3
Max Arnold,3
Mikhail Kobalia,3
Mikhail Korovin,4
Muhammad Kamalsyah,3
Oleksandr Dovgaliuk,3
Oliver Wartiovaara,3
Ori Yaniv,3
PAULO CÉSAR COSTA,4
Patty Castillo,3
Pedro Henrique Alves do Nascimento,3
Pia Cramling,3
Renato Andrade Santos,3
Rithwik Mathur,3
Roberto Carlos Gomez Ledo,4
Roee Aroesti,3
Roshan Idnani,3
Sabir Umarov,3
Safiye Oyku Ince,3
Santiago  Rodriguez,3
Sergeyev Alexander,3
Sergio Cáceres,3
Serhan Berat Özdemir,4
Timur Radionov,3
Torben Søraas,3
Ulrich Schulze,3
V Toshali,3
Vinicius Taishun Lima,3
Vladislav Artemiev,4
Wagner Guimarães,3
Wee Zhun Teh,3
William Schill,3
Wilson Spaqi,0
"Wolfram Heinig, Dr.",4
Yosha Iglesias,3
Zahar Efimenko,3
Ziaur Rahman,3
Zviad Izoria,3
x-4329803912,4
Зубарев Александр,3
Роман Назин,3
Adam Kujawski,2
Agustin Ambrogi,2
Alex Sahakyan,2
Alexandra Afanasieva,2
Alexei Shirov,2
Amanmuhammet Hommadov,2
Artem Dobrosmyslov,2
Arthur Lucas,0
Aryan Tari,1
Carlos Godoy,0
Christian Koepke,2
Daniel Naroditsky,2
Daniel Pinto,3
Dante Beukes,2
Darius Viškelis,2
David Brinovec,2
David Maycock,2
Denes Boros,2
Denis Khayrullin,2
Deniz Dirikolu,0
Dila Baloglu,2
Dylan Tang,2
Edwin Urbina,2
Etienne Bacrot,2
FAUSTO CASTELLA GARCIA,2
Fadi Eid,2
Faiber Lotero,2
Gabriel Lesueur,3
GuerrieroFromLevant,2
Ibon Dominguez Exposito,2
Ja Gireman,2
James Eden,2
Javiera Barrera,2
Jennifer Perez Rodriguez,2
Johan-Sebastian Christiansen,2
Jonathan Pein,0
Juan David Becerra Morales,2
Justin Chen,2
Karol Kucza,1
Li Min Peng,2
Linh Dong,2
Luis Eduardo Ballester Llagaria,3
Marc-Andria Maurizzi,4
Marius Fromm,4
Martyn Kravtsiv,1
María Eugenia Ramirez,2
Matthieu Cornette,2
Nimrod Veinberg,2
Patrick Zelbel,2
Paul Zwahr,2
PavelShkapenko,0
Pouria Darini,0
Raja Harshit,3
Razvan Preotu,2
Richard Mladek,1
Rishi Sardana,4
Rishi Vijayakumar,2
Robert Baskin,2
Roeland Pruijssers,2
Roger Bernadó Lopez,2
Sargis Sargissyan,2
Shukhrat Makhmudov,2
Srithan Saypuri,2
Stavroula Tsolakidou,2
Vadim Vdovin,2
Vaishali R,0
Vincent Riff,2
Vladimir Demin,2
Will Moorhouse,2
Yerlan Rakhimgaliyev,2
Zaur Tekeyev,2
Zsigmond Szajbely,2
kyaw myat aung,2
username0932589,2
Štefan Mazúr,2
Данил Найдин,2
Эдуардо Гербелли Нето,2
Abel Justo Davalos,3
Adonay Delgadillo,3
Adrián Expósito Milán,3
Akshat Khamparia,3
Alberto Javier Salazar Cabezas,3
Aleksandr Kulnev,3
Alex Astaneh Lopez,3
Alex Cuevas,3
Alexander Krastev,3
Alexander Zaitsev,3
Alexey Lizlov,3
Alihan Hüseyinoğlu,3
Ameya Audi,3
Amin Kabilov,3
Ana Kuchava,3
Andrei-Mihai Bonte,3
Andrey Gorovets,3
Anysia Thomas,3
Aras Vardanyan,3
Artem Gulevich,3
Artem Postnikov,3
Arya G Mallar,3
Aurelio Vila Dupla,3
Bakhrom Bakhrillaev,3
Bassem Amin,3
Ben Johnson,3
Bojan Todorovic,3
Bradley Sawyer,3
Bulat Murtazin,3
Bülent Erşahin,3
Craig Clawitter,3
Crazy_passion_fruit,3
Cristi Coca,3
Dale Haessel,3
Dalton Perrine,3
Dambasuren Batsuren,3
Daniel Evelio Saiz Rodríguez,3
Daniel Fernandez,3
Daniel Fischer,3
Daniel Rensch,3
Dawton Lemos,3
Denis Kovalev,4
Denis Shurakov,3
Diego Berardino,3
Diego Flores,3
Dmitry Frolyanov,3
Dmitry Sumaneev,4
DrMamaliga,3
Eesha Karavade,3
Elbek Jumanov,4
Elliott Winslow,3
Enrique Fonseca Manrique,3
Enzo Suzarte Ferreira,3
Erdem Khubukshanov,3
Filip Covic,3
Gabriel Anton Salazar Olchowski,3
Gabriel Eidelman,3
Georgi Orlov,3
Gerardo Alfonso Ramirez Madrid,3
Hasan Atis,3
Hipólito Asis Gargatagli,3
Holger Rasch,3
Ian T. Findlay,3
Ioan-Cristian Chirila,3
Isabelle Tamarozi,3
Javier Izuzquiza,3
Jeffery Xiong,3
Jemal Ovezdurdiyeva,3
Joel Paul Ganta,3
John Stark,3
Jonas Rosner,3
Jose Guilherme Barria Santos,3
Jose Mora Moron,3
Jose Riverol,3
Juan Camilo Arango Arenas,3
Julia Tsukerman,3
Kamil Dragun,3
Kevin Davidson,3
Lenaerts Lennert,4
Leonid Guerb,4
Liam Vrolijk,3
Luis Roque,3
Marc Morgunov,3
Marco Gallana,4
Matej Sebenik,3
Mateus Nakajo de Mendonça,3
Matthew O'Brien,3
Michael Kopylov,3
Michael Willim,3
Michal Bodicky,4
Michel Samuel Lopez Abreu,3
Myroslava Hrabinska,3
Namitbir Singh Walia,2
Natalia Zhukova,3
Neuris Delgado Ramirez,3
Nicodim_Cosmin Stepanencu,3
Oleksii Karvatskyi,3
Padmini Rout,3
Paul Makarov,3
Peter Keller,3
Peter Svidler,3
Raahul V S,3
Raehanna Brown,3
Rajat Makkar,3
Richard Persson,3
Robert Mcligeyo,3
Rubens Cezila,3
Ruslan Soltanici,3
Saharsh Santosh,3
Sam Schmakel,3
Sebastian Almagro Mazariegos,3
Sebastian Granara Barreto,3
Sergei Zhigalko,3
Sergio Garcia Fuentes,3
Stany Ga,3
Sébastien Bouchet,3
Tarun Kanyamarala,3
Tharushi T.H.D. Niklesha,3
Thomas,3
Trickster_Pony,3
Uffe Vinther-Schou,3
Vasil Trickov,4
Viktor Romanchuk,4
Vishwa Shah,3
Vitaly Rodchenkov,3
Vitorio Chemin,3
Vladimir Baklan,3
Vladimir Belous,3
Vuk-Tadija Barbarić,3
Welf Aumann,3
William Olsson,3
Yassine Sentissi,3
Yiping Lou,3
Youness Fareh,3
Yusuf Eren Kavri,3
Zarina Shafigullina,3
Zoran Velickovic,3
u51616516516,3
x-7171385435,3
Александр Потапов,3
Анна Новикова,3
Димитрий Король,3
Роман Аухатов,3
Aiden Zhou,0
Ali Aaron Jaramillo lopez,4
Amor2023,0
Aravindh Chithambaram,4
Arjun Erigaisi,2
Arsene Kukhmazov,0
Artur Davtyan,4
Aswath S,4
Bogdan Daniel Deac,4
Burak Firat,4
Daakshin Arun,4
Deep Sengupta,4
Diego Carbone,4
Dmitriy Kushko,4
Dmitry Andreikin,4
Elena Tomilova,4
Enes Tanriverdi,4
Evgenios Ioannidis,4
Evgeny Degtiarev,4
Experience_Chess,4
Fengxi Mao,4
Gloomy_Wanderer,4
Itgelt Khuyagtsogt,1
Ivan Yeletsky,0
Jaime Santos Latasa,4
Jakhongir Vakhidov,4
Jonas Eilenberg,4
Jose Fernando Cuenca,0
Kevin Joel Cori Quispe,4
Liem Le,4
Luka Budisavljevic,4
Magnus Carlsen,4
Marat Shakirov,4
Marcin Sieciechowicz,4
Max Illingworth,4
Max Warmerdam,4
Maxime Vachier-Lagrave,4
Momin Fayzan,4
Mr. Sai Han Thiha,0
Mustafa Yilmaz,4
Nikoloz Kumsiashvili,4
Pavel Ponkratov,3
Petr Mikhalchenko,2
Pouya Idani,4
Rafael Vahanyan,4
Sergey Volkov,4
Shakhriyar Mamedyarov,4
Thore Perske,0
Vadim Bobkov,4
Varuzhan Akobian,4
Vladimir Hamitevici,4
Xu Xiangyu,4
Alex Ostrovskiy,2
Alexander Heimann,0
Hans Niemann,2
Jose Martinez,1
Kacper Piorun,2
Konstantin Popov,1
Mateusz Brozyna,0
Miloje Ratkovic,0
Nikolas Theodorou,0
Oscar Gerardo Sanchez Enriquez,4
Tikhon Popov,2
Tuna Özateş,2
Viorel Iordachescu,4
champ2005,4
Николай Гриценко,0
Afshin Moghaddamian,4
Antonios Pavlidis,2
Ashot Parvanyan,4
BIG_Pirate,4
Bernardo Cesar Maestre,3
Brandon Wu,4
Charvi A,2
Daniel Gómez,4
David Arutinian,4
Gleb Dudin,3
Juan Fernando Aguilar Novoa,4
Kirill Stupak,4
Kjetil Lie,4
Maryan Kyrychenko,0
Nick Matta,4
Nicodim-Cosmin Stepanencu,4
Nijat Abasov,4
Oleksandr Zhukovskyi,4
Rob Schoorl,4
Shawn Rodrigue-Lemieux,4
Thibault Fantinel,4
Umut Ata Akbas,4
Victor Mikhalevski,4
Volodymyr Medvedyk,4
Zhangir Bizhigitov,4
Платон Гальперин,3
MEHDI HASAN PARAG,0
Maftuna Bobomurodova,0
Mohammad Mohammadian,2
Paul Rohwer,3
Santiago Guevara,2
Steve Harrington,2
Виталий Сергеев,2
Baqer Hameed Khalaf Al-Musawi,2
Grzegorz Toczek,4
Ivan Krylov,3
Judit Juhasz,4
Korun Gulamirian,3
Michael Buscar,4
Oleksii Molchanov,3
Regita Desyari Putri,4
Tanisha Boramanikar,3
William Ge,4
Yannick Kambrath,3
Zoran Novoselski,4
kaponerde,4
Abtin Atakhan,1
Aku Salonen,1
Aleksa Alimpic,1
Alexandr Triapishko,0
Alireza Firouzja,1
Andrey Tsvetkov,1
ApacheSVD,1
Arnaldo Jesus Fernandez De La Vara Mulet,4
Awonder Liang,1
Bahadir Ozen,4
Barbara Skuhala,1
Bence Pribelszky,1
Benedikt Dauner,0
Benjamin Bok,4
Conrad Holt,4
Davi Sulzbacher,3
Derek Wu,1
Ediz Gürel,1
Felipe Escudero,1
Gergely Kantor,1
Haran Salasan,1
Henry Deng,1
Ian Nepomniachtchi,1
Igor Wilk,1
Ilamparthi A R,1
Jan Malek,1
Jens Albert Ramsdal,1
Jonah Willow,1
Juan Carlos Obregon Rivero,4
Juan Rottenwohrer Suarez,4
Kevin Yang,1
Kirill Kuderinov,1
Looi Xin Hao,3
Maciej Sroczyński,1
Marat Gilfanov,1
Marco Dobrikov,1
Marton Foldes,1
Melih YURTSEVEN,1
Meri Arabidze,0
Mohammad Fahad Rahman,1
Mumtozbegim Mansurova,1
Octavio Aaron Bazan Romero,0
Oleksandr Bortnyk,1
Patryk Stanisz,1
Paulius Pultinevičius,4
Pavel Eljanov,1
Piotr Piesik,4
Qi Pang,0
Rafael Leitao,1
Savio Joseph Benher,1
Símon Þórhallsson,1
Tihomir Yanev,1
Trisha Kanyamarala,1
Tsvetan Stoyanov,1
W_Amadeus,1
Yoav Milikow,1
Zarina Nurgaliyeva,1
mapleaff,1
samarth Rao 1664 Leavud Rating,1
Deepweb2020,3
Ekaterina Diakonova,4
Hannah Sayce,3
Jacques Muller Luxama,3
Jose Antonio Garcia de Dios,3
Leandro Formes De Arruda,3
Marta Bartel,4
Miguel Herrera,3
Peter Large,3
Robert Ernst,3
Roger Derichs,2
Roman Tomaszewski,3
Timothy Chien En Lim,3
Uliana Yeshchenko,2
Victor Cuenca,3
Adam Dorrance,3
Arvin Rasti,4
Batuhan Özen,4
Alexey Dreev,4
Alper Demirtas,0
Andriy Diachek,0
Ansh Shah,4
Arman Ghevondyan,4
Daniel Yedidia,4
Georg Meier,4
Mohammad Nubairshah Shaikh,4
Nebojsa Djordjevic,4
Seo Jungmin,0
Tony Kukavica,4
Valuebet2000,4
Ahmet Gubatayew,3
Alexey Khruschiov,4
Aljoscha Feuerstack,3
Andreas Mende,3
Andres Carrasco Miranda,4
Ari Kiremitciyan,4
Bakhora Egamberdieva,3
Carlos Matamoros,3
Christian Gian Karlo Arca,3
Cristian Aranda Marin,4
Danyil Mosesov,3
Irena Hertlein,3
Ivan Mezentsev,3
Jaime Rey Martinez,3
John Heinrich,4
Jose Esteban Marin Masis,4
Justus Bargsten,3
Karsten Schuh,4
Karthik Rajaa,4
Luka Karlušić,4
Make_it_shine060,3
Manuel Enrique Campos Gómez,3
Matias Jaque,4
Maung Maung Kyaw Zaw Hein,3
Maxx Coleman,3
Mieszko Mis,3
Nils Grandelius,3
Oleksandr Matlak,4
Olga Badelka,3
Patrick Lacey,3
Radoslaw Wojtaszek,3
Rebeca Garcia Hernandez,4
Serafin Moral Garcia,4
Susanna Gaboyan,3
Vitaliy Bernadskiy,3
Volodymyr Vetoshko,3
Adrian Thorsen,0
Arkadiusz Babiarz,0
Evgeni Krasilnikov,0
Gustavo Ribeiro,0
Jacob Flynn,0
Juan Manuel Garcia Almaguer,2
Khanya Mazibuko,2
Mindhunter08,2
Rogelio Jr Antonio,2
Ronan Le Goff,0
Vishva Nanugonda,2
Adam Gibała,1
Alex Jian,1
Alexander Mikhnenko,1
Aman Hambleton,1
Anton Demchenko,1
Balázs Csonka,1
David Okike,1
David Zhurbinsky,1
De Silva L.M.S.T,1
Duc Minh Lai,1
Edvin Trost,1
Enis Metin,1
Evgenij Novikov,1
Filip Haring,1
Franciszek Sernecki,1
Gata Kamsky,1
Hikaru Nakamura,1
Jaiveer Mahendru,1
Jakob Leon Pajeken,1
Jan Klimkowski,1
Lawrence Trent,1
Leo Crevatin,1
Leonid Starozhilov,1
Luis David Jimenez Almeida,1
Lukas Meier,1
Martin Yatskar,1
Max Mottola,1
Nikithebest,1
Oleksandr Yurovskykh,1
Roman Ryabukhin,1
Roman Shogdzhiev,1
Samuel Jesus P Goncalves,1
Satria Duta Cahaya,1
Suyog Wagh,1
Terry Luo,1
Vasif Durarbayli,1
Vladimir Mikhailovsky,1
Wellington Albuquerque Jr.,1
Yahli Sokolovsky,1
Yelyzaveta Hrebenshchykova,1
Amgalantengis Enkh-Amgalan,1
Haik Martirosyan,4
Javier Benitez,4
Maciej Czopor,0
Mikhail Spizharny,0
Nikolaos Poupalos,0
Petros Trimitzios,0
Alexey Streltsov,2
Alfeu Junior Varela Bueno,2
Aliaksandra Tarasenka,2
Arturo Gonzalez Mojica,4
Carlos Martins,2
Christian Stevens,4
Damiano Locci,2
Denis Kozlov,4
Evgueniy Taranenko,2
GIRINATH PDS,3
Georgios Ketzetzis,2
Igor Dubrovich,2
Ismayil Shahaliyev,4
Ivan Aldokhin,2
Ivan Ivanisevic,2
Ivan Provotorov,4
Jesper Lauridsen,2
Jose A. Hernandez Izquierdo,2
Jose Fernando Cubas,2
Jose Rafael Gascon,3
Juan Pablo Hobaica,3
Julian Landaw,2
Jyrki Kiltti,2
Ladislav Langner,4
Mario Muskardin,3
Marisa Zuriel,2
Meilis Annaberdiev,3
Meri Grigoryan,3
Michael Song,2
Michal Mazurkiewicz,2
Mikhael Garakov,3
Mikhail Panarin,2
Milos Milosevic,2
Milos Perunovic,4
Mladen Gajic,2
Mukund Hemant Agarwal,2
Paulius Juknis,2
Polivanov Anatoliy,2
Ricardo Bedin Franca,0
Rodion Radzhabov,2
Sediney Mari da Silva junior,2
Sergey Vasenev,2
Shashikant Kutwal,2
Shyaamnikhil P,0
Srinath Rao,2
Steven Cooklev,3
Vadim Galchenko,2
Viktor Gazik,2
Vinuka Wijerathna,2
Vitaliy Garbuz,2
Xavier Mompel Ferruz,2
Yans Richard Girones Barrios,4
Yotam Shohat,2
anon102030,2
x-8127726737,3
Яков Гинзбург,4
Dmitry Rostovtsev,0
Mathis Sabatier,2
Mihai Ionescu,0
Rhys Arnold,0
Anton Osinenko,2
Aran Köhler,0
Asa Hoffmann,2
Bozidar Kisic,2
Christian Polster,3
David-Alexandru Botea,2
Elim Keneshbekov,3
George Vlassis,4
Gustavo Juarez Flores,3
Gyorgy Meszaros,2
HRVOJE FAJDETIĆ,2
Igor Da Paz Palácio,3
Ivana Maria Furtado,4
Jasper Holtel,2
Jesper Kjaergaard-Jensen,2
K Priyanka,2
Kira Izafatava,2
Konstantin Begunov,4
Manoj Mishra,2
Nick Raptis,2
Pavel Politov,2
Sergio Hernández Leon,2
Vishal Kobla,2
poneis_malditos,2
Aleksander Xhembulla,0
Andrey Marcelo Souza Neves,4
Andy Woodward,2
Antonio Arencibia Monduy,2
David Martinez,4
Dominik Marczuk,2
Elena Pershina,1
Flawian Krawczyk,0
Florian Daeschler,2
Gan-Od Sereenen,4
Giorgi Margvelashvili,0
Gustavo Horokoski De Souza,3
Igor Spiric,3
Jonas Prado Lobo,0
Kazybek Nogerbek,0
Luis Paulo Supi,2
Ryszard Eggink,0
SHARAN RAO,4
Samuel Malka,4
Teodor Anton,4
Yevgeny Khazan,0
Yu Yangyi,3
Александр Холин,3
Mark Biernacki,0
Paweł Kowalczyk,0
Vilmos Balint,2
Behzad Salimiyan,4
Cristian Robledo,2
Lukas Leisch,3
Mushini Ajay,2
Al-Saffar Araz Basim,3
Alexander Balkum,3
Andrew Hubbard,2
Dharim Bacus,3
Dias Issabayev,2
Elijah Logozar,2
Horacio Pereyra,2
Ian Ocampos,2
Kevin Chung,1
Khadidja Latreche,3
Larissa Y. Ichimura G. Barbosa,3
Lucas Coro,3
Maxim Vavulin,2
Nhat Minh To,2
Nuriddin Iunusov,2
Roberto De Abreu,2
Rupesh Jaiswal,3
SamuelGhimpu2003,3
Sebastian Mihajlov,2
Stöttner Lukas,3
Thomas Michalczak,3
Aram Hakobyan,0
Cristobal Henriquez,2
Florian Schwabeneder,4
Javokhir Sindarov,4
Sasikiran Krishnan,4
Yuliia Osmak,2
Argente,4
Ewa Barwinska,2
Ivan Sidletskyi,0
Khanim Ismayilova,2
Loïc Dasprés,0
Mark Kapitsyn,2
Vishnusankar Jonnalagadda,0
asghar golizadeh,2
Павел Егоров,0
Рустам Кайырбеков,3
Alejandro Castellanos Villela,2
Aleksandar Indjic,2
Alexandru Calin,2
Alexey Zhuravlev,2
Andre Leonardo Dauer,2
Anthony He,2
Enzo Ferrara,2
Kirill Alekseenko,1
Nikolay Kleimenov,2
Raven Sturt,2
Revnov,2
Richard Leyva Proenza,2
Rijad Burovic,2
Seit-Amet Karaev,2
Simon Williams,2
Любовь Гордык,2
Alberto Portela Peleteiro,0
Aleksandr Moiseenko,4
Arda Çamlar,0
Ernesto Real de  Azua,4
Evgeny Shtembuliak,4
Florian Kaczur,2
Guillermo Di Benedetto,4
Ismail Tarik Baltaci,2
Ivan Schitco,0
Miklós Galyas,4
Samid Eduardo Escalona Landi,4
Albert Muratet Casadevall,4
Robert Gabriel,1
Thomas Kahlert,4
Hampus Sorensen,0
Lev Yankelevich,2
Manea Alexandru,0
Sean Senft,4
ShimanovAlex,2
Ekaterini Pavlidou,2
Jaivardhan Raj,3
Maria Malicka,3
Olga Karavaeva,4
Wiktoria Śmietańska,3
Arjun Kalyan,2
Dan Herman,1
Ilija Stanojevic,2
Jurij Khalakhan,3
Marija Kuznecova,2
Mehrdad Sedaghati,3
Pablo Ollier,3
Bruno André Leite Martins,1
Jude Shearsby,2
Miraziz Matyakubov,0
Alexey Kovalchuk,4
Josep Lacasa Diaz,4
Marton Mihaly Szabo,4
Sanan Sjugirov,4
Vo Quoc Bao Tran,2
Dr. Anita Stangl,2
Dusan Radovanovic,3
Egor Koshulyan,2
Manuel Vidal del Río,2
Suren Poghosyan,0
x-3738459472,2
אהרן בגראטיוני,2
Dimitrios Vazelakis,2
Aleksandra Milovic,3
Alessia-Mihaela Ciolacu,3
Arnar Erwin Gunnarsson,3
Ayan Akhmetov,3
Carlos Alberto Gallegos Diaz,3
Chukwunonsonso Oragwu,3
Daniel Gormally,4
Dmitry Svetlov,3
Eddie U,3
Eilia Zomorrodian,4
Ian Mutuge,3
Jakub Roubalik,3
Jens Ove Fries Nielsen,3
Joran Aulin-Jansson,2
Josiah Stearman,3
Juan Sánchez Alarcón,3
Kim Yew Chan,3
Kyle Zhuang,4
Manfred Freitag,3
Mario Yber Lopez,3
Michal Tworuszka,3
Miguel Angel Mateos Rozas,3
Nan Hlyan,3
Nikita Filindash,3
Pedro Gil Ferreira Da Silva,3
Radosław Barski,3
Xiangyi Liu,3
x-4605984566,3
Antonio P Santos,4
David Cabezas,4
Leonardo Cahuapaza Tarapaca,4
Lukas Winterberg,4
Ray Robson,4
Sumer Ash Shaik,4
Suvrajit Saha,3
Anatoly Borodavkin,2
Dejan Brankovic,0
Isaac Okeke,0
Renzo Jhonathan Rengifo Blancas,2
Lucas Do Valle Cardoso,1
Martyna Starosta,1
Michalina Rudzińska,2
Yovann Gatineau,1
Zala Urh,3
Kavin Venkatesan,4
Raphael Lagunow,0
Tarini Goyal,4
Zhouqiao Zhao,4
Carlos Neira,4
Konstantin Kodinets,2
Ramiro Domínguez Gonzalez,2
Anastassia Sinitsina,4
Ben Bailey,3
Dinh Trung Nguyen,3
Egor Bykov,4
Fernando Fernández Estremera,4
Jonathan Blackburn,3
Konstantin Vshivkov,4
Martha Mateus,4
Nikolai Grebennikov,4
Ratko Novak,2
ZAHAR HILKEVICH,4
Илья Дерябин,4
Arturo Augusto Fernandez Hernandez,2
Candela Belén Francisco Guecamburu,2
Pablo Pena,0
Roshan Sethuraman,2
Tanmay Jain,2
Konstantin Peyrer,4
Torbjorn Ringdal Hansen,0
Caleb Wan,3
Dachey Lin,2
x-6698680654,2
Deniz Anakok,2
Ilya Khakhinov,2
Ismael Khadour,2
Ivan Sredojevic,2
Sehyun Kwon,3
SKLGgonkom,3
winniethepooh04,2
Bernard Anhwere,4
Mike Hehir,4
Vadim Biliy,4
Vladimir Shlyakhetsky,4
Jennifer Yu,3
John Duneas,3
Jorge Perez Rojas,3
Joy Romany,4
Konstantin Garagulya,3
Kaganskiy Gleb,2
Maria Belen Sarquis,3
Ryukchess81,3
Victor Bologan,3
Кляшторный Владислав,3
Diego Suarez Pousa,2
Emre Can,2
Saloni Sapale,2
Shailesh Dravid,2
Agustin Bonaveri,3
Alexandra Zherebtsova,3
Bilel Bellahcene,3
Daniel Salinas,3
David Blanco Diez,4
Leandro Jiménez,3
Luiz Felizola Lima Pontes,3
Maryana Huda,3
Neven Hercegovac,3
Sune Berg Hansen,3
Jarmo Hartikainen,2
Piero Mazzilli,1
Soren Bech Hansen,2
Tobias Kolb,4
Aleksander Czerwoński,4
Angela Dragomirescu,4
Daaevik Wadhawan,4
Guadalupe Montano Vicente,3
Javier Marchena,3
Jesus Alberto Alcazar Jimenez,4
Maria Fominykh,3
Nikolajs Katišonoks,3
Sergey Sergienko,3
Lela Javakhishvili,4
Vugar Manafov,0
Florian Atzl,3
Georg Von Buelow,3
Winston Joseph Silva,3
Assel Serikbay,4
Christian Troyke,4
Anna Laura Scarsi,2
Christof Sielecki,4
Danil Kuzuev,4
Konstantinos Markidis,2
Pavel Martynov,4
Miguel Angel Montes Orozco,3
Alexey Slavin,2
Anatole Vlachos,2
Dragan Popadic,2
Juan Pablo Lopez,4
Marcelo Jorquera,2
Marco Cattaneo,2
Masha Klinova,2
Praggnanandhaa Rameshbabu,4
Simona Limontaite,4
Марья Ефименко,3
Chakravarthi Reddy M,3
Pablo Glavina,3
Unknown_IM,2
Blaz Bratovic,2
Praveen Thipsay,2
Pragnya H G,0
Alekhine Nouri,2
Kiborg95,3
Thomas Rendle,2
Vladislav Rekhson,3
vinclat,2
Nad Titus Petre,4
Phileas Mathieu,0
Ruslan Murtazin,2
Sooraj M R,2
Gabriel Voiteanu,1
Danyyil Dvirnyy,4
Касимов Бауыржан,4
Apoorv Kamble,2
Akylbek2021,4
Annmarie Muetsch,2
Gabriele Franchini,0
Rauf Mamedov,4
Sergey Eliseev,2
Ulrich Zenker,2
Ishvi Aggarwal,3
Valery Sviridov,4
Levon Aronian,4
Tarasova Viktoriya,4
Vladimir Makhnev,2
Thomas Diem,3
Elza Khazieva,3
Jan Marn,2
Krish Bhandari,3
Stamatis Kourkoulos-Arditis,4
Alejandro Castellanos Gómez,1
Alejandro Domingo Nunez,1
Augustinas Bazilius,1
Cedric Chassard,1
Diana Mirza,1
Dinh Minh An,1
Huseyin Said Deveci,1
Jakub Kosakowski,1
Mykola Korchynskyi,1
Ryan Amburgy,1
Timur Yonal,1
Аrtеm Odеgоv,1
Cherry Ann Mejia,1
Sergey Fazulyanov,2
Han Schut,1
Vitaliy Kiselev,3
Alejandro González Vega,3
Camilo Corredor Castellanos,1
Кирилл Копёнкин,2
Andreas Skotheim,1
Anthony Atanasov,1
Daniel Motos Abellan,1
Daniil Manelyuk,1
Diogo Duarte Guimaraes,1
Eelke De Boer,1
Eric Yuhan Li,1
Evgeny Postny,1
Frode Elsness,1
Kaivalya Sandip Nagare,1
Kemal Bashirov,1
Lazaro Lorenzo De La Riva,1
Lenin Guerra Tulcan,1
Martin Holten Fiskaaen,1
Matei-Valeriu Mogirzan,1
Maxim Omariev,1
Oskar Wieczorek,1
Radosław Dzierżak,1
Sahib Singh,1
Srinath Narayanan,1
Theo Bressy,1
Todd Andrews,1
William Alfaro Caracas,1
Alan Pichot,1
Arian Baradaran Tamadon,1
Axel Bachmann,1
Carlos Daniel Albornoz Cabrera,1
Daniil Fedunov,1
Dawid Janaszak,1
Dina Belenkaya,1
Dmitry Minko,1
Dragomirescu Robin,1
Franco Manteiga,1
Gaioz Nigalidze,1
Ilja Sirosh,1
Julio Antonio Hernando Rodrigo,1
Lars Stark,1
Lev Zverev,1
Marat Denishev,1
Mikhail Yashmetov,1
Milos Stankovic,1
Miras Assylov,1
Rasmus Svane,1
Roberto Junio Brito Molina,1
Tanitoluwa Adewumi,1
Tyler Tanaka,1
Vladimir Dobrov,1
Vugar Rasulov,1
Wesley So,1
Yasin Emrah Yagiz,1
hungrycaterpillar4,1
Anton Karpenko,4
Grayson Rorrer,2
Valentin Mitev,4
Malte Colpe,3
Erdenepurev Boldoo,4
Rafał Tymrakiewicz,2
Farid Tamer,2
Raset Ziatdinov,2
Sofia Pogorelskikh,2
Robert-Ionut Creanga,4
Pikachess999,2
Sushrut Dahal,2
Franz Robert Grafil,4
Noah Fecker,1
Pavel Anisimov,0
Eduardo Muzzi,1
Nikita Shandrygin,1
Peter Williams,2
Sahebali Atanejhad,4
smshk35,1
Nicolás Abarca,2
Daniel Gutiérrez Olivares,1
Denis Pavlov,4
Dinushki Premanath,1
Robert Guevara,1
Aleksandr Shimanov,1
Bryan Enming Lin,1
Tejas Rama,1
Anuar Ismagambetov,2
Dusko Zmijanac,4
Kerem Tinmaz,1
Sayed Javad Alavi,1
Taylan Ruzgar,2
Heinz Georg,2
Jose Javier Gonzalez Castillo,2
Marco Cordeiro,2
Evgenij Shuvalov,1
Jan-Krzysztof Duda,1
Alexandr Baranciuc,1
Artai Bringas,1
Bryan Xie,1
Dávid Haszon De,1
Gabor Nagy,1
Giovanni B Tavares Da Silva,1
Jhon Juez,1
Matthias Bluebaum,1
NIKOLAOS AGGELIS,1
Oleg Papayan,1
Orest Vovk,1
William Yen,1
Володимир Михальський,1
Nebojsa Misailovic,4
Jakub Janeczko,2
Rokas Klabis,2
Luciano Justi Antunes,3
Davis Zong,2
Giovanni Marchesich,1
AradNazari,1
Ivan Kalajzic,1
Mahdi Gholami Orimi,1
Emin Ohanyan,1
Bojan Maksimović,1
